facility_id,facility_name,facility_type,district,mandal,village,latitude,longitude,department,source_layer,record_completeness_pct
TG-10-2,AH Boath,Area Hospital,Adilabad,Boath,Boath Buzurg,19.347226,78.316167,TVVP,Area Hospital,100.0
TG-10-1,AH Utnoor,Area Hospital,Adilabad,Utnur,Lakkaram,19.368639,78.785096,TVVP,Area Hospital,100.0
TG-13-3,Anukunta Muncipal Building BDK,Basti Dawakhana,Adilabad,Adilabad Rural,Anukunta,19.675878,78.563832,,Basti Dawakhana,100.0
TG-13-2,KRK Colony kastala Rama krishna colony,Basti Dawakhana,Adilabad,Mavala,Dasnapur,19.646923,78.535771,,Basti Dawakhana,100.0
TG-16-1,CHC Narnoor,Community Health Centre,Adilabad,Narnoor,Bheempur,19.503403,78.862545,TVVP,Community Health Centre,100.0
TG-17-247,"Primary Health Centre, Ankoli",Primary Health Centre,Adilabad,Adilabad Rural,Ankoli,19.610367,78.57194,,Primary Health Centre,100.0
TG-17-177,"Primary Health Centre, Bazarhathnoor",Primary Health Centre,Adilabad,Bazarhathnoor,Bazarhathnoor,19.459095,78.350322,,Primary Health Centre,100.0
TG-17-294,"Primary Health Centre, Bela",Primary Health Centre,Adilabad,Bela,Bela,19.718253,78.771438,,Primary Health Centre,100.0
TG-17-198,"Primary Health Centre, Bheempur T",Primary Health Centre,Adilabad,Bheempoor,Bheempoor,19.773134,78.422056,,Primary Health Centre,100.0
TG-17-309,"Primary Health Centre, Danthanpally",Primary Health Centre,Adilabad,Utnur,Danthanpalle,19.328642,78.81862,,Primary Health Centre,100.0
TG-17-331,"Primary Health Centre, Gadiguda",Primary Health Centre,Adilabad,Gadiguda,Gadiguda,19.611255,78.906369,,Primary Health Centre,100.0
TG-17-237,"Primary Health Centre, Gimma",Primary Health Centre,Adilabad,Bhoraj,Gimma Khurd,19.774424,78.542239,,Primary Health Centre,100.0
TG-17-224,"Primary Health Centre, Gudihathnoor",Primary Health Centre,Adilabad,Gudihathnur,Gudihathinur,19.528776,78.510463,,Primary Health Centre,100.0
TG-17-308,"Primary Health Centre, Hasnapur",Primary Health Centre,Adilabad,Utnur,Hasnapur,19.421587,78.816142,,Primary Health Centre,100.0
TG-17-209,"Primary Health Centre, Ichoda",Primary Health Centre,Adilabad,Ichoda,Ichoda,19.422302,78.453824,,Primary Health Centre,100.0
TG-17-266,"Primary Health Centre, Indervelly",Primary Health Centre,Adilabad,Inderavelly,Indervelly (B),19.493247,78.669635,,Primary Health Centre,100.0
TG-17-261,"Primary Health Centre, Jainath",Primary Health Centre,Adilabad,Jainad,Jainad,19.730803,78.642789,,Primary Health Centre,100.0
TG-17-317,"Primary Health Centre, Jhari",Primary Health Centre,Adilabad,Gadiguda,Jhari,19.582507,78.847294,,Primary Health Centre,100.0
TG-17-318,"Primary Health Centre, Narnoor",Primary Health Centre,Adilabad,Narnoor,Narnoor,19.500207,78.84835,,Primary Health Centre,100.0
TG-17-238,"Primary Health Centre, Narsapur",Primary Health Centre,Adilabad,Bhoraj,Gimma Khurd,19.780764,78.542838,,Primary Health Centre,100.0
TG-17-192,"Primary Health Centre, Neradigonda",Primary Health Centre,Adilabad,Neradigonda,Neradigonda2,19.301083,78.402553,,Primary Health Centre,100.0
TG-17-256,"Primary Health Centre, Pittabongaram",Primary Health Centre,Adilabad,Inderavelly,Dasnapur,19.453859,78.629057,,Primary Health Centre,100.0
TG-17-285,"Primary Health Centre, Shyampur",Primary Health Centre,Adilabad,Utnur,Shampur,19.426525,78.736462,,Primary Health Centre,100.0
TG-17-167,"Primary Health Centre, Sonala",Primary Health Centre,Adilabad,Sonala,Sonala,19.424376,78.317186,,Primary Health Centre,100.0
TG-17-235,"Primary Health Centre, Syedpur",Primary Health Centre,Adilabad,Adilabad Urban,Adilabad(u),19.669646,78.537059,,Primary Health Centre,100.0
TG-17-190,"Primary Health Centre, Talamadugu",Primary Health Centre,Adilabad,Talamadugu,Talamadugu,19.641908,78.395382,,Primary Health Centre,100.0
TG-17-200,"Primary Health Centre, Tamsi",Primary Health Centre,Adilabad,Tamsi,Tamsi(B),19.68186,78.425025,,Primary Health Centre,100.0
TG-18-117,"SubCentr, Indervelly",Sub Centre,Adilabad,Inderavelly,Indervelly (B),19.491372,78.686528,,Health Sub Centre,100.0
TG-18-2,"SubCentre, Andarband",Sub Centre,Adilabad,Bheempoor,Andarbandh,19.753779,78.378534,,Health Sub Centre,100.0
TG-18-3,"SubCentre, Andur",Sub Centre,Adilabad,Boath,Anduru,19.291793,78.298852,,Health Sub Centre,100.0
TG-18-4,"SubCentre, Ankoli",Sub Centre,Adilabad,Adilabad Rural,Ankoli,19.601385,78.560407,,Health Sub Centre,100.0
TG-18-5,"SubCentre, Arjuni",Sub Centre,Adilabad,Gadiguda,Arjuni,19.597165,78.818443,,Health Sub Centre,100.0
TG-18-7,"SubCentre, Bazarhathnoor",Sub Centre,Adilabad,Bazarhathnoor,Bazarhathnoor,19.458315,78.352221,,Health Sub Centre,100.0
TG-18-8,"SubCentre, Beersaipet",Sub Centre,Adilabad,Utnur,Birsaipet,19.288196,78.813487,,Health Sub Centre,100.0
TG-18-9,"SubCentre, Bela",Sub Centre,Adilabad,Bela,Bela,19.718918,78.771706,,Health Sub Centre,100.0
TG-18-10,"SubCentre, Bharampur",Sub Centre,Adilabad,Talamadugu,Bharampur,19.596958,78.411949,,Health Sub Centre,100.0
TG-18-11,"SubCentre, Bheempur",Sub Centre,Adilabad,Bheempoor,Bheempoor,19.774933,78.421901,,Health Sub Centre,100.0
TG-18-12,"SubCentre, Bheemsari",Sub Centre,Adilabad,Adilabad Urban,Adilabad(u),19.686874,78.535077,,Health Sub Centre,100.0
TG-18-13,"SubCentre, Bhutai",Sub Centre,Adilabad,Bazarhathnoor,Bhutai Buzurg,19.504551,78.333914,,Health Sub Centre,100.0
TG-18-14,"SubCentre, Boath",Sub Centre,Adilabad,Boath,Boath Buzurg,19.339921,78.321633,,Health Sub Centre,100.0
TG-18-15,"SubCentre, Boraj",Sub Centre,Adilabad,Bhoraj,Bhoraj,19.742402,78.54195,,Health Sub Centre,100.0
TG-18-16,"SubCentre, Borigam",Sub Centre,Adilabad,Sathnala,Boregaon,19.648816,78.753288,,Health Sub Centre,100.0
TG-18-105,"SubCentre, Buggaram",Sub Centre,Adilabad,Neradigonda,Forest,19.286269,78.443932,,Health Sub Centre,100.0
TG-18-17,"SubCentre, Chanda",Sub Centre,Adilabad,Adilabad Rural,Chanda-T,19.711292,78.548339,,Health Sub Centre,100.0
TG-18-18,"SubCentre, Chanduri",Sub Centre,Adilabad,Utnur,Chandur,19.451559,78.799825,,Health Sub Centre,100.0
TG-18-19,"SubCentre, Chaprala",Sub Centre,Adilabad,Bela,Chaprala,19.691049,78.818443,,Health Sub Centre,100.0
TG-18-20,"SubCentre, Chintalbori T",Sub Centre,Adilabad,Sonala,Chintalabori,19.411726,78.261559,,Health Sub Centre,100.0
TG-18-21,"SubCentre, Chisdhari Khanapur",Sub Centre,Adilabad,Adilabad Rural,Chichdhari,19.540375,78.707938,,Health Sub Centre,100.0
TG-18-22,"SubCentre, Dantanpally",Sub Centre,Adilabad,Utnur,Danthanpalle,19.325732,78.818686,,Health Sub Centre,100.0
TG-18-23,"SubCentre, Dasnapur",Sub Centre,Adilabad,Mavala,Dasnapur,19.656459,78.527751,,Health Sub Centre,100.0
TG-18-118,"SubCentre, Dasnapur",Sub Centre,Adilabad,Inderavelly,Dasnapur,19.453162,78.628693,,Health Sub Centre,100.0
TG-18-24,"SubCentre, Dehgaon",Sub Centre,Adilabad,Bela,Dehegaon,19.72999,78.784455,,Health Sub Centre,100.0
TG-18-25,"SubCentre, Devapur",Sub Centre,Adilabad,Talamadugu,Devapur,19.611806,78.460275,,Health Sub Centre,100.0
TG-18-26,"SubCentre, Dhaba K",Sub Centre,Adilabad,Gadiguda,Dhaba(Buzurg),19.577221,78.875064,,Health Sub Centre,100.0
TG-18-119,"SubCentre, Dhanora B",Sub Centre,Adilabad,Inderavelly,Dhannura (K),19.514665,78.616982,,Health Sub Centre,100.0
TG-18-120,"SubCentre, Eshwarnagar",Sub Centre,Adilabad,Inderavelly,Indervelly (B),19.47954,78.680649,,Health Sub Centre,100.0
TG-18-29,"SubCentre, Gadiguda",Sub Centre,Adilabad,Gadiguda,Paraswada (B),19.600741,78.923167,,Health Sub Centre,100.0
TG-18-30,"SubCentre, Gerjam",Sub Centre,Adilabad,Ichoda,Gerjam,19.411116,78.472353,,Health Sub Centre,100.0
TG-18-31,"SubCentre, Ghanpur",Sub Centre,Adilabad,Utnur,Ghanpur,19.349445,78.843927,,Health Sub Centre,100.0
TG-18-32,"SubCentre, Gimma",Sub Centre,Adilabad,Bhoraj,Gimma Khurd,19.777591,78.54195,,Health Sub Centre,100.0
TG-18-33,"SubCentre, Girgaon",Sub Centre,Adilabad,Tamsi,Girgaon,19.728842,78.355778,,Health Sub Centre,100.0
TG-18-34,"SubCentre, Girnoor",Sub Centre,Adilabad,Bazarhathnoor,Girnur,19.453246,78.398442,,Health Sub Centre,100.0
TG-18-35,"SubCentre, Gokonda",Sub Centre,Adilabad,Bazarhathnoor,Dhabadi,19.51527,78.363955,,Health Sub Centre,100.0
TG-18-36,"SubCentre, Gudihathnoor",Sub Centre,Adilabad,Gudihathnur,Gudihathinur,19.529267,78.512132,,Health Sub Centre,100.0
TG-18-112,"SubCentre, Gunjala",Sub Centre,Adilabad,Bheempoor,Gunjala,19.794675,78.42119,,Health Sub Centre,100.0
TG-18-106,"SubCentre, Gutpala",Sub Centre,Adilabad,Boath,Pochera,19.344351,78.376851,,Health Sub Centre,100.0
TG-18-37,"SubCentre, Hasnapur",Sub Centre,Adilabad,Utnur,Hasnapur,19.417392,78.810446,,Health Sub Centre,100.0
TG-18-121,"SubCentre, Heerapur",Sub Centre,Adilabad,Inderavelly,Heerapur,19.497749,78.660794,,Health Sub Centre,100.0
TG-18-38,"SubCentre, Ichoda East",Sub Centre,Adilabad,Ichoda,Ichoda,19.427579,78.452402,,Health Sub Centre,100.0
TG-18-39,"SubCentre, Ichoda West",Sub Centre,Adilabad,Ichoda,Ichoda,19.427603,78.455301,,Health Sub Centre,100.0
TG-18-40,"SubCentre, Jainad",Sub Centre,Adilabad,Jainad,Jainad,19.732735,78.642711,,Health Sub Centre,100.0
TG-18-41,"SubCentre, Jamini",Sub Centre,Adilabad,Sathnala,Jamini,19.656969,78.696597,,Health Sub Centre,100.0
TG-18-42,"SubCentre, Jatarla",Sub Centre,Adilabad,Bazarhathnoor,Jatarla,19.489469,78.324479,,Health Sub Centre,100.0
TG-18-43,"SubCentre, Jhari",Sub Centre,Adilabad,Talamadugu,Jhari,19.606873,78.372846,,Health Sub Centre,100.0
TG-18-44,"SubCentre, Kamai",Sub Centre,Adilabad,Bhoraj,Kamai,19.816735,78.560584,,Health Sub Centre,100.0
TG-18-45,"SubCentre, Kampa Mediguda",Sub Centre,Adilabad,Sathnala,Pardi Khurd,19.665821,78.651221,,Health Sub Centre,100.0
TG-18-46,"SubCentre, Kapparla",Sub Centre,Adilabad,Tamsi,Kapparla,19.725347,78.459564,,Health Sub Centre,100.0
TG-18-47,"SubCentre, Karanji",Sub Centre,Adilabad,Bheempoor,Karanji (T),19.855683,78.312383,,Health Sub Centre,100.0
TG-18-48,"SubCentre, Karatwada",Sub Centre,Adilabad,Boath,Karathwada,19.361873,78.298864,,Health Sub Centre,100.0
TG-18-49,"SubCentre, Keshavpatnam",Sub Centre,Adilabad,Ichoda,Ichoda,19.427579,78.452402,,Health Sub Centre,100.0
TG-18-122,"SubCentre, Keslapur",Sub Centre,Adilabad,Inderavelly,Keslaguda,19.505597,78.646589,,Health Sub Centre,100.0
TG-18-50,"SubCentre, Khandala",Sub Centre,Adilabad,Adilabad Rural,Khandala(U),19.573418,78.673912,,Health Sub Centre,100.0
TG-18-51,"SubCentre, Khuchulapur",Sub Centre,Adilabad,Boath,Kuchalapur,19.326792,78.333727,,Health Sub Centre,100.0
TG-18-52,"SubCentre, Kobbai",Sub Centre,Adilabad,Bela,Kobhai,19.727326,78.835433,,Health Sub Centre,100.0
TG-18-53,"SubCentre, Kodad",Sub Centre,Adilabad,Talamadugu,Khodad,19.673384,78.466314,,Health Sub Centre,100.0
TG-18-54,"SubCentre, Kokasmannur",Sub Centre,Adilabad,Ichoda,Kokasmannur,19.393875,78.436439,,Health Sub Centre,100.0
TG-18-55,"SubCentre, Kolhari",Sub Centre,Adilabad,Gudihathnur,Kolhari1,19.505406,78.526331,,Health Sub Centre,100.0
TG-18-123,"SubCentre, Kondapur",Sub Centre,Adilabad,Sirikonda,Kondapur,19.435761,78.585778,,Health Sub Centre,100.0
TG-18-57,"SubCentre, Kura",Sub Centre,Adilabad,Jainad,Kura,19.769744,78.671076,,Health Sub Centre,100.0
TG-18-58,"SubCentre, Lakkaram",Sub Centre,Adilabad,Utnur,Lakkaram,19.381407,78.797143,,Health Sub Centre,100.0
TG-18-59,"SubCentre, Laxmipur",Sub Centre,Adilabad,Jainad,Laxmipur (Uligan),19.693987,78.66753,,Health Sub Centre,100.0
TG-18-60,"SubCentre, Lokari",Sub Centre,Adilabad,Gadiguda,Lokari (K),19.572352,78.843927,,Health Sub Centre,100.0
TG-18-61,"SubCentre, Malepur",Sub Centre,Adilabad,Narnoor,Malangi,19.48477,78.945795,,Health Sub Centre,100.0
TG-18-62,"SubCentre, Mamidiguda",Sub Centre,Adilabad,Inderavelly,Mamidiguda,19.459194,78.652775,,Health Sub Centre,100.0
TG-18-63,"SubCentre, Mannur",Sub Centre,Adilabad,Gudihathnur,Mannur,19.48445,78.496504,,Health Sub Centre,100.0
TG-18-64,"SubCentre, Marlapally",Sub Centre,Adilabad,Boath,Marlapalle,19.322614,78.242118,,Health Sub Centre,100.0
TG-18-65,"SubCentre, Mavala",Sub Centre,Adilabad,Mavala,Mavala,19.635438,78.508578,,Health Sub Centre,100.0
TG-18-66,"SubCentre, Mediguda",Sub Centre,Adilabad,Inderavelly,Mamidiguda,19.459194,78.652639,,Health Sub Centre,100.0
TG-18-68,"SubCentre, Mutnoor",Sub Centre,Adilabad,Inderavelly,Muthnur1,19.513602,78.629794,,Health Sub Centre,100.0
TG-18-124,"SubCentre, Mutnoor",Sub Centre,Adilabad,Inderavelly,Muthnur1,19.513364,78.629937,,Health Sub Centre,100.0
TG-18-115,"SubCentre, Narnoor",Sub Centre,Adilabad,Narnoor,Narnoor,19.500941,78.851066,,Health Sub Centre,100.0
TG-18-107,"SubCentre, Neradigonda",Sub Centre,Adilabad,Neradigonda,Neradigonda2,19.299925,78.405551,,Health Sub Centre,100.0
TG-18-70,"SubCentre, Nipani",Sub Centre,Adilabad,Bheempoor,Nipani,19.748959,78.456367,,Health Sub Centre,100.0
TG-18-71,"SubCentre, Nirala",Sub Centre,Adilabad,Jainad,Nirala,19.733153,78.597665,,Health Sub Centre,100.0
TG-18-72,"SubCentre, Paraswada B",Sub Centre,Adilabad,Gadiguda,Paraswada (B),19.577267,78.923167,,Health Sub Centre,100.0
TG-18-74,"SubCentre, Pendalwada",Sub Centre,Adilabad,Bhoraj,Pendalwada,19.804826,78.594827,,Health Sub Centre,100.0
TG-18-75,"SubCentre, Perkaguda",Sub Centre,Adilabad,Utnur,Nagapur,19.402128,78.7548,,Health Sub Centre,100.0
TG-18-76,"SubCentre, Pippaldari",Sub Centre,Adilabad,Adilabad Rural,Pippaldhari,19.59544,78.651221,,Health Sub Centre,100.0
TG-18-77,"SubCentre, Pippalkoti",Sub Centre,Adilabad,Bheempoor,,19.823963,78.57886,,Health Sub Centre,100.0
TG-18-79,"SubCentre, Pochara",Sub Centre,Adilabad,Boath,Pochera,19.33439,78.360756,,Health Sub Centre,100.0
TG-18-80,"SubCentre, Pulimadugu",Sub Centre,Adilabad,Utnur,Pulimadugu,19.454067,78.706012,,Health Sub Centre,100.0
TG-18-81,"SubCentre, Ramai",Sub Centre,Adilabad,Sathnala,Ramai,19.655759,78.631362,,Health Sub Centre,100.0
TG-18-82,"SubCentre, Ramnagar",Sub Centre,Adilabad,Mavala,Dasnapur,19.653745,78.520027,,Health Sub Centre,100.0
TG-18-84,"SubCentre, Salewada B",Sub Centre,Adilabad,Utnur,Salewada Buzurg,19.432327,78.717363,,Health Sub Centre,100.0
TG-18-85,"SubCentre, Sangidi",Sub Centre,Adilabad,Bela,Sangdi,19.764729,78.730616,,Health Sub Centre,100.0
TG-18-86,"SubCentre, Sayeedpur",Sub Centre,Adilabad,Sathnala,Syedpur,19.632542,78.727781,,Health Sub Centre,100.0
TG-18-88,"SubCentre, Sevadasnagar",Sub Centre,Adilabad,Utnur,Utnur,19.370075,78.774539,,Health Sub Centre,100.0
TG-18-89,"SubCentre, Shantapur",Sub Centre,Adilabad,Gudihathnur,Gondharkapur,19.475267,78.536271,,Health Sub Centre,100.0
TG-18-90,"SubCentre, Shyampur",Sub Centre,Adilabad,Utnur,Shampur,19.424768,78.743005,,Health Sub Centre,100.0
TG-18-91,"SubCentre, Sirchalma",Sub Centre,Adilabad,Ichoda,Forest,19.311056,78.557568,,Health Sub Centre,100.0
TG-18-92,"SubCentre, Sirkonda",Sub Centre,Adilabad,Sirikonda,Sirikonda,19.437238,78.560407,,Health Sub Centre,100.0
TG-18-93,"SubCentre, Sirsanna",Sub Centre,Adilabad,Bela,Sirsanna,19.719465,78.710773,,Health Sub Centre,100.0
TG-18-94,"SubCentre, Sonala",Sub Centre,Adilabad,Sonala,Sonala,19.417934,78.316653,,Health Sub Centre,100.0
TG-18-116,"SubCentre, Tadihatnoor",Sub Centre,Adilabad,Narnoor,Tadihadapnur,19.452632,78.829007,,Health Sub Centre,100.0
TG-18-95,"SubCentre, Talamadri",Sub Centre,Adilabad,Ichoda,Talamadri,19.414016,78.51781,,Health Sub Centre,100.0
TG-18-96,"SubCentre, Talamadugu",Sub Centre,Adilabad,Talamadugu,Talamadugu,19.642647,78.393466,,Health Sub Centre,100.0
TG-18-97,"SubCentre, Tamsi",Sub Centre,Adilabad,Tamsi,Tamsi(B),19.687772,78.422611,,Health Sub Centre,100.0
TG-18-108,"SubCentre, Tarnam",Sub Centre,Adilabad,Neradigonda,Tarnam (Khurd),19.337436,78.442511,,Health Sub Centre,100.0
TG-18-109,"SubCentre, Tejapur",Sub Centre,Adilabad,Neradigonda,Tejapur,19.324412,78.387778,,Health Sub Centre,100.0
TG-18-98,"SubCentre, Tembi",Sub Centre,Adilabad,Bazarhathnoor,Tembi,19.500354,78.404167,,Health Sub Centre,100.0
TG-18-99,"SubCentre, Tosham",Sub Centre,Adilabad,Gudihathnur,Tosham,19.524489,78.561408,,Health Sub Centre,100.0
TG-18-100,"SubCentre, Umri T",Sub Centre,Adilabad,Talamadugu,Umrei,19.62423,78.324479,,Health Sub Centre,100.0
TG-18-101,"SubCentre, Utnoor",Sub Centre,Adilabad,Utnur,Utnur,19.371173,78.779225,,Health Sub Centre,100.0
TG-18-110,"SubCentre, Waddur",Sub Centre,Adilabad,Bheempoor,Wadoor,19.82796,78.403419,,Health Sub Centre,100.0
TG-18-102,"SubCentre, Waghapur",Sub Centre,Adilabad,Gudihathnur,Waghapur,19.568026,78.463117,,Health Sub Centre,100.0
TG-18-126,"SubCentre, Walgonda",Sub Centre,Adilabad,Inderavelly,Dasnapur,19.431188,78.627277,,Health Sub Centre,100.0
TG-18-111,"SubCentre, Wankidi",Sub Centre,Adilabad,Neradigonda,Ispur,19.206141,78.381378,,Health Sub Centre,100.0
TG-18-103,"SubCentre, Yapalguda",Sub Centre,Adilabad,Adilabad Rural,Yapalguda,19.651198,78.605824,,Health Sub Centre,100.0
TG-18-104,"SubCentre, Yenda",Sub Centre,Adilabad,Utnur,Yenda,19.447269,78.731074,,Health Sub Centre,100.0
TG-8-17,RIMS Hospital,Teaching Hospital,Adilabad,Mavala,Dasnapur,19.662546,78.527077,Director of Medical Education,Medical Colleges,100.0
TG-15-2,UPHC Chilkuri Laxmi Nagar,Urban Primary Health Centre,Adilabad,Adilabad Urban,Adilabad(u),19.691446,78.542591,,Urban Primary Health Centre,100.0
TG-15-247,UPHC Hamaliwada(UPHC),Urban Primary Health Centre,Adilabad,Adilabad Urban,Bhukthapur,19.681892,78.529256,,Urban Primary Health Centre,100.0
TG-15-1,UPHC Puthlibowli,Urban Primary Health Centre,Adilabad,Adilabad Urban,Bhukthapur,19.681892,78.529256,,Urban Primary Health Centre,100.0
TG-15-3,UPHC Shanthinagar,Urban Primary Health Centre,Adilabad,Adilabad Urban,Adilabad(u),19.663602,78.539268,,Urban Primary Health Centre,100.0
TG-15-4,Uphc Hamaliwada,Urban Primary Health Centre,Adilabad,Adilabad Urban,Bhukthapur,19.681892,78.529256,,Urban Primary Health Centre,100.0
TG-15-5,Uphc Kurshednagar,Urban Primary Health Centre,Adilabad,Adilabad Urban,Bhukthapur,19.67874,78.520478,,Urban Primary Health Centre,100.0
TG-10-3,AH Ashwaraopeta,Area Hospital,Bhadradri Kothagudem,Aswaraopeta,Aswaraopeta,17.242569,81.118224,TVVP,Area Hospital,100.0
TG-10-5,AH Bhadrachalam,Area Hospital,Bhadradri Kothagudem,Bhadrachalam,Bhadrachalam,17.649898,80.896317,TVVP,Area Hospital,100.0
TG-10-6,AH Manuguru,Area Hospital,Bhadradri Kothagudem,Manuguru,Mallaram,17.928923,80.823799,TVVP,Area Hospital,100.0
TG-10-4,AH Yellandu,Area Hospital,Bhadradri Kothagudem,Yellandu,Sudimalla,17.585791,80.329118,TVVP,Area Hospital,100.0
TG-13-7,"Hamali colony, R&R Colony Ellandu",Basti Dawakhana,Bhadradri Kothagudem,Yellandu,Sudimalla,17.572172,80.334649,,Basti Dawakhana,100.0
TG-13-5,"Karkavagu Municipal CH, Palvancha",Basti Dawakhana,Bhadradri Kothagudem,Palvancha,Palvancha,17.62522,80.680367,,Basti Dawakhana,100.0
TG-13-8,"Lal Bhadur Shastri Nagar , BDK Ellandu",Basti Dawakhana,Bhadradri Kothagudem,Yellandu,Sudimalla,17.593113,80.32287,,Basti Dawakhana,100.0
TG-13-4,Power house Basthi old Kothagudem ( Rajiv park) BC Colony CH,Basti Dawakhana,Bhadradri Kothagudem,Kothagudem,Kothagudem,17.546721,80.625451,,Basti Dawakhana,100.0
TG-13-6,Ramavaram Kothagudem BDK Arogya lakshmi Building,Basti Dawakhana,Bhadradri Kothagudem,Kothagudem,Ramavaram,17.520477,80.619492,,Basti Dawakhana,100.0
TG-16-3,CHC Bhurgumpadu,Community Health Centre,Bhadradri Kothagudem,Burgampadu,Burgampadu,17.64512,80.866456,TVVP,Community Health Centre,100.0
TG-16-4,CHC Charla,Community Health Centre,Bhadradri Kothagudem,Cherla,Mogallapalli (Z),18.070101,80.824012,TVVP,Community Health Centre,100.0
TG-16-2,CHC Palavoncha,Community Health Centre,Bhadradri Kothagudem,Palvancha,Palvancha,17.6005,80.704417,TVVP,Community Health Centre,100.0
TG-17-631,"Primary HEalth Centre, Manuguru",Primary Health Centre,Bhadradri Kothagudem,Manuguru,Forest,17.950582,80.818598,,Primary Health Centre,100.0
TG-17-606,"Primary Health Centre, Allapalli",Primary Health Centre,Bhadradri Kothagudem,Allapalli,Allapalli,17.828178,80.474867,,Primary Health Centre,100.0
TG-17-633,"Primary Health Centre, Aswapuram",Primary Health Centre,Bhadradri Kothagudem,Aswapuram,Aswapuram,17.828731,80.829744,,Primary Health Centre,100.0
TG-17-641,"Primary Health Centre, Aswaraopeta",Primary Health Centre,Bhadradri Kothagudem,Aswaraopeta,Asupaka,17.348981,81.119435,,Primary Health Centre,100.0
TG-17-619,"Primary Health Centre, Chandrugonda",Primary Health Centre,Bhadradri Kothagudem,Chandrugonda,Chandrugonda,17.382412,80.656947,,Primary Health Centre,100.0
TG-17-629,"Primary Health Centre, Charla",Primary Health Centre,Bhadradri Kothagudem,Cherla,Koyyuru (Z),18.091536,80.797345,,Primary Health Centre,100.0
TG-17-640,"Primary Health Centre, Dammapeta",Primary Health Centre,Bhadradri Kothagudem,Dammapeta,Mandalapalli,17.256533,81.011267,,Primary Health Centre,100.0
TG-17-637,"Primary Health Centre, Dummugudem",Primary Health Centre,Bhadradri Kothagudem,Dummugudem,Dummugudem,17.85465,80.900258,,Primary Health Centre,100.0
TG-17-626,"Primary Health Centre, Edira",Primary Health Centre,Bhadradri Kothagudem,Cherla,Subbampeta (G),18.111047,80.746558,,Primary Health Centre,100.0
TG-17-623,"Primary Health Centre, Erragunta",Primary Health Centre,Bhadradri Kothagudem,Annapureddipalle,Peddireddigudem,17.318642,80.692699,,Primary Health Centre,100.0
TG-17-642,"Primary Health Centre, Gummadavalli",Primary Health Centre,Bhadradri Kothagudem,Aswaraopeta,Bachuvarigudem,17.415145,81.177915,,Primary Health Centre,100.0
TG-17-597,"Primary Health Centre, Gundala",Primary Health Centre,Bhadradri Kothagudem,Gundala,Gundala,17.910172,80.321964,,Primary Health Centre,100.0
TG-17-627,"Primary Health Centre, Jaganadhapuram",Primary Health Centre,Bhadradri Kothagudem,Palvancha,Somulagudem,17.606045,80.747089,,Primary Health Centre,100.0
TG-17-622,"Primary Health Centre, Janampeta",Primary Health Centre,Bhadradri Kothagudem,Pinapaka,Janampeta,18.098962,80.688671,,Primary Health Centre,100.0
TG-17-611,"Primary Health Centre, Julurupadu",Primary Health Centre,Bhadradri Kothagudem,Julurupad,Gundepudi,17.409641,80.50616,,Primary Health Centre,100.0
TG-17-615,"Primary Health Centre, Karakagudem",Primary Health Centre,Bhadradri Kothagudem,Karakagudem,Karakagudem,18.040464,80.571815,,Primary Health Centre,100.0
TG-17-596,"Primary Health Centre, Komararam",Primary Health Centre,Bhadradri Kothagudem,Yellandu,Komararam,17.707612,80.317677,,Primary Health Centre,100.0
TG-17-632,"Primary Health Centre, Mangapeta",Primary Health Centre,Bhadradri Kothagudem,Mulakalapally,Mulakalapalle,17.504073,80.818899,,Primary Health Centre,100.0
TG-17-630,"Primary Health Centre, Morampallibanjara",Primary Health Centre,Bhadradri Kothagudem,Burgampadu,Morampalli Banjar,17.636105,80.808159,,Primary Health Centre,100.0
TG-17-635,"Primary Health Centre, Narsapuram",Primary Health Centre,Bhadradri Kothagudem,Dummugudem,Narsapuram,17.775839,80.882426,,Primary Health Centre,100.0
TG-17-638,"Primary Health Centre, Parnasala",Primary Health Centre,Bhadradri Kothagudem,Dummugudem,Chinabandirevu,17.916311,80.918365,,Primary Health Centre,100.0
TG-17-639,"Primary Health Centre, Patwarigudem",Primary Health Centre,Bhadradri Kothagudem,Dammapeta,Patwarigudem,17.350915,80.963159,,Primary Health Centre,100.0
TG-17-621,"Primary Health Centre, Penagadapa",Primary Health Centre,Bhadradri Kothagudem,Chunchupally,Penugadapa,17.465174,80.670259,,Primary Health Centre,100.0
TG-17-624,"Primary Health Centre, Pinapaka",Primary Health Centre,Bhadradri Kothagudem,Pinapaka,Pinapaka,18.025215,80.693003,,Primary Health Centre,100.0
TG-17-618,"Primary Health Centre, Regalla",Primary Health Centre,Bhadradri Kothagudem,Laxmidevipally,Regalla,17.614562,80.635987,,Primary Health Centre,100.0
TG-17-594,"Primary Health Centre, Rompedu",Primary Health Centre,Bhadradri Kothagudem,Yellandu,Rompedu,17.63805,80.298462,,Primary Health Centre,100.0
TG-17-634,"Primary Health Centre, Satyanarayanapuram",Primary Health Centre,Bhadradri Kothagudem,Cherla,R.kothagudem(G),18.01157,80.86588,,Primary Health Centre,100.0
TG-17-614,"Primary Health Centre, Sujatha Nagar",Primary Health Centre,Bhadradri Kothagudem,Sujathanagar,Sujathanagar,17.48406,80.56811,,Primary Health Centre,100.0
TG-17-610,"Primary Health Centre, Sulahanagar",Primary Health Centre,Bhadradri Kothagudem,Tekulapalle,Pegallapadu,17.559856,80.500522,,Primary Health Centre,100.0
TG-17-620,"Primary Health Centre, Ulavanoor",Primary Health Centre,Bhadradri Kothagudem,Palvancha,Ulvanoor,17.789821,80.662343,,Primary Health Centre,100.0
TG-18-355,"SubCentre, 21 Pit",Sub Centre,Bhadradri Kothagudem,Yellandu,Yellandu,17.612782,80.308079,,Health Sub Centre,100.0
TG-18-356,"SubCentre, 21 Pit II",Sub Centre,Bhadradri Kothagudem,Yellandu,Yellandu,17.612782,80.308079,,Health Sub Centre,100.0
TG-18-127,"SubCentre, 7 incline",Sub Centre,Bhadradri Kothagudem,Chunchupally,Penugadapa,17.479912,80.671105,,Health Sub Centre,100.0
TG-18-128,"SubCentre, Abbugudem",Sub Centre,Bhadradri Kothagudem,Annapureddipalle,Abbugudem,17.375449,80.715898,,Health Sub Centre,100.0
TG-18-129,"SubCentre, Allapalli",Sub Centre,Bhadradri Kothagudem,Allapalli,Allapalli,17.829915,80.479927,,Health Sub Centre,100.0
TG-18-314,"SubCentre, Alluri Seetharamaraju Colony",Sub Centre,Bhadradri Kothagudem,Bhadrachalam,Bhadrachalam,17.677145,80.894587,,Health Sub Centre,100.0
TG-18-131,"SubCentre, Anandkhani",Sub Centre,Bhadradri Kothagudem,Chunchupally,Garimallapadu,17.50578,80.646064,,Health Sub Centre,100.0
TG-18-136,"SubCentre, Anjanapuram",Sub Centre,Bhadradri Kothagudem,Burgampadu,Morampalli Banjar,17.628644,80.792685,,Health Sub Centre,100.0
TG-18-137,"SubCentre, Ankampalem",Sub Centre,Bhadradri Kothagudem,Dammapeta,Ankampalem,17.386518,80.961106,,Health Sub Centre,100.0
TG-18-138,"SubCentre, Annapureddipalli",Sub Centre,Bhadradri Kothagudem,Annapureddipalle,Annapureddipalle,17.367041,80.785294,,Health Sub Centre,100.0
TG-18-139,"SubCentre, Annarupadu",Sub Centre,Bhadradri Kothagudem,Julurupad,Papakollu,17.429295,80.487382,,Health Sub Centre,100.0
TG-18-322,"SubCentre, Arlagudem",Sub Centre,Bhadradri Kothagudem,Dummugudem,Forest,17.818201,80.973292,,Health Sub Centre,100.0
TG-18-140,"SubCentre, Arlapenta",Sub Centre,Bhadradri Kothagudem,Dammapeta,,18.021212,81.078377,,Health Sub Centre,100.0
TG-18-141,"SubCentre, Ashoknagar",Sub Centre,Bhadradri Kothagudem,Manuguru,Samathsingaram,17.928045,80.812864,,Health Sub Centre,100.0
TG-18-143,"SubCentre, Ashwaraopeta",Sub Centre,Bhadradri Kothagudem,Aswaraopeta,Aswaraopeta,17.244484,81.131311,,Health Sub Centre,100.0
TG-18-330,"SubCentre, Aswapuram-I",Sub Centre,Bhadradri Kothagudem,Aswapuram,Amerdha,17.83828,80.837779,,Health Sub Centre,100.0
TG-18-331,"SubCentre, Aswapuram-II",Sub Centre,Bhadradri Kothagudem,Aswapuram,Amerdha,17.83828,80.837779,,Health Sub Centre,100.0
TG-18-332,"SubCentre, Aswapuram-III",Sub Centre,Bhadradri Kothagudem,Aswapuram,Amerdha,17.83828,80.837779,,Health Sub Centre,100.0
TG-18-144,"SubCentre, Aswaraopeta-I",Sub Centre,Bhadradri Kothagudem,Aswaraopeta,Aswaraopeta,17.244484,81.131311,,Health Sub Centre,100.0
TG-18-145,"SubCentre, Aswaraopeta-II",Sub Centre,Bhadradri Kothagudem,Aswaraopeta,Aswaraopeta,17.244484,81.131311,,Health Sub Centre,100.0
TG-18-146,"SubCentre, Aswaraopeta-III",Sub Centre,Bhadradri Kothagudem,Aswaraopeta,Aswaraopeta,17.244484,81.131311,,Health Sub Centre,100.0
TG-18-147,"SubCentre, Ayyannapalem",Sub Centre,Bhadradri Kothagudem,Chandrugonda,Chandrugonda,17.390009,80.641703,,Health Sub Centre,100.0
TG-18-148,"SubCentre, Babu Camp",Sub Centre,Bhadradri Kothagudem,Chunchupally,Chunchupalle (U),17.535818,80.617428,,Health Sub Centre,100.0
TG-18-149,"SubCentre, Bandarigudem",Sub Centre,Bhadradri Kothagudem,Manuguru,Mallaram,17.931207,80.82662,,Health Sub Centre,100.0
TG-18-150,"SubCentre, Bangaruchelaka",Sub Centre,Bhadradri Kothagudem,Laxmidevipally,Bangaru Chelaka,17.786776,80.620294,,Health Sub Centre,100.0
TG-18-152,"SubCentre, Bapanikunta",Sub Centre,Bhadradri Kothagudem,Manuguru,Manuguru (PT),17.959182,80.819785,,Health Sub Centre,100.0
TG-18-153,"SubCentre, Battupalli",Sub Centre,Bhadradri Kothagudem,Karakagudem,Samathbhattupalli,17.997428,80.595918,,Health Sub Centre,100.0
TG-18-154,"SubCentre, Betalapadu",Sub Centre,Bhadradri Kothagudem,Julurupad,Papakollu,17.453124,80.462094,,Health Sub Centre,100.0
TG-18-155,"SubCentre, Bethampudi",Sub Centre,Bhadradri Kothagudem,Tekulapalle,Bethampudi,17.58637,80.514421,,Health Sub Centre,100.0
TG-18-315,"SubCentre, Bhupathirao Colony",Sub Centre,Bhadradri Kothagudem,Bhadrachalam,Bhadrachalam,17.668614,80.89381,,Health Sub Centre,100.0
TG-18-157,"SubCentre, Bodu",Sub Centre,Bhadradri Kothagudem,Tekulapalle,Bodu,17.677193,80.442387,,Health Sub Centre,100.0
TG-18-158,"SubCentre, Boduthanda",Sub Centre,Bhadradri Kothagudem,Tekulapalle,Bodu,17.677193,80.442387,,Health Sub Centre,100.0
TG-18-342,"SubCentre, Bollorigudem",Sub Centre,Bhadradri Kothagudem,Palvancha,Palvancha,17.600835,80.703029,,Health Sub Centre,100.0
TG-18-358,"SubCentre, Bombaithanda",Sub Centre,Bhadradri Kothagudem,Yellandu,Komararam,17.711025,80.318753,,Health Sub Centre,100.0
TG-18-159,"SubCentre, Bommanapalli",Sub Centre,Bhadradri Kothagudem,Tekulapalle,Gollapally,17.572201,80.573008,,Health Sub Centre,100.0
TG-18-161,"SubCentre, Burgampadu-I",Sub Centre,Bhadradri Kothagudem,Burgampadu,Burgampadu,17.64056,80.873558,,Health Sub Centre,100.0
TG-18-162,"SubCentre, Burgampadu-II",Sub Centre,Bhadradri Kothagudem,Burgampadu,Burgampadu,17.64056,80.873558,,Health Sub Centre,100.0
TG-18-163,"SubCentre, Chandrugonda",Sub Centre,Bhadradri Kothagudem,Chandrugonda,Pokalagudem,17.392415,80.573301,,Health Sub Centre,100.0
TG-18-164,"SubCentre, Chaparalapalli",Sub Centre,Bhadradri Kothagudem,Mulakalapally,Chaparalapally,17.423849,80.765088,,Health Sub Centre,100.0
TG-18-165,"SubCentre, Chatha konda -II",Sub Centre,Bhadradri Kothagudem,Laxmidevipally,Chatakonda (R),17.557799,80.639629,,Health Sub Centre,100.0
TG-18-166,"SubCentre, Chathakonda-I",Sub Centre,Bhadradri Kothagudem,Laxmidevipally,Chatakonda (R),17.557799,80.639629,,Health Sub Centre,100.0
TG-18-167,"SubCentre, Cherla",Sub Centre,Bhadradri Kothagudem,Cherla,Cherla (Z),18.072505,80.826706,,Health Sub Centre,100.0
TG-18-323,"SubCentre, Chinnanallapalli",Sub Centre,Bhadradri Kothagudem,Dummugudem,Manguvai,17.862316,80.912478,,Health Sub Centre,100.0
TG-18-333,"SubCentre, Chintriyala",Sub Centre,Bhadradri Kothagudem,Aswapuram,Chinthiryala,17.803604,80.84885,,Health Sub Centre,100.0
TG-18-169,"SubCentre, Chunchupalli",Sub Centre,Bhadradri Kothagudem,Chunchupally,Chunchupalle (U),17.523542,80.606217,,Health Sub Centre,100.0
TG-18-170,"SubCentre, Dammapeta-I",Sub Centre,Bhadradri Kothagudem,Dammapeta,Dammapeta,17.267425,81.009986,,Health Sub Centre,100.0
TG-18-172,"SubCentre, Dammapeta-II",Sub Centre,Bhadradri Kothagudem,Dammapeta,Dammapeta,17.267425,81.009986,,Health Sub Centre,100.0
TG-18-173,"SubCentre, Danavaipeta",Sub Centre,Bhadradri Kothagudem,Cherla,R.kothagudem(G),18.008733,80.878032,,Health Sub Centre,100.0
TG-18-174,"SubCentre, Dhanbad-I",Sub Centre,Bhadradri Kothagudem,Chunchupally,Penugadapa,17.493828,80.64939,,Health Sub Centre,100.0
TG-18-175,"SubCentre, Dhanbad-II",Sub Centre,Bhadradri Kothagudem,Sujathanagar,Gareebpeta,17.493828,80.648124,,Health Sub Centre,100.0
TG-18-176,"SubCentre, Dosallapalli",Sub Centre,Bhadradri Kothagudem,Cherla,Forest,18.10651,80.862686,,Health Sub Centre,100.0
TG-18-177,"SubCentre, Dugenepalli",Sub Centre,Bhadradri Kothagudem,Pinapaka,Duginepalli,18.134837,80.643097,,Health Sub Centre,100.0
TG-18-324,"SubCentre, Dummugudem",Sub Centre,Bhadradri Kothagudem,Dummugudem,Dummugudem,17.850819,80.886203,,Health Sub Centre,100.0
TG-18-181,"SubCentre, Ganeshpadu",Sub Centre,Bhadradri Kothagudem,Dammapeta,Ganeshpadu,17.23476,80.906882,,Health Sub Centre,100.0
TG-18-182,"SubCentre, Gangaram",Sub Centre,Bhadradri Kothagudem,Tekulapalle,Forest,17.666531,80.554956,,Health Sub Centre,100.0
TG-18-183,"SubCentre, Ganngapedu",Sub Centre,Bhadradri Kothagudem,Chandrugonda,Raikampadu,17.393137,80.593833,,Health Sub Centre,100.0
TG-18-184,"SubCentre, Garibpeta",Sub Centre,Bhadradri Kothagudem,Sujathanagar,Gareebpeta,17.473935,80.630507,,Health Sub Centre,100.0
TG-18-185,"SubCentre, Gattugudem",Sub Centre,Bhadradri Kothagudem,Dummugudem,,17.751711,80.929198,,Health Sub Centre,100.0
TG-18-186,"SubCentre, Gompalli",Sub Centre,Bhadradri Kothagudem,Cherla,Cherla (Z),18.056457,80.801761,,Health Sub Centre,100.0
TG-18-334,"SubCentre, Gondigudem",Sub Centre,Bhadradri Kothagudem,Aswapuram,Gondigudem,17.811682,80.771321,,Health Sub Centre,100.0
TG-18-325,"SubCentre, Gouraram",Sub Centre,Bhadradri Kothagudem,Dummugudem,Gowraram,17.916554,80.951772,,Health Sub Centre,100.0
TG-18-187,"SubCentre, Goutampur",Sub Centre,Bhadradri Kothagudem,Sujathanagar,Gareebpeta,17.486052,80.641236,,Health Sub Centre,100.0
TG-18-188,"SubCentre, Gummadavalli",Sub Centre,Bhadradri Kothagudem,Aswaraopeta,Gummadivalli,17.41852,81.147184,,Health Sub Centre,100.0
TG-18-189,"SubCentre, Gumpena",Sub Centre,Bhadradri Kothagudem,Annapureddipalle,Gumpena,17.329287,80.699547,,Health Sub Centre,100.0
TG-18-190,"SubCentre, Gundala",Sub Centre,Bhadradri Kothagudem,Gundala,Gundala,17.911676,80.325489,,Health Sub Centre,100.0
TG-18-191,"SubCentre, Gundepudi",Sub Centre,Bhadradri Kothagudem,Julurupad,Gundepudi,17.393275,80.519099,,Health Sub Centre,100.0
TG-18-359,"SubCentre, Hanumanthulapadu",Sub Centre,Bhadradri Kothagudem,Yellandu,Sudimalla,17.58956,80.330755,,Health Sub Centre,100.0
TG-18-193,"SubCentre, Hemachandra Puram",Sub Centre,Bhadradri Kothagudem,Laxmidevipally,Karukonda,17.559878,80.596755,,Health Sub Centre,100.0
TG-18-360,"SubCentre, Indiranagar",Sub Centre,Bhadradri Kothagudem,Yellandu,Sudimalla,17.588365,80.327427,,Health Sub Centre,100.0
TG-18-343,"SubCentre, Indiranagar Colony",Sub Centre,Bhadradri Kothagudem,Palvancha,Palvancha,17.599905,80.728893,,Health Sub Centre,100.0
TG-18-194,"SubCentre, Iravendi",Sub Centre,Bhadradri Kothagudem,Burgampadu,Iravendi,17.73789,80.870295,,Health Sub Centre,100.0
TG-18-316,"SubCentre, Jagadeesh Colony",Sub Centre,Bhadradri Kothagudem,Bhadrachalam,Bhadrachalam,17.671952,80.897505,,Health Sub Centre,100.0
TG-18-195,"SubCentre, Jagannadhapuram",Sub Centre,Bhadradri Kothagudem,Mulakalapally,Gopalaraopeta (D),17.432791,80.864568,,Health Sub Centre,100.0
TG-18-344,"SubCentre, Jagannadhapuram",Sub Centre,Bhadradri Kothagudem,Palvancha,Nagaram,17.607105,80.753313,,Health Sub Centre,100.0
TG-18-196,"SubCentre, Jaggaram",Sub Centre,Bhadradri Kothagudem,Dammapeta,Jaggaram,17.361209,80.915243,,Health Sub Centre,100.0
TG-18-197,"SubCentre, Janampeta",Sub Centre,Bhadradri Kothagudem,Pinapaka,Janampeta,18.093804,80.689558,,Health Sub Centre,100.0
TG-18-198,"SubCentre, Julurpadu",Sub Centre,Bhadradri Kothagudem,Julurupad,Julurupad,17.407106,80.50286,,Health Sub Centre,100.0
TG-18-200,"SubCentre, K.Gangaram",Sub Centre,Bhadradri Kothagudem,Mulakalapally,Mukamamidi,17.468081,80.887742,,Health Sub Centre,100.0
TG-18-201,"SubCentre, K.K.Ramavaram",Sub Centre,Bhadradri Kothagudem,Kothagudem,Ramavaram,17.52226,80.631304,,Health Sub Centre,100.0
TG-18-203,"SubCentre, Kakarla",Sub Centre,Bhadradri Kothagudem,Julurupad,Kakarla,17.424889,80.548711,,Health Sub Centre,100.0
TG-18-318,"SubCentre, Kambalapadu",Sub Centre,Bhadradri Kothagudem,Bhadrachalam,Bhadrachalam,17.66177,80.889866,,Health Sub Centre,100.0
TG-18-206,"SubCentre, Karakagudem",Sub Centre,Bhadradri Kothagudem,Karakagudem,Chirumalla,18.038345,80.604937,,Health Sub Centre,100.0
TG-18-207,"SubCentre, Kavadikondla",Sub Centre,Bhadradri Kothagudem,Aswaraopeta,Kavadigundla,17.377462,81.279412,,Health Sub Centre,100.0
TG-18-345,"SubCentre, Kinnerasani",Sub Centre,Bhadradri Kothagudem,Palvancha,Yanambilu,17.678589,80.664744,,Health Sub Centre,100.0
TG-18-361,"SubCentre, Komararam",Sub Centre,Bhadradri Kothagudem,Yellandu,Komararam,17.711025,80.318753,,Health Sub Centre,100.0
TG-18-210,"SubCentre, Koppurai",Sub Centre,Bhadradri Kothagudem,Tekulapalle,Forest,17.734699,80.510503,,Health Sub Centre,100.0
TG-18-212,"SubCentre, Koyyuru",Sub Centre,Bhadradri Kothagudem,Cherla,Koyyuru (Z),18.090867,80.798366,,Health Sub Centre,100.0
TG-18-213,"SubCentre, Krishnasagar",Sub Centre,Bhadradri Kothagudem,Burgampadu,Krishna Sagar,17.711391,80.8052,,Health Sub Centre,100.0
TG-18-336,"SubCentre, Kummarigudem",Sub Centre,Bhadradri Kothagudem,Aswapuram,Pamulapalli,17.898514,80.870987,,Health Sub Centre,100.0
TG-18-214,"SubCentre, Kunavaram",Sub Centre,Bhadradri Kothagudem,Aswaraopeta,,17.574973,81.253948,,Health Sub Centre,100.0
TG-18-215,"SubCentre, Kurnapalli",Sub Centre,Bhadradri Kothagudem,Cherla,Kurnapalli (G),18.051707,80.945655,,Health Sub Centre,100.0
TG-18-319,"SubCentre, Lachigudem",Sub Centre,Bhadradri Kothagudem,Dummugudem,Maraigudem,17.779339,81.028538,,Health Sub Centre,100.0
TG-18-326,"SubCentre, M Kasinagaram",Sub Centre,Bhadradri Kothagudem,Dummugudem,Pragallapalli,17.875551,80.892978,,Health Sub Centre,100.0
TG-18-219,"SubCentre, Maddukur",Sub Centre,Bhadradri Kothagudem,Annapureddipalle,Gumpena,17.313807,80.64934,,Health Sub Centre,100.0
TG-18-221,"SubCentre, Malkaram",Sub Centre,Bhadradri Kothagudem,Dammapeta,Malkaram,17.296912,81.047864,,Health Sub Centre,100.0
TG-18-223,"SubCentre, Mamidigudem",Sub Centre,Bhadradri Kothagudem,Cherla,Forest,17.961826,80.906947,,Health Sub Centre,100.0
TG-18-224,"SubCentre, Mamillavarigudem",Sub Centre,Bhadradri Kothagudem,Aswaraopeta,Aswaraopeta,17.242957,81.1203,,Health Sub Centre,100.0
TG-18-180,"SubCentre, Mandalapalli",Sub Centre,Bhadradri Kothagudem,Dammapeta,Dammapeta,17.265688,81.013322,,Health Sub Centre,100.0
TG-18-225,"SubCentre, Mandalapalli",Sub Centre,Bhadradri Kothagudem,Dammapeta,Mandalapalli,17.250499,81.009965,,Health Sub Centre,100.0
TG-18-142,"SubCentre, Mangapeta",Sub Centre,Bhadradri Kothagudem,Mulakalapally,Mulakalapalle,17.50043,80.831605,,Health Sub Centre,100.0
TG-18-327,"SubCentre, Manguvaibaduva",Sub Centre,Bhadradri Kothagudem,Dummugudem,Anjubaka,17.851354,80.929068,,Health Sub Centre,100.0
TG-18-226,"SubCentre, Manuguru",Sub Centre,Bhadradri Kothagudem,Manuguru,Mallaram,17.931207,80.82662,,Health Sub Centre,100.0
TG-18-320,"SubCentre, Maraigudem",Sub Centre,Bhadradri Kothagudem,Dummugudem,Lachigudem,17.787813,81.000266,,Health Sub Centre,100.0
TG-18-227,"SubCentre, Markodu",Sub Centre,Bhadradri Kothagudem,Tekulapalle,Koppurai,17.704677,80.538803,,Health Sub Centre,100.0
TG-18-337,"SubCentre, Mittagudem",Sub Centre,Bhadradri Kothagudem,Aswapuram,Ammagaripalli,17.889443,80.82999,,Health Sub Centre,100.0
TG-18-228,"SubCentre, Moddulagudem",Sub Centre,Bhadradri Kothagudem,Dammapeta,Moddulagudem,17.258367,80.942245,,Health Sub Centre,100.0
TG-18-338,"SubCentre, Mondikunta",Sub Centre,Bhadradri Kothagudem,Aswapuram,Nellipaka,17.758965,80.835011,,Health Sub Centre,100.0
TG-18-229,"SubCentre, Mondivaram",Sub Centre,Bhadradri Kothagudem,Dammapeta,Nagupalli,17.307008,80.920894,,Health Sub Centre,100.0
TG-18-230,"SubCentre, Morampallibanjara",Sub Centre,Bhadradri Kothagudem,Burgampadu,Morampalli Banjar,17.649175,80.815387,,Health Sub Centre,100.0
TG-18-231,"SubCentre, Mothe",Sub Centre,Bhadradri Kothagudem,Allapalli,Forest,18.003502,80.552178,,Health Sub Centre,100.0
TG-18-232,"SubCentre, Mukamamidi",Sub Centre,Bhadradri Kothagudem,Mulakalapally,Mukamamidi,17.489075,80.893118,,Health Sub Centre,100.0
TG-18-171,"SubCentre, Mulakalapalli",Sub Centre,Bhadradri Kothagudem,Mulakalapally,Mulakalapalle,17.506903,80.835011,,Health Sub Centre,100.0
TG-18-328,"SubCentre, Mulakapadu",Sub Centre,Bhadradri Kothagudem,Dummugudem,Dummugudem,17.849001,80.899705,,Health Sub Centre,100.0
TG-18-234,"SubCentre, Mustibanda",Sub Centre,Bhadradri Kothagudem,Dammapeta,Mustibanda,17.244433,80.973659,,Health Sub Centre,100.0
TG-18-235,"SubCentre, Muthapuram",Sub Centre,Bhadradri Kothagudem,Gundala,Muthapuram,17.916808,80.399265,,Health Sub Centre,100.0
TG-18-236,"SubCentre, Muthyalampadu",Sub Centre,Bhadradri Kothagudem,Tekulapalle,Pegallapadu,17.561249,80.501536,,Health Sub Centre,100.0
TG-18-237,"SubCentre, Muthyalampeta",Sub Centre,Bhadradri Kothagudem,Burgampadu,Krishna Sagar,17.718571,80.793977,,Health Sub Centre,100.0
TG-18-247,"SubCentre, NN Prolu",Sub Centre,Bhadradri Kothagudem,Burgampadu,Nagineniprolu,17.694154,80.828176,,Health Sub Centre,100.0
TG-18-239,"SubCentre, Nacharam",Sub Centre,Bhadradri Kothagudem,Dammapeta,Nacharam,17.234678,80.877528,,Health Sub Centre,100.0
TG-18-240,"SubCentre, Nadikudi",Sub Centre,Bhadradri Kothagudem,Dummugudem,Nadikudi,17.809253,80.906947,,Health Sub Centre,100.0
TG-18-346,"SubCentre, Nagaram",Sub Centre,Bhadradri Kothagudem,Palvancha,Rangapuram,17.611825,80.760239,,Health Sub Centre,100.0
TG-18-241,"SubCentre, Nagupalli",Sub Centre,Bhadradri Kothagudem,Dammapeta,Nagupalli,17.283826,80.887586,,Health Sub Centre,100.0
TG-18-242,"SubCentre, Nandipadu",Sub Centre,Bhadradri Kothagudem,Aswaraopeta,Nandipadu,17.452703,81.125124,,Health Sub Centre,100.0
TG-18-243,"SubCentre, Naramvarigudem",Sub Centre,Bhadradri Kothagudem,Aswaraopeta,Naramvarigudem,17.261145,81.083054,,Health Sub Centre,100.0
TG-18-245,"SubCentre, Narsapuram",Sub Centre,Bhadradri Kothagudem,Annapureddipalle,Vootupalli,17.329131,80.726985,,Health Sub Centre,100.0
TG-18-339,"SubCentre, Nellipaka Banjar",Sub Centre,Bhadradri Kothagudem,Aswapuram,Nellipaka,17.780141,80.84885,,Health Sub Centre,100.0
TG-18-347,"SubCentre, New Palvancha",Sub Centre,Bhadradri Kothagudem,Palvancha,Palvancha,17.609217,80.704808,,Health Sub Centre,100.0
TG-18-366,"SubCentre, Oddugudem",Sub Centre,Bhadradri Kothagudem,Annapureddipalle,Annadevam,17.402101,80.774735,,Health Sub Centre,100.0
TG-18-249,"SubCentre, P Narsapuram",Sub Centre,Bhadradri Kothagudem,Julurupad,Padamati Narsapuraam,17.424807,80.517554,,Health Sub Centre,100.0
TG-18-250,"SubCentre, Pagadalapalli",Sub Centre,Bhadradri Kothagudem,Mulakalapally,Pogallapally,17.546146,80.875829,,Health Sub Centre,100.0
TG-18-251,"SubCentre, Pagideru",Sub Centre,Bhadradri Kothagudem,Manuguru,Ramanujavaram,17.96253,80.738719,,Health Sub Centre,100.0
TG-18-253,"SubCentre, Papakollu",Sub Centre,Bhadradri Kothagudem,Julurupad,Papakollu,17.41805,80.478201,,Health Sub Centre,100.0
TG-18-329,"SubCentre, Parnasala",Sub Centre,Bhadradri Kothagudem,Dummugudem,Sitanagaram,17.926883,80.905685,,Health Sub Centre,100.0
TG-18-160,"SubCentre, Patwarigudem",Sub Centre,Bhadradri Kothagudem,Dammapeta,Patwarigudem,17.348529,80.961725,,Health Sub Centre,100.0
TG-18-257,"SubCentre, Pedamidisileru",Sub Centre,Bhadradri Kothagudem,Cherla,Jangalapalli (G),18.040254,80.849178,,Health Sub Centre,100.0
TG-18-258,"SubCentre, Penagadapa",Sub Centre,Bhadradri Kothagudem,Chunchupally,Penugadapa,17.454301,80.64934,,Health Sub Centre,100.0
TG-18-259,"SubCentre, Pentlam",Sub Centre,Bhadradri Kothagudem,Annapureddipalle,Pentlam,17.347092,80.767166,,Health Sub Centre,100.0
TG-18-260,"SubCentre, Penuballi",Sub Centre,Bhadradri Kothagudem,Chunchupally,Penuballi,17.502587,80.683637,,Health Sub Centre,100.0
TG-18-261,"SubCentre, Peraigudem",Sub Centre,Bhadradri Kothagudem,Aswaraopeta,Aswaraopeta,17.242957,81.1203,,Health Sub Centre,100.0
TG-18-262,"SubCentre, Pilot Colony",Sub Centre,Bhadradri Kothagudem,Manuguru,Samathsingaram,17.939781,80.812864,,Health Sub Centre,100.0
TG-18-264,"SubCentre, Pokalagudem",Sub Centre,Bhadradri Kothagudem,Chandrugonda,Pokalagudem,17.387523,80.583421,,Health Sub Centre,100.0
TG-18-350,"SubCentre, Pusugudem",Sub Centre,Bhadradri Kothagudem,Mulakalapally,Pusugudem,17.536268,80.777965,,Health Sub Centre,100.0
TG-18-133,"SubCentre, Ragaboinagudem",Sub Centre,Bhadradri Kothagudem,Yellandu,Sudimalla,17.565469,80.343014,,Health Sub Centre,100.0
TG-18-266,"SubCentre, Rajapuram",Sub Centre,Bhadradri Kothagudem,Annapureddipalle,Narsapuram,17.348263,80.731187,,Health Sub Centre,100.0
TG-18-321,"SubCentre, Rajeev Colony",Sub Centre,Bhadradri Kothagudem,Bhadrachalam,,17.664028,80.905564,,Health Sub Centre,100.0
TG-18-267,"SubCentre, Rajupeta",Sub Centre,Bhadradri Kothagudem,Dummugudem,Rajupeta,17.829681,80.967766,,Health Sub Centre,100.0
TG-18-268,"SubCentre, Ramnagar",Sub Centre,Bhadradri Kothagudem,Aswapuram,Pamulapalli,17.917605,80.87531,,Health Sub Centre,100.0
TG-18-151,"SubCentre, Ravikampadu",Sub Centre,Bhadradri Kothagudem,Chandrugonda,Gurramgudem,17.358011,80.605359,,Health Sub Centre,100.0
TG-18-271,"SubCentre, Regalla",Sub Centre,Bhadradri Kothagudem,Karakagudem,Regalla,17.948996,80.577174,,Health Sub Centre,100.0
TG-18-272,"SubCentre, Regupalli",Sub Centre,Bhadradri Kothagudem,Dummugudem,Khalsa Reguballi,17.80293,80.889315,,Health Sub Centre,100.0
TG-18-273,"SubCentre, Ricepeta",Sub Centre,Bhadradri Kothagudem,Cherla,Ricepeta (G),18.067015,80.832367,,Health Sub Centre,100.0
TG-18-368,"SubCentre, Rompedu",Sub Centre,Bhadradri Kothagudem,Yellandu,Rompedu,17.642343,80.299025,,Health Sub Centre,100.0
TG-18-274,"SubCentre, Rudrampur",Sub Centre,Bhadradri Kothagudem,Sujathanagar,Gareebpeta,17.479254,80.650727,,Health Sub Centre,100.0
TG-18-289,"SubCentre, SN Puram",Sub Centre,Bhadradri Kothagudem,Cherla,R.kothagudem(G),18.01717,80.866837,,Health Sub Centre,100.0
TG-18-199,"SubCentre, Sambaigudem",Sub Centre,Bhadradri Kothagudem,Manuguru,Ramanujavaram,18.004317,80.761644,,Health Sub Centre,100.0
TG-18-275,"SubCentre, Sambaigudem",Sub Centre,Bhadradri Kothagudem,Manuguru,Ramanujavaram,18.005878,80.759028,,Health Sub Centre,100.0
TG-18-276,"SubCentre, Samithisingaram",Sub Centre,Bhadradri Kothagudem,Manuguru,Samathsingaram,17.934327,80.81966,,Health Sub Centre,100.0
TG-18-277,"SubCentre, Sampathnagar",Sub Centre,Bhadradri Kothagudem,Tekulapalle,Gangaram,17.663431,80.536205,,Health Sub Centre,100.0
TG-18-351,"SubCentre, Sangam",Sub Centre,Bhadradri Kothagudem,Burgampadu,Sompalli,17.606012,80.823938,,Health Sub Centre,100.0
TG-18-369,"SubCentre, Sanjainagar",Sub Centre,Bhadradri Kothagudem,Laxmidevipally,Laxmidevipally,17.560597,80.622521,,Health Sub Centre,100.0
TG-18-278,"SubCentre, Sanjeevareddypalem",Sub Centre,Bhadradri Kothagudem,Burgampadu,Nagineniprolu,17.67064,80.858536,,Health Sub Centre,100.0
TG-18-279,"SubCentre, Sarapaka",Sub Centre,Bhadradri Kothagudem,Burgampadu,Sarapaka,17.694303,80.862844,,Health Sub Centre,100.0
TG-18-280,"SubCentre, Sarvaram",Sub Centre,Bhadradri Kothagudem,Sujathanagar,Sujathanagar,17.517648,80.574203,,Health Sub Centre,100.0
TG-18-370,"SubCentre, Satyanarayanapuram",Sub Centre,Bhadradri Kothagudem,Cherla,R.kothagudem(G),18.01717,80.866837,,Health Sub Centre,100.0
TG-18-281,"SubCentre, Sayanapalli",Sub Centre,Bhadradri Kothagudem,Gundala,Sayanapalli,17.955845,80.344287,,Health Sub Centre,100.0
TG-18-282,"SubCentre, Seetampeta",Sub Centre,Bhadradri Kothagudem,Dummugudem,,17.729047,80.916626,,Health Sub Centre,100.0
TG-18-284,"SubCentre, Sheshagirinagar",Sub Centre,Bhadradri Kothagudem,Manuguru,Mallaram,17.931207,80.82662,,Health Sub Centre,100.0
TG-18-285,"SubCentre, Shettipalli",Sub Centre,Bhadradri Kothagudem,Gundala,Settypally,17.775049,80.377,,Health Sub Centre,100.0
TG-18-286,"SubCentre, Shivalingapuram",Sub Centre,Bhadradri Kothagudem,Manuguru,Manuguru (PT),17.959182,80.819785,,Health Sub Centre,100.0
TG-18-287,"SubCentre, Singabupalem",Sub Centre,Bhadradri Kothagudem,Sujathanagar,Singabhupalem,17.506148,80.538111,,Health Sub Centre,100.0
TG-18-352,"SubCentre, Somulagudem",Sub Centre,Bhadradri Kothagudem,Palvancha,Suraram,17.630643,80.724214,,Health Sub Centre,100.0
TG-18-371,"SubCentre, Substation",Sub Centre,Bhadradri Kothagudem,Yellandu,Sudimalla,17.574914,80.338136,,Health Sub Centre,100.0
TG-18-372,"SubCentre, Sudimalla",Sub Centre,Bhadradri Kothagudem,Yellandu,Sudimalla,17.577118,80.34137,,Health Sub Centre,100.0
TG-18-291,"SubCentre, Sujatha Nagar",Sub Centre,Bhadradri Kothagudem,Sujathanagar,Sujathanagar,17.484779,80.57277,,Health Sub Centre,100.0
TG-18-292,"SubCentre, Sulhanagar",Sub Centre,Bhadradri Kothagudem,Tekulapalle,Pegallapadu,17.561228,80.501896,,Health Sub Centre,100.0
TG-18-294,"SubCentre, Tadekalapudi",Sub Centre,Bhadradri Kothagudem,Tekulapalle,Forest,17.516213,80.464626,,Health Sub Centre,100.0
TG-18-295,"SubCentre, Tegada",Sub Centre,Bhadradri Kothagudem,Cherla,Tegada(G),18.036382,80.842016,,Health Sub Centre,100.0
TG-18-296,"SubCentre, Tekulacheruvu",Sub Centre,Bhadradri Kothagudem,Burgampadu,Burgampadu,17.647375,80.846774,,Health Sub Centre,100.0
TG-18-297,"SubCentre, Tekulapalli",Sub Centre,Bhadradri Kothagudem,Tekulapalle,Bethampudi,17.560908,80.475062,,Health Sub Centre,100.0
TG-18-298,"SubCentre, Thimmampeta",Sub Centre,Bhadradri Kothagudem,Cherla,Forest,18.220434,80.866558,,Health Sub Centre,100.0
TG-18-299,"SubCentre, Thirumalakunta",Sub Centre,Bhadradri Kothagudem,Aswaraopeta,Tirumalakunta,17.407969,81.042343,,Health Sub Centre,100.0
TG-18-300,"SubCentre, Three Incline",Sub Centre,Bhadradri Kothagudem,Chunchupally,Garimallapadu,17.505527,80.647873,,Health Sub Centre,100.0
TG-18-301,"SubCentre, Thurubaka",Sub Centre,Bhadradri Kothagudem,Dummugudem,Turubaka,17.755944,80.895884,,Health Sub Centre,100.0
TG-18-302,"SubCentre, Tippanapalli",Sub Centre,Bhadradri Kothagudem,Chandrugonda,Chandrugonda,17.396273,80.660436,,Health Sub Centre,100.0
TG-18-303,"SubCentre, Toggudem",Sub Centre,Bhadradri Kothagudem,Pinapaka,Pinapaka,18.018268,80.659743,,Health Sub Centre,100.0
TG-18-341,"SubCentre, Tummalachervu",Sub Centre,Bhadradri Kothagudem,Aswapuram,Nellipaka,17.766853,80.815718,,Health Sub Centre,100.0
TG-18-304,"SubCentre, Tungaram",Sub Centre,Bhadradri Kothagudem,Chandrugonda,Tungaram,17.4347,80.595199,,Health Sub Centre,100.0
TG-18-305,"SubCentre, Two Incline",Sub Centre,Bhadradri Kothagudem,Kothagudem,Kothagudem,17.545557,80.614597,,Health Sub Centre,100.0
TG-18-353,"SubCentre, Ulvanoor",Sub Centre,Bhadradri Kothagudem,Palvancha,Ulvanoor,17.785387,80.671792,,Health Sub Centre,100.0
TG-18-306,"SubCentre, Unjupalli",Sub Centre,Bhadradri Kothagudem,Cherla,Forest,18.135345,80.851617,,Health Sub Centre,100.0
TG-18-307,"SubCentre, Uppaka",Sub Centre,Bhadradri Kothagudem,Pinapaka,Uppaka,18.02693,80.704239,,Health Sub Centre,100.0
TG-18-308,"SubCentre, Vedanthapuram",Sub Centre,Bhadradri Kothagudem,Aswaraopeta,Aswaraopeta,17.276922,81.125124,,Health Sub Centre,100.0
TG-18-309,"SubCentre, Vepalagadda",Sub Centre,Bhadradri Kothagudem,Kothagudem,Kothagudem,17.556004,80.614396,,Health Sub Centre,100.0
TG-18-310,"SubCentre, Vidya Nagar-I",Sub Centre,Bhadradri Kothagudem,Kothagudem,Kothagudem,17.552246,80.63061,,Health Sub Centre,100.0
TG-18-311,"SubCentre, VidyaNagar-II",Sub Centre,Bhadradri Kothagudem,Kothagudem,Kothagudem,17.552246,80.63061,,Health Sub Centre,100.0
TG-18-312,"SubCentre, Vijayanagar",Sub Centre,Bhadradri Kothagudem,Palvancha,Rangapuram,17.615885,80.776515,,Health Sub Centre,100.0
TG-18-313,"SubCentre, Vinayakapuram",Sub Centre,Bhadradri Kothagudem,Aswaraopeta,Asupaka,17.359973,81.11547,,Health Sub Centre,100.0
TG-18-354,"SubCentre, Yanambailu",Sub Centre,Bhadradri Kothagudem,Palvancha,Yanambilu,17.682071,80.669089,,Health Sub Centre,100.0
TG-8-30,Government General Hospital,Teaching Hospital,Bhadradri Kothagudem,Kothagudem,Kothagudem,17.552138,80.622667,Director of Medical Education,Medical Colleges,100.0
TG-15-10,UPHC Gudipadu,Urban Primary Health Centre,Bhadradri Kothagudem,Palvancha,Palvancha,15.09501,77.98968,,Urban Primary Health Centre,100.0
TG-15-7,UPHC Old Kothagudem,Urban Primary Health Centre,Bhadradri Kothagudem,Kothagudem,Kothagudem,17.542979,80.644739,,Urban Primary Health Centre,100.0
TG-15-6,UPHC Ramavaram,Urban Primary Health Centre,Bhadradri Kothagudem,Chunchupally,Garimallapadu,17.517768,80.638548,,Urban Primary Health Centre,100.0
TG-15-9,UPHC Safai Basthi,Urban Primary Health Centre,Bhadradri Kothagudem,Kothagudem,Kothagudem,17.558085,80.608052,,Urban Primary Health Centre,100.0
TG-15-8,UPHC Shekaram Banjara,Urban Primary Health Centre,Bhadradri Kothagudem,Palvancha,Palvancha,17.584661,80.665167,,Urban Primary Health Centre,100.0
TG-10-7,AH Parkal,Area Hospital,Hanumakonda,Parkal,Parkal,18.200525,79.702206,TVVP,Area Hospital,100.0
TG-13-11,Old GP Building Darga Khajipet(Julywada) BDK,Basti Dawakhana,Hanumakonda,Khaazipet,Kazipet,17.977288,79.535827,,Basti Dawakhana,100.0
TG-13-9,Purigutta Thanda Community Hall,Basti Dawakhana,Hanumakonda,Hanumakonda,Waddepally,18.012905,79.524136,,Basti Dawakhana,100.0
TG-13-10,Sc Colony Community Hall Parkala Town,Basti Dawakhana,Hanumakonda,Parkal,Parkal,18.207541,79.709714,,Basti Dawakhana,100.0
TG-16-5,CHC Kamalapur,Community Health Centre,Hanumakonda,Kamalapur,Kamalapur,18.18076,79.52306,TVVP,Community Health Centre,100.0
TG-17-430,"Primary Health Center, Mulkanoor",Primary Health Centre,Hanumakonda,Bheemadevarapalli,Mulkanoor,18.08471,79.366668,,Primary Health Centre,100.0
TG-17-516,Primary Health Centre Athmakur,Primary Health Centre,Hanumakonda,Atmakur,Atmakur,18.075973,79.739189,,Primary Health Centre,100.0
TG-17-498,Primary Health Centre Damera,Primary Health Centre,Hanumakonda,Damera,Damera,18.054958,79.635471,,Primary Health Centre,100.0
TG-17-452,Primary Health Centre Dharmasagar,Primary Health Centre,Hanumakonda,Dharmasagar,Dharmsagar,17.989444,79.450638,,Primary Health Centre,100.0
TG-17-477,Primary Health Centre Hasanparthy,Primary Health Centre,Hanumakonda,Hasanparthy,Hasanparthy,18.057174,79.530664,,Primary Health Centre,100.0
TG-17-470,Primary Health Centre Kadipikonda,Primary Health Centre,Hanumakonda,Khaazipet,Kadipikonda,17.95508,79.505789,,Primary Health Centre,100.0
TG-17-425,Primary Health Centre Velair,Primary Health Centre,Hanumakonda,Velair,Velair,18.003697,79.327727,,Primary Health Centre,100.0
TG-17-453,"Primary Health Centre, Elkathurthy",Primary Health Centre,Hanumakonda,Elkathurthi,Elkathurthi,18.094028,79.452292,,Primary Health Centre,100.0
TG-17-438,"Primary Health Centre, Gopalpur",Primary Health Centre,Hanumakonda,Elkathurthi,Gopalpur,18.119532,79.408317,,Primary Health Centre,100.0
TG-17-483,"Primary Health Centre, Inavole",Primary Health Centre,Hanumakonda,Inavolu,Inavolu,17.868392,79.557242,,Primary Health Centre,100.0
TG-17-476,"Primary Health Centre, Kamalapur",Primary Health Centre,Hanumakonda,Kamalapur,Kamalapur,18.175447,79.526797,,Primary Health Centre,100.0
TG-17-479,"Primary Health Centre, Kondaparthy",Primary Health Centre,Hanumakonda,Inavolu,Kondaparthy,17.911645,79.535914,,Primary Health Centre,100.0
TG-17-485,"Primary Health Centre, Parvathagiri",Primary Health Centre,Hanumakonda,Hanumakonda,Hanamkonda,18.008114,79.573733,,Primary Health Centre,100.0
TG-17-501,"Primary Health Centre, Raiparthy p",Primary Health Centre,Hanumakonda,Nadikuda,Raiparthy,18.216379,79.653193,,Primary Health Centre,100.0
TG-17-513,"Primary Health Centre, Shayampet",Primary Health Centre,Hanumakonda,Shayampet,Shayampet,18.117206,79.731082,,Primary Health Centre,100.0
TG-17-488,"Primary Health Centre, Siddapur",Primary Health Centre,Hanumakonda,Hasanparthy,Siddhapoor,18.092294,79.597788,,Primary Health Centre,100.0
TG-17-462,"Primary Health Centre, Uppal",Primary Health Centre,Hanumakonda,Kamalapur,Uppal,18.184649,79.48111,,Primary Health Centre,100.0
TG-17-426,"Primary Health Centre, Vangara",Primary Health Centre,Hanumakonda,Bheemadevarapalli,Vangara,18.128547,79.340043,,Primary Health Centre,100.0
TG-18-654,SubCentre Gorukothapalli,Sub Centre,Hanumakonda,Shayampet,Katrapalle,18.143446,79.823794,,Health Sub Centre,100.0
TG-18-655,SubCentre Issipeta,Sub Centre,Hanumakonda,Parkal,Venkatapur,18.247463,79.655824,,Health Sub Centre,100.0
TG-18-679,SubCentre Nizampally,Sub Centre,Hanumakonda,Shayampet,Koppula,18.156699,79.802756,,Health Sub Centre,100.0
TG-18-688,SubCentre Rangapur,Sub Centre,Hanumakonda,Parkal,Laxmipuram,18.264403,79.68389,,Health Sub Centre,100.0
TG-18-701,SubCentre Vellampally,Sub Centre,Hanumakonda,Parkal,Vellampalle,18.163973,79.669155,,Health Sub Centre,100.0
TG-18-471,"SubCentre, Nerella",Sub Centre,Hanumakonda,Kamalapur,Nerella,18.162416,79.572987,,Health Sub Centre,100.0
TG-8-14,Government T.B. & C.D Hospital,Teaching Hospital,Hanumakonda,Hanumakonda,Lashkarsingaram,18.024032,79.546689,Director of Medical Education,Medical Colleges,100.0
TG-15-248,Pochammakunta(UPHC),Urban Primary Health Centre,Hanumakonda,Hanumakonda,Hanamkonda,18.007877,79.584223,,Urban Primary Health Centre,100.0
TG-15-255,Shayampet(UPHC),Urban Primary Health Centre,Hanumakonda,Khaazipet,Shaympet,17.98208,79.568773,,Urban Primary Health Centre,100.0
TG-15-15,UPHC Bodagutta,Urban Primary Health Centre,Hanumakonda,Khaazipet,Kadipikonda,17.97261,79.516091,,Urban Primary Health Centre,100.0
TG-15-11,UPHC Lashkarsingaram,Urban Primary Health Centre,Hanumakonda,Hanumakonda,Lashkarsingaram,18.017059,79.549932,,Urban Primary Health Centre,100.0
TG-15-14,UPHC Peddammagadda,Urban Primary Health Centre,Hanumakonda,Hanumakonda,Hanamkonda,18.0056,79.5849,,Urban Primary Health Centre,100.0
TG-15-12,UPHC Pochammakunta,Urban Primary Health Centre,Hanumakonda,Hanumakonda,Hanamkonda,18.007877,79.584223,,Urban Primary Health Centre,100.0
TG-15-16,UPHC Shayampet,Urban Primary Health Centre,Hanumakonda,Khaazipet,Shaympet,17.98208,79.568773,,Urban Primary Health Centre,100.0
TG-15-17,UPHC Somidi,Urban Primary Health Centre,Hanumakonda,Khaazipet,Kadipikonda,17.981357,79.506718,,Urban Primary Health Centre,100.0
TG-15-13,UPHC Waddepally,Urban Primary Health Centre,Hanumakonda,Hanumakonda,Waddepally,17.996359,79.533648,,Urban Primary Health Centre,100.0
TG-10-12,AH Bandlaguda,Area Hospital,Hyderabad,Bandlaguda,Bandlaguda,17.3013,78.4649,TVVP,Area Hospital,100.0
TG-10-13,AH Dabeerpura,Area Hospital,Hyderabad,Charminar,Charminar,17.367353,78.489311,TVVP,Area Hospital,100.0
TG-10-9,AH Golconda,Area Hospital,Hyderabad,Golkonda,Golkonda,17.385921,78.403473,TVVP,Area Hospital,100.0
TG-10-8,AH Malakpet,Area Hospital,Hyderabad,Amberpet,Amberpet,17.37331,78.499134,TVVP,Area Hospital,100.0
TG-10-10,AH Nampally,Area Hospital,Hyderabad,Nampally,Nampally,17.392121,78.463161,TVVP,Area Hospital,100.0
TG-10-11,AH kamatipura,Area Hospital,Hyderabad,Bahadurpura,Bahadurpura,17.355272,78.4616,TVVP,Area Hospital,100.0
TG-13-13,Akberpura BD,Basti Dawakhana,Hyderabad,Shaikpet,Shaikpet,17.396128,78.417103,,Basti Dawakhana,100.0
TG-13-14,Allahmajid CH BD,Basti Dawakhana,Hyderabad,Bahadurpura,Bahadurpura,17.354943,78.444148,,Basti Dawakhana,100.0
TG-13-16,Aman nagar BD,Basti Dawakhana,Hyderabad,Charminar,Charminar,17.353507,78.487051,,Basti Dawakhana,100.0
TG-13-17,Ambanagar CH BD,Basti Dawakhana,Hyderabad,Himayatnagar,Himayatnagar,17.395215,78.499645,,Basti Dawakhana,100.0
TG-13-18,Ambika mahila mandali CH BD,Basti Dawakhana,Hyderabad,Shaikpet,Shaikpet,17.425378,78.425632,,Basti Dawakhana,100.0
TG-13-19,Anand Nagar Mahila Mandali BD,Basti Dawakhana,Hyderabad,Amberpet,Amberpet,17.370965,78.504832,,Basti Dawakhana,100.0
TG-13-222,Anjaiah Nagar,Basti Dawakhana,Hyderabad,Tirumalgiri,Tirumalgiri,17.471621,78.492849,,Basti Dawakhana,100.0
TG-13-20,Arundathi Colony BD,Basti Dawakhana,Hyderabad,Bandlaguda,Bandlaguda,17.339708,78.491194,,Basti Dawakhana,100.0
TG-13-21,Arundathi Nagar BD,Basti Dawakhana,Hyderabad,Himayatnagar,Himayatnagar,17.412353,78.488345,,Basti Dawakhana,100.0
TG-13-227,Ashok nagar kapra,Basti Dawakhana,Hyderabad,Maredpally,Maredpally,17.441975,78.537193,,Basti Dawakhana,100.0
TG-13-28,BC Vaddera basthi CH BD,Basti Dawakhana,Hyderabad,Asifnagar,Asifnagar,17.402177,78.448922,,Basti Dawakhana,100.0
TG-13-36,BS Maqtha CH BD,Basti Dawakhana,Hyderabad,Khairatabad,Khairatabad,17.429798,78.460085,,Basti Dawakhana,100.0
TG-13-22,Baba Sailani Nagar BD,Basti Dawakhana,Hyderabad,Khairatabad,Khairatabad,17.449822,78.411112,,Basti Dawakhana,100.0
TG-13-23,Bahadur Yar Jung BD,Basti Dawakhana,Hyderabad,Bandlaguda,Bandlaguda,17.329423,78.489689,,Basti Dawakhana,100.0
TG-13-24,Bakaram BD,Basti Dawakhana,Hyderabad,Musheerabad,Musheerabad,17.415316,78.500553,,Basti Dawakhana,100.0
TG-13-26,Balashetty Kheth Play Ground BD,Basti Dawakhana,Hyderabad,Charminar,Charminar,17.369197,78.48496,,Basti Dawakhana,100.0
TG-13-27,Bathukamma Kunta BD,Basti Dawakhana,Hyderabad,Amberpet,Amberpet,17.393427,78.514771,,Basti Dawakhana,100.0
TG-13-29,Bhag -e - Jhara CH BD,Basti Dawakhana,Hyderabad,Charminar,Charminar,17.364618,78.492616,,Basti Dawakhana,100.0
TG-13-30,Bheema Maidan CH BD,Basti Dawakhana,Hyderabad,Himayatnagar,Himayatnagar,17.410339,78.486027,,Basti Dawakhana,100.0
TG-13-31,Bhoiguda Bapuji Nagar BD,Basti Dawakhana,Hyderabad,Maredpally,Maredpally,17.426922,78.497261,,Basti Dawakhana,100.0
TG-13-33,Bojagutta Primary School BD,Basti Dawakhana,Hyderabad,Asifnagar,Asifnagar,17.390691,78.434979,,Basti Dawakhana,100.0
TG-13-34,Bondalaguda CH BD,Basti Dawakhana,Hyderabad,Bahadurpura,Bahadurpura,17.356944,78.458492,,Basti Dawakhana,100.0
TG-13-35,Borabanda Weaker Section CH BD,Basti Dawakhana,Hyderabad,Khairatabad,Khairatabad,17.44877,78.40532,,Basti Dawakhana,100.0
TG-13-37,Bunge ke Bowli BD,Basti Dawakhana,Hyderabad,Asifnagar,Asifnagar,17.377536,78.443347,,Basti Dawakhana,100.0
TG-13-38,CBN Nagar CH BD,Basti Dawakhana,Hyderabad,Tirumalgiri,Tirumalgiri,17.449623,78.479511,,Basti Dawakhana,100.0
TG-13-39,CC Nagar Bharath compound BD,Basti Dawakhana,Hyderabad,Secunderabad,Secunderabad,17.44229,78.492026,,Basti Dawakhana,100.0
TG-13-41,Cha Cha Nehru Nagar BD,Basti Dawakhana,Hyderabad,Secunderabad,Secunderabad,17.42804,78.493077,,Basti Dawakhana,100.0
TG-13-42,Challapura Gymnasium BD,Basti Dawakhana,Hyderabad,Bahadurpura,Bahadurpura,17.365233,78.468777,,Basti Dawakhana,100.0
TG-13-43,Chandrakiran Basti CH BD,Basti Dawakhana,Hyderabad,Asifnagar,Asifnagar,17.368517,78.457947,,Basti Dawakhana,100.0
TG-13-44,Chandrayanagutta Kummariwadi BD,Basti Dawakhana,Hyderabad,Charminar,Charminar,17.350318,78.491658,,Basti Dawakhana,100.0
TG-13-45,Chandrayanagutta New Indira Nagar BD,Basti Dawakhana,Hyderabad,Bandlaguda,Bandlaguda,17.319953,78.469025,,Basti Dawakhana,100.0
TG-13-46,Chapalabai BD,Basti Dawakhana,Hyderabad,Secunderabad,Secunderabad,17.436762,78.497902,,Basti Dawakhana,100.0
TG-13-48,Chiragali CH BD,Basti Dawakhana,Hyderabad,Bahadurpura,Bahadurpura,17.355379,78.447477,,Basti Dawakhana,100.0
TG-13-49,Customs Basti BD,Basti Dawakhana,Hyderabad,Ammerpet,Ammerpet,17.439971,78.457255,,Basti Dawakhana,100.0
TG-13-180,Datta Nagar Community Hall BDK,Basti Dawakhana,Hyderabad,Nampally,Nampally,17.38772,78.461761,,Basti Dawakhana,100.0
TG-13-50,"Dattatreya nagar, BD",Basti Dawakhana,Hyderabad,Asifnagar,Asifnagar,17.37938,78.449727,,Basti Dawakhana,100.0
TG-13-51,Devadasapuram CH BD,Basti Dawakhana,Hyderabad,Himayatnagar,Himayatnagar,17.400333,78.492752,,Basti Dawakhana,100.0
TG-13-52,Dharabjungally CH BD,Basti Dawakhana,Hyderabad,Golkonda,Golkonda,17.388553,78.403824,,Basti Dawakhana,100.0
TG-13-53,Dood Bavi BD,Basti Dawakhana,Hyderabad,Charminar,Charminar,17.363245,78.483139,,Basti Dawakhana,100.0
TG-13-55,Dr.Zakir hussain colony BD,Basti Dawakhana,Hyderabad,Bahadurpura,Bahadurpura,17.348936,78.455907,,Basti Dawakhana,100.0
TG-13-56,Erragadda Prem Nagar BD,Basti Dawakhana,Hyderabad,Saidabad,Saidabad,17.361686,78.507116,,Basti Dawakhana,100.0
TG-13-58,Fateh Shah Nagar Jama Masjid BD,Basti Dawakhana,Hyderabad,Bandlaguda,Bandlaguda,17.299629,78.46586,,Basti Dawakhana,100.0
TG-13-59,Fathima Nagar BD,Basti Dawakhana,Hyderabad,Bandlaguda,Bandlaguda,17.346185,78.49407,,Basti Dawakhana,100.0
TG-13-60,G.Swamy Naik Bhavan BD,Basti Dawakhana,Hyderabad,Bandlaguda,Bandlaguda,17.324355,78.462977,,Basti Dawakhana,100.0
TG-13-65,GM Chowni BD,Basti Dawakhana,Hyderabad,Amberpet,Amberpet,17.386843,78.512646,,Basti Dawakhana,100.0
TG-13-61,Gaddiannaram BD,Basti Dawakhana,Hyderabad,Khairatabad,Khairatabad,17.444517,78.441417,,Basti Dawakhana,100.0
TG-13-63,Gandinagar TRT Ward office BD,Basti Dawakhana,Hyderabad,Nampally,Nampally,17.386916,78.485295,,Basti Dawakhana,100.0
TG-13-64,Ganga Nagar BD,Basti Dawakhana,Hyderabad,Musheerabad,Musheerabad,17.419362,78.491247,,Basti Dawakhana,100.0
TG-13-66,Goshamahal Ambedkar Nagar BD,Basti Dawakhana,Hyderabad,Bandlaguda,Bandlaguda,17.337511,78.478645,,Basti Dawakhana,100.0
TG-13-67,Gowliguda Jangal Vitoba BD,Basti Dawakhana,Hyderabad,Asifnagar,Asifnagar,17.375117,78.448767,,Basti Dawakhana,100.0
TG-13-68,Guddi Bowli BD,Basti Dawakhana,Hyderabad,Nampally,Nampally,17.386916,78.485295,,Basti Dawakhana,100.0
TG-13-69,Gun Foundary BD,Basti Dawakhana,Hyderabad,Saidabad,Saidabad,17.363959,78.498171,,Basti Dawakhana,100.0
TG-13-70,Gunrock Colony BD,Basti Dawakhana,Hyderabad,Himayatnagar,Himayatnagar,17.397159,78.477738,,Basti Dawakhana,100.0
TG-13-71,Guru Brahma Nagar CH BD,Basti Dawakhana,Hyderabad,Tirumalgiri,Tirumalgiri,17.476056,78.499352,,Basti Dawakhana,100.0
TG-13-78,"HWC @ O/O Commissioner, WD&CW",Basti Dawakhana,Hyderabad,Nampally,Nampally,17.388834,78.465043,,Basti Dawakhana,100.0
TG-13-72,Hakimpet Kunta BD,Basti Dawakhana,Hyderabad,Shaikpet,Shaikpet,17.417688,78.435849,,Basti Dawakhana,100.0
TG-13-73,Hamali Basthi BD,Basti Dawakhana,Hyderabad,Shaikpet,Shaikpet,17.407781,78.41305,,Basti Dawakhana,100.0
TG-13-74,Hanman Nagar BD,Basti Dawakhana,Hyderabad,Maredpally,Maredpally,17.430277,78.506504,,Basti Dawakhana,100.0
TG-13-75,Hanumantekdi CH BD,Basti Dawakhana,Hyderabad,Bandlaguda,Bandlaguda,17.343421,78.481914,,Basti Dawakhana,100.0
TG-13-76,Hashimabad BD,Basti Dawakhana,Hyderabad,Nampally,Nampally,17.387711,78.479101,,Basti Dawakhana,100.0
TG-13-77,Hills Colony CH BD,Basti Dawakhana,Hyderabad,Bandlaguda,Bandlaguda,17.319953,78.469025,,Basti Dawakhana,100.0
TG-13-79,Indiranagar gym centre BD,Basti Dawakhana,Hyderabad,Khairatabad,Khairatabad,17.437981,78.437873,,Basti Dawakhana,100.0
TG-13-80,Jalakuncha BD,Basti Dawakhana,Hyderabad,Shaikpet,Shaikpet,17.428137,78.427011,,Basti Dawakhana,100.0
TG-13-81,Jiyaguda MCH Colony 2 BHK Houses BD,Basti Dawakhana,Hyderabad,Bahadurpura,Bahadurpura,17.361711,78.468679,,Basti Dawakhana,100.0
TG-13-82,Joshwadi BD,Basti Dawakhana,Hyderabad,Asifnagar,Asifnagar,17.363297,78.450018,,Basti Dawakhana,100.0
TG-13-83,Kaladera BD,Basti Dawakhana,Hyderabad,Asifnagar,Asifnagar,17.378795,78.446206,,Basti Dawakhana,100.0
TG-13-84,Kalander nagar CH BD,Basti Dawakhana,Hyderabad,Amberpet,Amberpet,17.371727,78.495717,,Basti Dawakhana,100.0
TG-13-85,Kamal Nagar BD,Basti Dawakhana,Hyderabad,Bandlaguda,Bandlaguda,17.34567,78.505284,,Basti Dawakhana,100.0
TG-13-86,Kamatipura CH BD,Basti Dawakhana,Hyderabad,Amberpet,Amberpet,17.37847,78.49173,,Basti Dawakhana,100.0
TG-13-87,Kamgar Nagar BD,Basti Dawakhana,Hyderabad,Nampally,Nampally,17.377028,78.462972,,Basti Dawakhana,100.0
TG-13-88,Karmikanagar CH BD,Basti Dawakhana,Hyderabad,Nampally,Nampally,17.381356,78.493074,,Basti Dawakhana,100.0
TG-13-89,Kawadiguda DS Nagar BD,Basti Dawakhana,Hyderabad,Khairatabad,Khairatabad,17.444792,78.422214,,Basti Dawakhana,100.0
TG-13-90,Kranthi Nagar BD,Basti Dawakhana,Hyderabad,Musheerabad,Musheerabad,17.420184,78.488443,,Basti Dawakhana,100.0
TG-13-91,Kummaribasthi CH BD,Basti Dawakhana,Hyderabad,Saidabad,Saidabad,17.357682,78.509489,,Basti Dawakhana,100.0
TG-13-92,Langerhouse Ibrahim CH BD,Basti Dawakhana,Hyderabad,Khairatabad,Khairatabad,17.424524,78.454625,,Basti Dawakhana,100.0
TG-13-102,MD Lines Darga Nagar BD,Basti Dawakhana,Hyderabad,Asifnagar,Asifnagar,17.373623,78.441983,,Basti Dawakhana,100.0
TG-13-95,Mahabharath Nagar CH BD,Basti Dawakhana,Hyderabad,Saidabad,Saidabad,17.358996,78.503337,,Basti Dawakhana,100.0
TG-13-96,Mahila Bhavan Nagarjuna Nagar CH BDK,Basti Dawakhana,Hyderabad,Khairatabad,Khairatabad,17.413489,78.463514,,Basti Dawakhana,100.0
TG-13-97,Majid-E-Omer Farooq BD,Basti Dawakhana,Hyderabad,Maredpally,Maredpally,17.428015,78.54183,,Basti Dawakhana,100.0
TG-13-98,Malladi Thaleem BD,Basti Dawakhana,Hyderabad,Bandlaguda,Bandlaguda,17.320657,78.492387,,Basti Dawakhana,100.0
TG-13-99,Mama Bhaktawar Ghat BDK,Basti Dawakhana,Hyderabad,Bahadurpura,Bahadurpura,17.356128,78.465848,,Basti Dawakhana,100.0
TG-13-100,Mangar Basthi BD,Basti Dawakhana,Hyderabad,Bandlaguda,Bandlaguda,17.348212,78.501656,,Basti Dawakhana,100.0
TG-13-101,Marathi basthi CH BD,Basti Dawakhana,Hyderabad,Asifnagar,Asifnagar,17.387992,78.457615,,Basti Dawakhana,100.0
TG-13-103,Medibavi CH BD,Basti Dawakhana,Hyderabad,Golkonda,Golkonda,17.39016,78.415805,,Basti Dawakhana,100.0
TG-13-104,Meer Sagar BD,Basti Dawakhana,Hyderabad,Musheerabad,Musheerabad,17.408135,78.507938,,Basti Dawakhana,100.0
TG-13-105,Mether Basthi BD,Basti Dawakhana,Hyderabad,Bahadurpura,Bahadurpura,17.337925,78.457177,,Basti Dawakhana,100.0
TG-13-106,Millathnagar BD,Basti Dawakhana,Hyderabad,Himayatnagar,Himayatnagar,17.397879,78.496044,,Basti Dawakhana,100.0
TG-13-107,Mochi colony BD,Basti Dawakhana,Hyderabad,Bandlaguda,Bandlaguda,17.309352,78.462001,,Basti Dawakhana,100.0
TG-13-108,Mother Dairy BD,Basti Dawakhana,Hyderabad,Bahadurpura,Bahadurpura,17.348091,78.45314,,Basti Dawakhana,100.0
TG-13-109,Moulana Azad Nagar CH BD,Basti Dawakhana,Hyderabad,Musheerabad,Musheerabad,17.41795,78.490952,,Basti Dawakhana,100.0
TG-13-110,Mujahid Nagar CH BD,Basti Dawakhana,Hyderabad,Himayatnagar,Himayatnagar,17.387137,78.495614,,Basti Dawakhana,100.0
TG-13-111,Murutuza nagar CH BD,Basti Dawakhana,Hyderabad,Asifnagar,Asifnagar,17.37912,78.451499,,Basti Dawakhana,100.0
TG-13-112,Musheerabad Wallyball Playground BD,Basti Dawakhana,Hyderabad,Charminar,Charminar,17.358923,78.487636,,Basti Dawakhana,100.0
TG-13-113,Muthyal Bagh BD,Basti Dawakhana,Hyderabad,Musheerabad,Musheerabad,17.414137,78.511432,,Basti Dawakhana,100.0
TG-13-118,NB Nagar BD,Basti Dawakhana,Hyderabad,Amberpet,Amberpet,17.399945,78.509756,,Basti Dawakhana,100.0
TG-13-119,NBT Nagar CH BD,Basti Dawakhana,Hyderabad,Shaikpet,Shaikpet,17.411973,78.439135,,Basti Dawakhana,100.0
TG-13-114,Nallagutta CH BD,Basti Dawakhana,Hyderabad,Himayatnagar,Himayatnagar,17.400071,78.482492,,Basti Dawakhana,100.0
TG-13-115,Nandamuri Nagar CH BD,Basti Dawakhana,Hyderabad,Secunderabad,Secunderabad,17.436321,78.485579,,Basti Dawakhana,100.0
TG-13-117,Narsimha basthi BD,Basti Dawakhana,Hyderabad,Bandlaguda,Bandlaguda,17.329507,78.489669,,Basti Dawakhana,100.0
TG-13-120,Netajinagar CH BD,Basti Dawakhana,Hyderabad,Shaikpet,Shaikpet,17.409967,78.430532,,Basti Dawakhana,100.0
TG-13-121,Nimra Colony BD,Basti Dawakhana,Hyderabad,Nampally,Nampally,17.391707,78.473421,,Basti Dawakhana,100.0
TG-13-127,PJR Venkatagiri BD,Basti Dawakhana,Hyderabad,Himayatnagar,Himayatnagar,17.402179,78.474467,,Basti Dawakhana,100.0
TG-13-122,Palamuri basti BD,Basti Dawakhana,Hyderabad,Bandlaguda,Bandlaguda,17.335254,78.478836,,Basti Dawakhana,100.0
TG-13-123,Papaiah Basthi BD,Basti Dawakhana,Hyderabad,Charminar,Charminar,17.353507,78.487051,,Basti Dawakhana,100.0
TG-13-124,Patel Nagar Community Hall BD,Basti Dawakhana,Hyderabad,Amberpet,Amberpet,17.378257,78.502845,,Basti Dawakhana,100.0
TG-13-125,Pather Ka Makhan BD,Basti Dawakhana,Hyderabad,Bandlaguda,Bandlaguda,17.346694,78.478422,,Basti Dawakhana,100.0
TG-13-126,Phool Bagh BD,Basti Dawakhana,Hyderabad,Charminar,Charminar,17.364179,78.487967,,Basti Dawakhana,100.0
TG-13-128,PochammaBasti CH BD,Basti Dawakhana,Hyderabad,Shaikpet,Shaikpet,17.432753,78.419673,,Basti Dawakhana,100.0
TG-13-129,Prashashan Nagar BD,Basti Dawakhana,Hyderabad,Musheerabad,Musheerabad,17.407127,78.514765,,Basti Dawakhana,100.0
TG-13-131,Premnagar CH BD,Basti Dawakhana,Hyderabad,Khairatabad,Khairatabad,17.429578,78.447663,,Basti Dawakhana,100.0
TG-13-134,Rajeev Gandhi CH BD,Basti Dawakhana,Hyderabad,Bandlaguda,Bandlaguda,17.348612,78.495728,,Basti Dawakhana,100.0
TG-13-136,Ratna Nagar CH BD,Basti Dawakhana,Hyderabad,Tirumalgiri,Tirumalgiri,17.447702,78.47652,,Basti Dawakhana,100.0
TG-13-137,Ravindra Nagar BD,Basti Dawakhana,Hyderabad,Himayatnagar,Himayatnagar,17.394208,78.50326,,Basti Dawakhana,100.0
TG-13-138,Red hills BD,Basti Dawakhana,Hyderabad,Maredpally,Maredpally,17.426776,78.522997,,Basti Dawakhana,100.0
TG-13-139,Rein Bazar BD,Basti Dawakhana,Hyderabad,Nampally,Nampally,17.393065,78.466558,,Basti Dawakhana,100.0
TG-13-140,Reshambagh CH BD,Basti Dawakhana,Hyderabad,Charminar,Charminar,17.355143,78.495995,,Basti Dawakhana,100.0
TG-13-141,"Riyasath Nagar,Owaisi CH BD",Basti Dawakhana,Hyderabad,Golkonda,Golkonda,17.389436,78.397901,,Basti Dawakhana,100.0
TG-13-142,Riyasathnagar Library Building BD,Basti Dawakhana,Hyderabad,Bandlaguda,Bandlaguda,17.339959,78.499845,,Basti Dawakhana,100.0
TG-13-143,Rooplalbazar BD,Basti Dawakhana,Hyderabad,Bandlaguda,Bandlaguda,17.343634,78.502709,,Basti Dawakhana,100.0
TG-13-158,SPR Hills BD,Basti Dawakhana,Hyderabad,Maredpally,Maredpally,17.425131,78.515271,,Basti Dawakhana,100.0
TG-13-144,Sabir Nagar Owaisi CH BD,Basti Dawakhana,Hyderabad,Bahadurpura,Bahadurpura,17.350612,78.471409,,Basti Dawakhana,100.0
TG-13-145,Saleem Nagar BD,Basti Dawakhana,Hyderabad,Asifnagar,Asifnagar,17.38275,78.443895,,Basti Dawakhana,100.0
TG-13-147,Sambamoorthi Nagar BD,Basti Dawakhana,Hyderabad,Bahadurpura,Bahadurpura,17.347446,78.466693,,Basti Dawakhana,100.0
TG-13-148,Sanjeevaiah Nagar BDK,Basti Dawakhana,Hyderabad,Secunderabad,Secunderabad,17.432732,78.496238,,Basti Dawakhana,100.0
TG-13-149,Santosh Nagar Jawahar Nagar CH BD,Basti Dawakhana,Hyderabad,Maredpally,Maredpally,17.452127,78.507864,,Basti Dawakhana,100.0
TG-13-150,Sapota Bagh BD,Basti Dawakhana,Hyderabad,Bandlaguda,Bandlaguda,17.347911,78.499739,,Basti Dawakhana,100.0
TG-13-151,Shalibanda Kummariwadi BD,Basti Dawakhana,Hyderabad,Saidabad,Saidabad,17.364293,78.509617,,Basti Dawakhana,100.0
TG-13-152,Shankar Nagar BD,Basti Dawakhana,Hyderabad,Bahadurpura,Bahadurpura,17.351257,78.465982,,Basti Dawakhana,100.0
TG-13-153,Shivaji Nagar CH BD,Basti Dawakhana,Hyderabad,Amberpet,Amberpet,17.379324,78.496826,,Basti Dawakhana,100.0
TG-13-154,Shivlal Nagar CH BD,Basti Dawakhana,Hyderabad,Secunderabad,Secunderabad,17.436577,78.495461,,Basti Dawakhana,100.0
TG-13-155,Shyamlal Building BD,Basti Dawakhana,Hyderabad,Nampally,Nampally,17.3796,78.461,,Basti Dawakhana,100.0
TG-13-157,Sithafulmandi New Indra Nagar BD,Basti Dawakhana,Hyderabad,Charminar,Charminar,17.349203,78.487998,,Basti Dawakhana,100.0
TG-13-159,Subanpura CH BD,Basti Dawakhana,Hyderabad,Khairatabad,Khairatabad,17.447028,78.413287,,Basti Dawakhana,100.0
TG-13-160,Subramanya Nagar Residents Colony BD,Basti Dawakhana,Hyderabad,Nampally,Nampally,17.388834,78.465043,,Basti Dawakhana,100.0
TG-13-161,Sultan Nagar CH BD,Basti Dawakhana,Hyderabad,Saidabad,Saidabad,17.356269,78.514867,,Basti Dawakhana,100.0
TG-13-162,Sulthanshahi Play Ground BD,Basti Dawakhana,Hyderabad,Khairatabad,Khairatabad,17.452445,78.428564,,Basti Dawakhana,100.0
TG-13-163,Sundernagar CH BD,Basti Dawakhana,Hyderabad,Bahadurpura,Bahadurpura,17.365116,78.474018,,Basti Dawakhana,100.0
TG-13-164,Swami Vivekanandanagar BD,Basti Dawakhana,Hyderabad,Amberpet,Amberpet,17.387133,78.501096,,Basti Dawakhana,100.0
TG-13-165,Syednagar BD,Basti Dawakhana,Hyderabad,Khairatabad,Khairatabad,17.444805,78.441163,,Basti Dawakhana,100.0
TG-13-166,Tallakunta Community Hall BD,Basti Dawakhana,Hyderabad,Shaikpet,Shaikpet,17.406376,78.432443,,Basti Dawakhana,100.0
TG-13-167,Tilaknagar CH BD,Basti Dawakhana,Hyderabad,Bandlaguda,Bandlaguda,17.331273,78.48073,,Basti Dawakhana,100.0
TG-13-168,Undabagh CH BD,Basti Dawakhana,Hyderabad,Amberpet,Amberpet,17.394938,78.508355,,Basti Dawakhana,100.0
TG-13-169,Vattipally BD,Basti Dawakhana,Hyderabad,Himayatnagar,Himayatnagar,17.408239,78.47759,,Basti Dawakhana,100.0
TG-13-170,Vengal Rao Nagar Jawahar Nagar CH BD,Basti Dawakhana,Hyderabad,Bandlaguda,Bandlaguda,17.329698,78.461575,,Basti Dawakhana,100.0
TG-13-171,Venkateshawara Nagar BD,Basti Dawakhana,Hyderabad,Khairatabad,Khairatabad,17.44331,78.431993,,Basti Dawakhana,100.0
TG-13-172,Vijayapuri colony BD,Basti Dawakhana,Hyderabad,Shaikpet,Shaikpet,17.42199,78.430832,,Basti Dawakhana,100.0
TG-13-173,Vikas Nagar BD,Basti Dawakhana,Hyderabad,Maredpally,Maredpally,17.429145,78.532684,,Basti Dawakhana,100.0
TG-13-174,Vinayakrao Nagar BD,Basti Dawakhana,Hyderabad,Saidabad,Saidabad,17.353854,78.503184,,Basti Dawakhana,100.0
TG-13-176,Yadagirinagar CH BD,Basti Dawakhana,Hyderabad,Amberpet,Amberpet,17.384944,78.503748,,Basti Dawakhana,100.0
TG-13-177,Yellareddyguda Ambedkar CH BD,Basti Dawakhana,Hyderabad,Khairatabad,Khairatabad,17.439152,78.429009,,Basti Dawakhana,100.0
TG-13-178,Yosufguda Basti CH BD,Basti Dawakhana,Hyderabad,Khairatabad,Khairatabad,17.434618,78.441277,,Basti Dawakhana,100.0
TG-13-179,Zakir Hussain CH BD,Basti Dawakhana,Hyderabad,Khairatabad,Khairatabad,17.436128,78.433192,,Basti Dawakhana,100.0
TG-11-1,CD High Court,Civil Dispensary,Hyderabad,Nampally,Nampally,17.369844,78.473343,TVVP,Civil Dispensary,100.0
TG-11-4,CD New MLA Quarters,Civil Dispensary,Hyderabad,Himayatnagar,Himayatnagar,17.404211,78.474297,TVVP,Civil Dispensary,100.0
TG-11-3,CD Old MLA Quarters,Civil Dispensary,Hyderabad,Himayatnagar,Himayatnagar,17.397735,78.482721,TVVP,Civil Dispensary,100.0
TG-11-2,CD Secretariat,Civil Dispensary,Hyderabad,Himayatnagar,Himayatnagar,17.407705,78.473877,TVVP,Civil Dispensary,100.0
TG-16-7,CHC Barkas,Community Health Centre,Hyderabad,Bandlaguda,Bandlaguda,17.31879,78.481743,TVVP,Community Health Centre,100.0
TG-16-17,CHC Gandhari,Community Health Centre,Hyderabad,Nampally,Nampally,17.386547,78.488611,TVVP,Community Health Centre,100.0
TG-16-6,CHC Kairathabad,Community Health Centre,Hyderabad,Khairatabad,Khairatabad,17.410601,78.463827,TVVP,Community Health Centre,100.0
TG-16-8,CHC Yakuthpura,Community Health Centre,Hyderabad,Charminar,Charminar,17.358316,78.495461,TVVP,Community Health Centre,100.0
TG-16-60,CHC Yellareddypeta,Community Health Centre,Hyderabad,Nampally,Nampally,17.386547,78.488611,TVVP,Community Health Centre,100.0
TG-9-1,DH King Koti,District Hospital,Hyderabad,Nampally,Nampally,17.39362,78.48157,TVVP,District Hospital,100.0
TG-12-1,"MCH, Shahalibanda",Maternity Community Health Centre,Hyderabad,Charminar,Charminar,17.353127,78.474831,TVVP,Maternity Community Health Centre,100.0
TG-17-216,"Primary Health Centre, Nandigam",Primary Health Centre,Hyderabad,Bandlaguda,Bandlaguda,17.340233,78.473046,,Primary Health Centre,100.0
TG-8-2,Gandhi Hospital,Teaching Hospital,Hyderabad,Musheerabad,Musheerabad,17.424348,78.50199,Director of Medical Education,Medical Colleges,100.0
TG-8-11,Government Dental College And Hospital,Teaching Hospital,Hyderabad,Nampally,Nampally,17.372058,78.471713,Director of Medical Education,Medical Colleges,100.0
TG-8-10,Government Maternity Hospital,Teaching Hospital,Hyderabad,Nampally,Nampally,17.386293,78.487321,Director of Medical Education,Medical Colleges,100.0
TG-8-4,Govt. E.N.T. Hospital,Teaching Hospital,Hyderabad,Nampally,Nampally,17.384736,78.482078,Director of Medical Education,Medical Colleges,100.0
TG-8-7,Govt. Genl. And Chest Hospital,Teaching Hospital,Hyderabad,Khairatabad,Khairatabad,17.443927,78.435935,Director of Medical Education,Medical Colleges,100.0
TG-8-8,Institute Of Mental Health,Teaching Hospital,Hyderabad,Ammerpet,Ammerpet,17.450306,78.435875,Director of Medical Education,Medical Colleges,100.0
TG-8-9,Modern Government Maternity Hospital,Teaching Hospital,Hyderabad,Nampally,Nampally,17.36884,78.467731,Director of Medical Education,Medical Colleges,100.0
TG-8-5,Niloufer Hospital,Teaching Hospital,Hyderabad,Asifnagar,Asifnagar,17.398837,78.461077,Director of Medical Education,Medical Colleges,100.0
TG-8-1,Osmania General Hospital,Teaching Hospital,Hyderabad,Nampally,Nampally,17.374483,78.474564,Director of Medical Education,Medical Colleges,100.0
TG-8-6,S.R.R.I.T.C.D. Hospital (Fever HI),Teaching Hospital,Hyderabad,Himayatnagar,Himayatnagar,17.396159,78.502465,Director of Medical Education,Medical Colleges,100.0
TG-8-3,Sarojini Devi Eye Hospital,Teaching Hospital,Hyderabad,Asifnagar,Asifnagar,17.399098,78.443648,Director of Medical Education,Medical Colleges,100.0
TG-14-2,UCHC Amberpet,Urban Community Health Centre,Hyderabad,Amberpet,Amberpet,17.391968,78.520805,TVVP,Urban Community Health Centre,100.0
TG-14-5,UCHC Ameerpet,Urban Community Health Centre,Hyderabad,Ammerpet,Ammerpet,17.442034,78.447983,TVVP,Urban Community Health Centre,100.0
TG-14-1,UCHC Janggamet,Urban Community Health Centre,Hyderabad,Bandlaguda,Bandlaguda,17.336324,78.473459,TVVP,Urban Community Health Centre,100.0
TG-14-7,UCHC Panipura,Urban Community Health Centre,Hyderabad,Asifnagar,Asifnagar,17.373083,78.445938,TVVP,Urban Community Health Centre,100.0
TG-14-6,UCHC Sriram Nagar,Urban Community Health Centre,Hyderabad,Khairatabad,Khairatabad,17.448294,78.423622,TVVP,Urban Community Health Centre,100.0
TG-15-269,BEGUMBAZAR(UPHC),Urban Primary Health Centre,Hyderabad,Nampally,Nampally,17.375521,78.471099,,Urban Primary Health Centre,100.0
TG-15-270,CHINTHAL BASTI(UPHC),Urban Primary Health Centre,Hyderabad,Asifnagar,Asifnagar,17.407096,78.45478,,Urban Primary Health Centre,100.0
TG-15-271,Dr.Pauldoss(UPHC),Urban Primary Health Centre,Hyderabad,Secunderabad,Secunderabad,17.433162,78.487564,,Urban Primary Health Centre,100.0
TG-15-272,Harrajpenta(UPHC),Urban Primary Health Centre,Hyderabad,Himayatnagar,Himayatnagar,17.389239,78.502621,,Urban Primary Health Centre,100.0
TG-15-273,Mohammadguda(UPHC),Urban Primary Health Centre,Hyderabad,Musheerabad,Musheerabad,17.421228,78.513065,,Urban Primary Health Centre,100.0
TG-15-274,PICKET(UPHC),Urban Primary Health Centre,Hyderabad,Maredpally,Maredpally,17.452312,78.499936,,Urban Primary Health Centre,100.0
TG-15-275,PURANAPOOL-1(UPHC),Urban Primary Health Centre,Hyderabad,Bahadurpura,Bahadurpura,17.365184,78.459069,,Urban Primary Health Centre,100.0
TG-15-276,Panbazar(UPHC),Urban Primary Health Centre,Hyderabad,Secunderabad,Secunderabad,17.434394,78.489324,,Urban Primary Health Centre,100.0
TG-15-21,UPHC AMS,Urban Primary Health Centre,Hyderabad,Musheerabad,Musheerabad,17.418112,78.499728,,Urban Primary Health Centre,100.0
TG-15-73,UPHC Afzal Sagar,Urban Primary Health Centre,Hyderabad,Asifnagar,Asifnagar,17.391015,78.451511,,Urban Primary Health Centre,100.0
TG-15-78,UPHC Agapura,Urban Primary Health Centre,Hyderabad,Nampally,Nampally,17.383787,78.470254,,Urban Primary Health Centre,100.0
TG-15-55,UPHC Aliyabad,Urban Primary Health Centre,Hyderabad,Charminar,Charminar,17.350395,78.476921,,Urban Primary Health Centre,100.0
TG-15-103,UPHC Aman Nagar,Urban Primary Health Centre,Hyderabad,Charminar,Charminar,17.355113,78.480712,,Urban Primary Health Centre,100.0
TG-15-25,UPHC Ameerpet,Urban Primary Health Centre,Hyderabad,Ammerpet,Ammerpet,17.441642,78.447906,,Urban Primary Health Centre,100.0
TG-15-42,UPHC Azampura,Urban Primary Health Centre,Hyderabad,Amberpet,Amberpet,17.371631,78.491016,,Urban Primary Health Centre,100.0
TG-15-18,UPHC Bagh Amberpet,Urban Primary Health Centre,Hyderabad,Amberpet,Amberpet,17.396648,78.517794,,Urban Primary Health Centre,100.0
TG-15-33,UPHC Balagunj,Urban Primary Health Centre,Hyderabad,Bandlaguda,Bandlaguda,17.336993,78.471708,,Urban Primary Health Centre,100.0
TG-15-38,UPHC Balamrai,Urban Primary Health Centre,Hyderabad,Tirumalgiri,Tirumalgiri,17.44941,78.485074,,Urban Primary Health Centre,100.0
TG-15-99,UPHC Banjarahills,Urban Primary Health Centre,Hyderabad,Shaikpet,Shaikpet,17.418831,78.441642,,Urban Primary Health Centre,100.0
TG-15-29,UPHC Barkas,Urban Primary Health Centre,Hyderabad,Bandlaguda,Bandlaguda,17.318855,78.481828,,Urban Primary Health Centre,100.0
TG-15-88,UPHC Begum Bazar (24 x 7),Urban Primary Health Centre,Hyderabad,Nampally,Nampally,17.375521,78.471099,,Urban Primary Health Centre,100.0
TG-15-90,UPHC Bhoiguda,Urban Primary Health Centre,Hyderabad,Maredpally,Maredpally,17.429513,78.497645,,Urban Primary Health Centre,100.0
TG-15-20,UPHC Bholakpur,Urban Primary Health Centre,Hyderabad,Musheerabad,Musheerabad,17.420718,78.498635,,Urban Primary Health Centre,100.0
TG-15-67,UPHC Bible House,Urban Primary Health Centre,Hyderabad,Musheerabad,Musheerabad,17.42078,78.494335,,Urban Primary Health Centre,100.0
TG-15-58,UPHC Boggulkunta,Urban Primary Health Centre,Hyderabad,Nampally,Nampally,17.391081,78.480336,,Urban Primary Health Centre,100.0
TG-15-97,UPHC Borabanda (24 x 7),Urban Primary Health Centre,Hyderabad,Khairatabad,Khairatabad,17.452496,78.407874,,Urban Primary Health Centre,100.0
TG-15-34,UPHC Bowenpally,Urban Primary Health Centre,Hyderabad,Tirumalgiri,Tirumalgiri,17.465757,78.472424,,Urban Primary Health Centre,100.0
TG-15-50,UPHC Chandulal Baradari,Urban Primary Health Centre,Hyderabad,Bahadurpura,Bahadurpura,17.350774,78.46114,,Urban Primary Health Centre,100.0
TG-15-53,UPHC Charminar,Urban Primary Health Centre,Hyderabad,Bahadurpura,Bahadurpura,17.346894,78.471583,,Urban Primary Health Centre,100.0
TG-15-93,UPHC Chilkalguda,Urban Primary Health Centre,Hyderabad,Maredpally,Maredpally,17.423919,78.512636,,Urban Primary Health Centre,100.0
TG-15-74,UPHC Chinthal Basthi (24 x 7),Urban Primary Health Centre,Hyderabad,Asifnagar,Asifnagar,17.407096,78.45478,,Urban Primary Health Centre,100.0
TG-15-91,UPHC Chuttal Basthi,Urban Primary Health Centre,Hyderabad,Secunderabad,Secunderabad,17.438265,78.487357,,Urban Primary Health Centre,100.0
TG-15-57,UPHC DBR Mills,Urban Primary Health Centre,Hyderabad,Musheerabad,Musheerabad,17.420037,78.48725,,Urban Primary Health Centre,100.0
TG-15-40,UPHC Dabeerperpura,Urban Primary Health Centre,Hyderabad,Charminar,Charminar,17.367221,78.489453,,Urban Primary Health Centre,100.0
TG-15-41,UPHC Darulshifa (24x7),Urban Primary Health Centre,Hyderabad,Charminar,Charminar,17.369259,78.48163,,Urban Primary Health Centre,100.0
TG-15-86,UPHC Dhoodbowli,Urban Primary Health Centre,Hyderabad,Nampally,Nampally,17.36765,78.461218,,Urban Primary Health Centre,100.0
TG-15-65,UPHC Dr. Paul Das,Urban Primary Health Centre,Hyderabad,Secunderabad,Secunderabad,17.433162,78.487564,,Urban Primary Health Centre,100.0
TG-15-102,UPHC Edi Bazar,Urban Primary Health Centre,Hyderabad,Bandlaguda,Bandlaguda,17.345593,78.487012,,Urban Primary Health Centre,100.0
TG-15-60,UPHC Esamia Bazar,Urban Primary Health Centre,Hyderabad,Nampally,Nampally,17.384561,78.490655,,Urban Primary Health Centre,100.0
TG-15-46,UPHC Film Nagar,Urban Primary Health Centre,Hyderabad,Shaikpet,Shaikpet,17.40913,78.406568,,Urban Primary Health Centre,100.0
TG-15-71,UPHC Gaddiannaram,Urban Primary Health Centre,Hyderabad,Saidabad,Saidabad,17.363818,78.508385,,Urban Primary Health Centre,100.0
TG-15-56,UPHC Gagan Mahal (24x7),Urban Primary Health Centre,Hyderabad,Himayatnagar,Himayatnagar,17.405965,78.485118,,Urban Primary Health Centre,100.0
TG-15-89,UPHC Gandhi,Urban Primary Health Centre,Hyderabad,Maredpally,Maredpally,17.425613,78.499725,,Urban Primary Health Centre,100.0
TG-15-49,UPHC Golconda,Urban Primary Health Centre,Hyderabad,Golkonda,Golkonda,17.385108,78.402886,,Urban Primary Health Centre,100.0
TG-15-47,UPHC Gudimalkapur,Urban Primary Health Centre,Hyderabad,Asifnagar,Asifnagar,17.384054,78.438217,,Urban Primary Health Centre,100.0
TG-15-22,UPHC Harrajpenta,Urban Primary Health Centre,Hyderabad,Himayatnagar,Himayatnagar,17.389239,78.502621,,Urban Primary Health Centre,100.0
TG-15-52,UPHC Jahanuma,Urban Primary Health Centre,Hyderabad,Bandlaguda,Bandlaguda,17.340355,78.462404,,Urban Primary Health Centre,100.0
TG-15-69,UPHC Jambagh Park,Urban Primary Health Centre,Hyderabad,Charminar,Charminar,17.37479,78.484245,,Urban Primary Health Centre,100.0
TG-15-101,UPHC Jublihills,Urban Primary Health Centre,Hyderabad,Shaikpet,Shaikpet,17.428757,78.424961,,Urban Primary Health Centre,100.0
TG-15-107,UPHC Kamatipura,Urban Primary Health Centre,Hyderabad,Bahadurpura,Bahadurpura,17.355372,78.461531,,Urban Primary Health Centre,100.0
TG-15-48,UPHC Karwan-I,Urban Primary Health Centre,Hyderabad,Asifnagar,Asifnagar,17.375357,78.437703,,Urban Primary Health Centre,100.0
TG-15-84,UPHC Karwan-II,Urban Primary Health Centre,Hyderabad,Nampally,Nampally,17.380111,78.461272,,Urban Primary Health Centre,100.0
TG-15-80,UPHC Khairtabad,Urban Primary Health Centre,Hyderabad,Khairatabad,Khairatabad,17.420587,78.462939,,Urban Primary Health Centre,100.0
TG-15-87,UPHC Kishanbagh,Urban Primary Health Centre,Hyderabad,Nampally,Nampally,17.368808,78.471485,,Urban Primary Health Centre,100.0
TG-15-45,UPHC Kummarwadi,Urban Primary Health Centre,Hyderabad,Golkonda,Golkonda,17.379361,78.410712,,Urban Primary Health Centre,100.0
TG-15-92,UPHC Kuttivellodi,Urban Primary Health Centre,Hyderabad,Maredpally,Maredpally,17.425324,78.510878,,Urban Primary Health Centre,100.0
TG-15-70,UPHC Madannapet,Urban Primary Health Centre,Hyderabad,Saidabad,Saidabad,17.352867,78.499437,,Urban Primary Health Centre,100.0
TG-15-85,UPHC Maharajgunj,Urban Primary Health Centre,Hyderabad,Nampally,Nampally,17.377567,78.475879,,Urban Primary Health Centre,100.0
TG-15-30,UPHC Maisaram,Urban Primary Health Centre,Hyderabad,Bandlaguda,Bandlaguda,17.327415,78.494943,,Urban Primary Health Centre,100.0
TG-15-68,UPHC Malakpet,Urban Primary Health Centre,Hyderabad,Saidabad,Saidabad,17.370722,78.508507,,Urban Primary Health Centre,100.0
TG-15-95,UPHC Mohammadguda (NGO) RED Cross,Urban Primary Health Centre,Hyderabad,Musheerabad,Musheerabad,17.421228,78.513065,,Urban Primary Health Centre,100.0
TG-15-19,UPHC Musheerabad,Urban Primary Health Centre,Hyderabad,Musheerabad,Musheerabad,17.41883,78.499932,,Urban Primary Health Centre,100.0
TG-15-76,UPHC Nampally,Urban Primary Health Centre,Hyderabad,Nampally,Nampally,17.391952,78.463047,,Urban Primary Health Centre,100.0
TG-15-105,UPHC Nayapool,Urban Primary Health Centre,Hyderabad,Nampally,Nampally,17.36833,78.46768,,Urban Primary Health Centre,100.0
TG-15-77,UPHC Niloufer,Urban Primary Health Centre,Hyderabad,Asifnagar,Asifnagar,17.40308,78.46016,,Urban Primary Health Centre,100.0
TG-15-64,UPHC Pan Bazar,Urban Primary Health Centre,Hyderabad,Secunderabad,Secunderabad,17.434394,78.489324,,Urban Primary Health Centre,100.0
TG-15-83,UPHC Panipura,Urban Primary Health Centre,Hyderabad,Asifnagar,Asifnagar,17.373055,78.445958,,Urban Primary Health Centre,100.0
TG-15-27,UPHC Panjagutta,Urban Primary Health Centre,Hyderabad,Khairatabad,Khairatabad,17.418807,78.462399,,Urban Primary Health Centre,100.0
TG-15-104,UPHC Panjesha-I,Urban Primary Health Centre,Hyderabad,Charminar,Charminar,17.363136,78.477241,,Urban Primary Health Centre,100.0
TG-15-108,UPHC Panjesha-II,Urban Primary Health Centre,Hyderabad,Charminar,Charminar,17.36211,78.47808,,Urban Primary Health Centre,100.0
TG-15-31,UPHC Parvathi Nagar,Urban Primary Health Centre,Hyderabad,Bandlaguda,Bandlaguda,17.337645,78.484863,,Urban Primary Health Centre,100.0
TG-15-36,UPHC Picket,Urban Primary Health Centre,Hyderabad,Maredpally,Maredpally,17.452312,78.499936,,Urban Primary Health Centre,100.0
TG-15-81,UPHC Puranapool-I (24 x 7),Urban Primary Health Centre,Hyderabad,Bahadurpura,Bahadurpura,17.365184,78.459069,,Urban Primary Health Centre,100.0
TG-15-82,UPHC Puranapool-II,Urban Primary Health Centre,Hyderabad,Bahadurpura,Bahadurpura,17.365752,78.461765,,Urban Primary Health Centre,100.0
TG-15-61,UPHC RH&FWTC,Urban Primary Health Centre,Hyderabad,Nampally,Nampally,17.385573,78.488616,,Urban Primary Health Centre,100.0
TG-15-39,UPHC Rasoolpura,Urban Primary Health Centre,Hyderabad,Tirumalgiri,Tirumalgiri,17.447578,78.476505,,Urban Primary Health Centre,100.0
TG-15-79,UPHC Shanti Nagar,Urban Primary Health Centre,Hyderabad,Asifnagar,Asifnagar,17.394439,78.450073,,Urban Primary Health Centre,100.0
TG-15-98,UPHC Showkath Nagar,Urban Primary Health Centre,Hyderabad,Shaikpet,Shaikpet,17.425062,78.436443,,Urban Primary Health Centre,100.0
TG-15-96,UPHC Sri Ram Nagar,Urban Primary Health Centre,Hyderabad,Khairatabad,Khairatabad,17.448452,78.423929,,Urban Primary Health Centre,100.0
TG-15-59,UPHC Sulthan Bazar,Urban Primary Health Centre,Hyderabad,Nampally,Nampally,17.384475,78.490716,,Urban Primary Health Centre,100.0
TG-15-75,UPHC Syed Nagar,Urban Primary Health Centre,Hyderabad,Asifnagar,Asifnagar,17.403156,78.439973,,Urban Primary Health Centre,100.0
TG-15-106,UPHC Taramaidan,Urban Primary Health Centre,Hyderabad,Bahadurpura,Bahadurpura,17.361878,78.46524,,Urban Primary Health Centre,100.0
TG-15-23,UPHC Tilak Nagar,Urban Primary Health Centre,Hyderabad,Himayatnagar,Himayatnagar,17.396267,78.498903,,Urban Primary Health Centre,100.0
TG-15-35,UPHC Tirumalgiri,Urban Primary Health Centre,Hyderabad,Tirumalgiri,Tirumalgiri,17.480128,78.512186,,Urban Primary Health Centre,100.0
TG-15-54,UPHC Umda Bazar,Urban Primary Health Centre,Hyderabad,Bandlaguda,Bandlaguda,17.346041,78.473605,,Urban Primary Health Centre,100.0
TG-15-32,UPHC Uppuguda,Urban Primary Health Centre,Hyderabad,Bandlaguda,Bandlaguda,17.337428,78.494109,,Urban Primary Health Centre,100.0
TG-15-43,UPHC Yakutpura-I (24x7),Urban Primary Health Centre,Hyderabad,Charminar,Charminar,17.358334,78.495555,,Urban Primary Health Centre,100.0
TG-15-44,UPHC Yakutpura-II,Urban Primary Health Centre,Hyderabad,Charminar,Charminar,17.36074,78.489299,,Urban Primary Health Centre,100.0
TG-15-277,Yakuthpura-1(UPHC),Urban Primary Health Centre,Hyderabad,Charminar,Charminar,17.358334,78.495555,,Urban Primary Health Centre,100.0
TG-10-14,AH Dharmapuri,Area Hospital,Jagtial,Dharmapuri,Dharmapuri,18.945337,79.101503,TVVP,Area Hospital,100.0
TG-10-15,AH korutla,Area Hospital,Jagtial,Korutla,Korutla,18.822279,78.70686,TVVP,Area Hospital,100.0
TG-13-183,"Azipura Muncipal Building, Korutla",Basti Dawakhana,Jagtial,Korutla,Korutla,18.825099,78.698031,,Basti Dawakhana,100.0
TG-13-181,Islampura Govt school Building,Basti Dawakhana,Jagtial,Jagtial,Jagityal,18.794905,78.912872,,Basti Dawakhana,100.0
TG-13-185,Nakkalpet Road BDK Dharmapuri,Basti Dawakhana,Jagtial,Jagtial,Mothe,18.791797,78.919571,,Basti Dawakhana,100.0
TG-13-182,Taraka Ram Nagar Govt Building,Basti Dawakhana,Jagtial,Jagtial,Dharur,18.7644,78.909,,Basti Dawakhana,100.0
TG-13-184,ZP High school Boys Raikal,Basti Dawakhana,Jagtial,Raikal,Raikal,18.921804,78.80652,,Basti Dawakhana,100.0
TG-16-10,CHC Metpally,Community Health Centre,Jagtial,Metpalli,Metpalli,18.846065,78.621512,TVVP,Community Health Centre,100.0
TG-16-11,CHC Raikal,Community Health Centre,Jagtial,Raikal,Raikal,18.911629,78.809122,TVVP,Community Health Centre,100.0
TG-17-305,Primary Health Centre Oddalingapur,Primary Health Centre,Jagtial,Raikal,Raikal,18.914231,78.810832,,Primary Health Centre,100.0
TG-17-274,"Primary Health Centre, Ailapur",Primary Health Centre,Jagtial,Korutla,Ailapur,18.871002,78.699774,,Primary Health Centre,100.0
TG-17-273,"Primary Health Centre, Ambaripet",Primary Health Centre,Jagtial,Kathlapur,Ambaripet,18.66024,78.695711,,Primary Health Centre,100.0
TG-17-392,"Primary Health Centre, Ambaripet(N)",Primary Health Centre,Jagtial,Endapalli,Ambaripeta,18.792102,79.19053,,Primary Health Centre,100.0
TG-17-375,"Primary Health Centre, Dharmapuri",Primary Health Centre,Jagtial,Dharmapuri,Dharmapuri,18.944859,79.10112,,Primary Health Centre,100.0
TG-17-361,"Primary Health Centre, Gollapalli",Primary Health Centre,Jagtial,Gollapalli,Gollapalli,18.790921,79.051042,,Primary Health Centre,100.0
TG-17-249,"Primary Health Centre, Ibrahimpatnam",Primary Health Centre,Jagtial,Ibrahimpatnam,Ibrahimpatnam,18.908471,78.585424,,Primary Health Centre,100.0
TG-17-254,"Primary Health Centre, Jaggasagar",Primary Health Centre,Jagtial,Metpalli,Rama Lachakkapet,18.775391,78.610613,,Primary Health Centre,100.0
TG-17-351,"Primary Health Centre, Kalleda",Primary Health Centre,Jagtial,Jagityal_Rural,Kalleda,18.859862,79.009231,,Primary Health Centre,100.0
TG-17-268,"Primary Health Centre, Kathalapur",Primary Health Centre,Jagtial,Kathlapur,Kathlapur,18.751865,78.689092,,Primary Health Centre,100.0
TG-17-327,"Primary Health Centre, Kodimial",Primary Health Centre,Jagtial,Kodimial,Kodimial,18.630136,78.893848,,Primary Health Centre,100.0
TG-17-276,"Primary Health Centre, Mallapur",Primary Health Centre,Jagtial,Mallapur,Mallapur,18.964169,78.70528,,Primary Health Centre,100.0
TG-17-337,"Primary Health Centre, Mallial",Primary Health Centre,Jagtial,Mallial,Mallial,18.705819,78.939193,,Primary Health Centre,100.0
TG-17-304,"Primary Health Centre, Medipalli",Primary Health Centre,Jagtial,Medipalle,Medipalle,18.800134,78.810733,,Primary Health Centre,100.0
TG-17-366,"Primary Health Centre, Pegadapalli",Primary Health Centre,Jagtial,Pegadapalli,Pegadapalli,18.695975,79.074215,,Primary Health Centre,100.0
TG-17-345,"Primary Health Centre, Sarangapur",Primary Health Centre,Jagtial,Sarangapur,Sarangapur,18.929412,78.957527,,Primary Health Centre,100.0
TG-17-391,"Primary Health Centre, Velgatur",Primary Health Centre,Jagtial,Velgatur,Velgatur,18.839752,79.177571,,Primary Health Centre,100.0
TG-17-357,"Primary Health Centre,Nerella",Primary Health Centre,Jagtial,Dharmapuri,Nerella,18.92243,79.038903,,Primary Health Centre,100.0
TG-18-382,SubCentre Ailapoor-I,Sub Centre,Jagtial,Korutla,Ailapur,18.870717,78.698416,,Health Sub Centre,100.0
TG-18-383,SubCentre Ailapoor-II,Sub Centre,Jagtial,Korutla,Ailapur,18.870717,78.698416,,Health Sub Centre,100.0
TG-18-384,SubCentre Aithupalli,Sub Centre,Jagtial,Pegadapalli,Aithupalli,18.660448,79.033429,,Health Sub Centre,100.0
TG-18-513,SubCentre Allipur,Sub Centre,Jagtial,Raikal,Allipur,18.863367,78.871944,,Health Sub Centre,100.0
TG-18-495,SubCentre Ambaripet,Sub Centre,Jagtial,Jagtial,Jagityal,18.77762,78.879664,,Health Sub Centre,100.0
TG-18-385,SubCentre Ambaripet New,Sub Centre,Jagtial,Endapalli,Ambaripeta,18.791397,79.196597,,Health Sub Centre,100.0
TG-18-387,SubCentre Aravelli,Sub Centre,Jagtial,Pegadapalli,Aravelli,18.715683,79.027104,,Health Sub Centre,100.0
TG-18-388,SubCentre Atmakur,Sub Centre,Jagtial,Gollapalli,Atmakur,18.772755,79.125217,,Health Sub Centre,100.0
TG-18-514,SubCentre Ayodhya,Sub Centre,Jagtial,Raikal,Allipur,18.88229,78.856087,,Health Sub Centre,100.0
TG-18-390,SubCentre Bathkepalli,Sub Centre,Jagtial,Pegadapalli,Bathkepalli,18.737387,79.039121,,Health Sub Centre,100.0
TG-18-391,SubCentre Bheemaram,Sub Centre,Jagtial,Bheemaram,Bheemaram,18.734785,78.785319,,Health Sub Centre,100.0
TG-18-477,SubCentre Bheerpoor,Sub Centre,Jagtial,Beerpur,Beerpur,18.989415,79.009852,,Health Sub Centre,100.0
TG-18-515,SubCentre Bhupathpur,Sub Centre,Jagtial,Raikal,Bhoopathipur,18.940724,78.832819,,Health Sub Centre,100.0
TG-18-496,SubCentre Bhushanraopet,Sub Centre,Jagtial,Kathlapur,Bhushanrao Peta,18.735598,78.65314,,Health Sub Centre,100.0
TG-18-516,SubCentre Bornapally,Sub Centre,Jagtial,Raikal,Bornapalle,19.028046,78.821999,,Health Sub Centre,100.0
TG-18-487,SubCentre Chendoli,Sub Centre,Jagtial,Gollapalli,Chandoli,18.790293,79.121776,,Health Sub Centre,100.0
TG-18-393,SubCentre Cheppial,Sub Centre,Jagtial,Kodimial,Cheppial,18.611434,78.930502,,Health Sub Centre,100.0
TG-18-488,SubCentre Chilavakoduru,Sub Centre,Jagtial,Gollapalli,Chilvakodur,18.799068,79.092464,,Health Sub Centre,100.0
TG-18-394,SubCentre Chinnametpalli,Sub Centre,Jagtial,Korutla,Chinna Metpalli,18.841639,78.776178,,Health Sub Centre,100.0
TG-18-396,SubCentre Desaipet,Sub Centre,Jagtial,Bheemaram,Govindaram,18.705989,78.761931,,Health Sub Centre,100.0
TG-18-517,SubCentre Dharmajipet,Sub Centre,Jagtial,Raikal,Dharmajipet,18.963381,78.864455,,Health Sub Centre,100.0
TG-18-497,SubCentre Duloor,Sub Centre,Jagtial,Kathlapur,Dulur,18.733486,78.712191,,Health Sub Centre,100.0
TG-18-398,SubCentre Eendapalli,Sub Centre,Jagtial,Endapalli,Endapalli,18.77339,79.184432,,Health Sub Centre,100.0
TG-18-498,SubCentre Gambeerpur,Sub Centre,Jagtial,Kathlapur,Gambhirpur,18.690445,78.726364,,Health Sub Centre,100.0
TG-18-489,SubCentre Gollapally,Sub Centre,Jagtial,Gollapalli,Gollapalli,18.792213,79.057444,,Health Sub Centre,100.0
TG-18-401,SubCentre Govindaram,Sub Centre,Jagtial,Korutla,Venkatapur,18.814867,78.754463,,Health Sub Centre,100.0
TG-18-402,SubCentre Gullakota,Sub Centre,Jagtial,Endapalli,Gullakota,18.77144,79.148769,,Health Sub Centre,100.0
TG-18-518,SubCentre Itikyal,Sub Centre,Jagtial,Raikal,Itkyal,18.920398,78.775662,,Health Sub Centre,100.0
TG-18-406,SubCentre Jaggasagar,Sub Centre,Jagtial,Metpalli,Jaggasagar,18.782004,78.620013,,Health Sub Centre,100.0
TG-18-407,SubCentre Joganpalli,Sub Centre,Jagtial,Korutla,Joganpalli,18.860916,78.785871,,Health Sub Centre,100.0
TG-18-374,SubCentre Kalvakota,Sub Centre,Jagtial,Medipalle,Kalvakota,18.764126,78.783038,,Health Sub Centre,100.0
TG-18-409,SubCentre Kapparaopet,Sub Centre,Jagtial,Velgatur,Kapparaopeta,18.828804,79.191213,,Health Sub Centre,100.0
TG-18-499,SubCentre Kathalapur,Sub Centre,Jagtial,Kathlapur,Kathlapur,18.749495,78.686673,,Health Sub Centre,100.0
TG-18-519,SubCentre Katkapur,Sub Centre,Jagtial,Raikal,Katkapur,18.990226,78.874068,,Health Sub Centre,100.0
TG-18-410,SubCentre Katlakunta,Sub Centre,Jagtial,Medipalle,Katlakunta,18.834978,78.811369,,Health Sub Centre,100.0
TG-18-412,SubCentre Kodimail-I,Sub Centre,Jagtial,Kodimial,Kodimial,18.629329,78.906212,,Health Sub Centre,100.0
TG-18-413,SubCentre Kodimail-II,Sub Centre,Jagtial,Kodimial,Kodimial,18.628678,78.904753,,Health Sub Centre,100.0
TG-18-478,SubCentre Kolvai,Sub Centre,Jagtial,Beerpur,Kolvai,19.03573,79.00039,,Health Sub Centre,100.0
TG-18-414,SubCentre Kondapur,Sub Centre,Jagtial,Medipalle,Kondapur,18.777648,78.808671,,Health Sub Centre,100.0
TG-18-375,SubCentre Kondrikarla,Sub Centre,Jagtial,Metpalli,Kondrikarla,18.781671,78.638455,,Health Sub Centre,100.0
TG-18-376,SubCentre Korutla II,Sub Centre,Jagtial,Korutla,Korutla,18.826865,78.713999,,Health Sub Centre,100.0
TG-18-416,SubCentre Korutla III,Sub Centre,Jagtial,Korutla,Korutla,18.826865,78.713999,,Health Sub Centre,100.0
TG-18-418,SubCentre Lingapur,Sub Centre,Jagtial,Pegadapalli,Lingapur,18.749822,79.051695,,Health Sub Centre,100.0
TG-18-419,SubCentre Madampalli,Sub Centre,Jagtial,Pegadapalli,Aravelli,18.737305,79.00835,,Health Sub Centre,100.0
TG-18-420,SubCentre Madhapur,Sub Centre,Jagtial,Korutla,Madhapur,18.852478,78.74337,,Health Sub Centre,100.0
TG-18-480,SubCentre Mangela,Sub Centre,Jagtial,Beerpur,Mangela,19.046451,78.947209,,Health Sub Centre,100.0
TG-18-424,SubCentre Mannegudam,Sub Centre,Jagtial,Bheemaram,Mannnegudem,18.738149,78.746015,,Health Sub Centre,100.0
TG-18-425,SubCentre Medipally,Sub Centre,Jagtial,Medipalle,Medipalle,18.798208,78.814195,,Health Sub Centre,100.0
TG-18-426,SubCentre Metlachittapur,Sub Centre,Jagtial,Metpalli,Metlachittapur,18.790415,78.590214,,Health Sub Centre,100.0
TG-18-377,SubCentre Metpalli II (Indiranagar),Sub Centre,Jagtial,Metpalli,Metpalli,18.855285,78.632047,,Health Sub Centre,100.0
TG-18-378,SubCentre Metpalli III (Muslimpura),Sub Centre,Jagtial,Metpalli,Metpalli,18.846096,78.622397,,Health Sub Centre,100.0
TG-18-429,SubCentre Mohanraopet,Sub Centre,Jagtial,Korutla,Mohanrao Peta,18.814018,78.779697,,Health Sub Centre,100.0
TG-18-431,SubCentre Muthayampet,Sub Centre,Jagtial,Mallial,Muthyampeta,18.689914,78.93731,,Health Sub Centre,100.0
TG-18-520,SubCentre Mythapur,Sub Centre,Jagtial,Raikal,Mahitapur,18.885985,78.808365,,Health Sub Centre,100.0
TG-18-379,SubCentre Nachupally,Sub Centre,Jagtial,Kodimial,Nachupalle,18.643273,78.916094,,Health Sub Centre,100.0
TG-18-432,SubCentre Namilikonda,Sub Centre,Jagtial,Kodimial,Namilikonda,18.593587,78.967004,,Health Sub Centre,100.0
TG-18-380,SubCentre Nancherla,Sub Centre,Jagtial,Pegadapalli,Nancherla,18.727226,79.088409,,Health Sub Centre,100.0
TG-18-433,SubCentre Nookapalli,Sub Centre,Jagtial,Mallial,Nookapalle,18.718203,78.908314,,Health Sub Centre,100.0
TG-18-521,SubCentre Oddelingapur,Sub Centre,Jagtial,Raikal,Oddelingapur,18.958348,78.834672,,Health Sub Centre,100.0
TG-18-434,SubCentre Paidimadugu,Sub Centre,Jagtial,Korutla,Paidimadugu,18.872585,78.771844,,Health Sub Centre,100.0
TG-18-435,SubCentre Paidipalli,Sub Centre,Jagtial,Velgatur,Paidipalli,18.794499,79.232862,,Health Sub Centre,100.0
TG-18-436,SubCentre Pathagudur,Sub Centre,Jagtial,Endapalli,Pathagudur,18.758031,79.217906,,Health Sub Centre,100.0
TG-18-437,SubCentre Pegadapalli,Sub Centre,Jagtial,Pegadapalli,Pegadapalli,18.697916,79.072979,,Health Sub Centre,100.0
TG-18-482,SubCentre Pembatla,Sub Centre,Jagtial,Sarangapur,Pembetla,18.870341,78.937752,,Health Sub Centre,100.0
TG-18-440,SubCentre Porumalla,Sub Centre,Jagtial,Medipalle,Pormalla,18.857553,78.828186,,Health Sub Centre,100.0
TG-18-442,SubCentre Pudoor,Sub Centre,Jagtial,Kodimial,Pudur,18.624352,78.954043,,Health Sub Centre,100.0
TG-18-491,SubCentre Raghavapatnam,Sub Centre,Jagtial,Gollapalli,Raghavapatnam,18.765561,79.027777,,Health Sub Centre,100.0
TG-18-522,SubCentre Raikal-I,Sub Centre,Jagtial,Raikal,Raikal,18.905013,78.812779,,Health Sub Centre,100.0
TG-18-523,SubCentre Raikal-II,Sub Centre,Jagtial,Raikal,Raikal,18.905013,78.812779,,Health Sub Centre,100.0
TG-18-443,SubCentre Rampur,Sub Centre,Jagtial,Mallial,Rampur,18.740394,78.863554,,Health Sub Centre,100.0
TG-18-444,SubCentre Ramsagar,Sub Centre,Jagtial,Kodimial,Ramsagar,18.662236,78.902655,,Health Sub Centre,100.0
TG-18-483,SubCentre Rechapalli,Sub Centre,Jagtial,Sarangapur,Rechapalli,18.931619,78.930545,,Health Sub Centre,100.0
TG-18-381,SubCentre Regunta,Sub Centre,Jagtial,Mallapur,Regunta,18.936629,78.766748,,Health Sub Centre,100.0
TG-18-484,SubCentre Sarangapur,Sub Centre,Jagtial,Sarangapur,Sarangapur,18.933612,78.959228,,Health Sub Centre,100.0
TG-18-492,SubCentre Shekalla,Sub Centre,Jagtial,Buggaram,Shakalla,18.839154,79.070861,,Health Sub Centre,100.0
TG-18-485,SubCentre Talladharmaram,Sub Centre,Jagtial,Beerpur,Thalladharmaram,19.049462,78.973975,,Health Sub Centre,100.0
TG-18-446,SubCentre Thakkalapelly (M),Sub Centre,Jagtial,Mallial,Thakkallapalle,18.718122,78.995905,,Health Sub Centre,100.0
TG-18-501,SubCentre Thakkallapalli (K),Sub Centre,Jagtial,Kathlapur,Bommena,18.726251,78.728499,,Health Sub Centre,100.0
TG-18-502,SubCentre Thandriyal,Sub Centre,Jagtial,Kathlapur,Thandriyal,18.686832,78.715025,,Health Sub Centre,100.0
TG-18-447,SubCentre Thatipalli,Sub Centre,Jagtial,Mallial,Thatipalle,18.693976,78.984017,,Health Sub Centre,100.0
TG-18-450,SubCentre Thippaiahpally,Sub Centre,Jagtial,Kodimial,Thippaipalle,18.58581,78.922477,,Health Sub Centre,100.0
TG-18-486,SubCentre Thungur,Sub Centre,Jagtial,Beerpur,Thungur,19.017097,78.995275,,Health Sub Centre,100.0
TG-18-455,SubCentre Velgatur,Sub Centre,Jagtial,Velgatur,Velgatur,18.845732,79.170373,,Health Sub Centre,100.0
TG-18-456,SubCentre Vellulla,Sub Centre,Jagtial,Metpalli,Vellulla,18.821426,78.618594,,Health Sub Centre,100.0
TG-18-457,SubCentre Vempet,Sub Centre,Jagtial,Metpalli,Vempet,18.873454,78.655476,,Health Sub Centre,100.0
TG-18-459,SubCentre Venkatraopet,Sub Centre,Jagtial,Bheemaram,Venkataraopeta,18.727307,78.805983,,Health Sub Centre,100.0
TG-18-494,SubCentre Venugumatla,Sub Centre,Jagtial,Gollapalli,Venugumatla,18.834541,79.092043,,Health Sub Centre,100.0
TG-18-460,SubCentre Yakinpur,Sub Centre,Jagtial,Korutla,Yekinpur,18.795774,78.694415,,Health Sub Centre,100.0
TG-18-461,SubCentre Yellapur,Sub Centre,Jagtial,Pegadapalli,Yellapur,18.684383,79.111819,,Health Sub Centre,100.0
TG-18-462,SubCentre Yousufnagar,Sub Centre,Jagtial,Korutla,Yusufnagar,18.866575,78.672452,,Health Sub Centre,100.0
TG-18-411,SubCentre kishanraopet,Sub Centre,Jagtial,Velgatur,Kishanraopeta,18.818561,79.207046,,Health Sub Centre,100.0
TG-18-415,SubCentre korutla I,Sub Centre,Jagtial,Korutla,Korutla,18.826865,78.713999,,Health Sub Centre,100.0
TG-18-463,"SubCentre, Buggaram",Sub Centre,Jagtial,Buggaram,Buggaram,18.864965,79.048969,,Health Sub Centre,100.0
TG-18-464,"SubCentre, Dhramapuri-I",Sub Centre,Jagtial,Dharmapuri,Dharmapuri,18.948014,79.094788,,Health Sub Centre,100.0
TG-18-465,"SubCentre, Dhramapuri-II",Sub Centre,Jagtial,Dharmapuri,Dharmapuri,18.948014,79.094788,,Health Sub Centre,100.0
TG-18-466,"SubCentre, Donthapur",Sub Centre,Jagtial,Dharmapuri,Donthapur,19.040844,79.036961,,Health Sub Centre,100.0
TG-18-467,"SubCentre, Donur",Sub Centre,Jagtial,Dharmapuri,Donur,18.983439,79.034396,,Health Sub Centre,100.0
TG-18-468,"SubCentre, Gopulapur",Sub Centre,Jagtial,Buggaram,Gopulapuram,18.857403,79.082158,,Health Sub Centre,100.0
TG-18-469,"SubCentre, Jaina",Sub Centre,Jagtial,Dharmapuri,Jaina,19.014743,79.078628,,Health Sub Centre,100.0
TG-18-470,"SubCentre, Nakkalapet",Sub Centre,Jagtial,Dharmapuri,Rajaram,18.971145,79.060268,,Health Sub Centre,100.0
TG-18-472,"SubCentre, Rajaram",Sub Centre,Jagtial,Dharmapuri,Rajaram,18.987311,79.085689,,Health Sub Centre,100.0
TG-18-473,"SubCentre, Sirikonda",Sub Centre,Jagtial,Kathlapur,Sirkonda,18.768274,78.695332,,Health Sub Centre,100.0
TG-18-475,"SubCentre, Thimmapur",Sub Centre,Jagtial,Dharmapuri,Thimmapur,18.915381,79.121819,,Health Sub Centre,100.0
TG-18-476,"SubCentre, Velgonda",Sub Centre,Jagtial,Buggaram,Velgonda,18.897536,79.054619,,Health Sub Centre,100.0
TG-18-386,Subcentre Anthargam,Sub Centre,Jagtial,Jagityal_Rural,Anthargaon,18.765252,78.887092,,Health Sub Centre,100.0
TG-18-389,Subcentre Bandalingapur,Sub Centre,Jagtial,Metpalli,Rajeshwar Rao pet,18.818405,78.569326,,Health Sub Centre,100.0
TG-18-392,Subcentre Chelgal,Sub Centre,Jagtial,Jagityal_Rural,Chelgal,18.81367,78.87648,,Health Sub Centre,100.0
TG-18-504,Subcentre Chittapoor,Sub Centre,Jagtial,Mallapur,Chittapur,18.890527,78.695179,,Health Sub Centre,100.0
TG-18-395,Subcentre Dabba,Sub Centre,Jagtial,Ibrahimpatnam,Dabba,18.883793,78.549349,,Health Sub Centre,100.0
TG-18-397,Subcentre Dharoor,Sub Centre,Jagtial,Jagtial,Dharur,18.763156,78.913265,,Health Sub Centre,100.0
TG-18-399,Subcentre Erdandi,Sub Centre,Jagtial,Ibrahimpatnam,Erdandi,18.9468,78.558919,,Health Sub Centre,100.0
TG-18-400,Subcentre Godur,Sub Centre,Jagtial,Ibrahimpatnam,Godur,18.892807,78.621812,,Health Sub Centre,100.0
TG-18-403,Subcentre Ibrahimpatnam,Sub Centre,Jagtial,Ibrahimpatnam,Ibrahimpatnam,18.90696,78.581699,,Health Sub Centre,100.0
TG-18-404,Subcentre Ibrahimpatnam II,Sub Centre,Jagtial,Ibrahimpatnam,Ibrahimpatnam,18.906146,78.582943,,Health Sub Centre,100.0
TG-18-405,Subcentre Jabithapur,Sub Centre,Jagtial,Jagityal_Rural,Jabithapur,18.787363,78.975486,,Health Sub Centre,100.0
TG-18-408,Subcentre Kalleda,Sub Centre,Jagtial,Jagityal_Rural,Kalleda,18.853661,79.006582,,Health Sub Centre,100.0
TG-18-417,Subcentre Laxmipur,Sub Centre,Jagtial,Jagityal_Rural,Laxmipuram,18.80743,78.980434,,Health Sub Centre,100.0
TG-18-421,Subcentre Maidipally,Sub Centre,Jagtial,Metpalli,Medipalli (w),18.836765,78.5922,,Health Sub Centre,100.0
TG-18-505,Subcentre Mallapur,Sub Centre,Jagtial,Mallapur,Mallapur,18.968734,78.705103,,Health Sub Centre,100.0
TG-18-506,Subcentre Mogilipeta,Sub Centre,Jagtial,Mallapur,Mogalpet,18.967145,78.655476,,Health Sub Centre,100.0
TG-18-430,Subcentre Mothe,Sub Centre,Jagtial,Jagtial,Mothe,18.788626,78.935189,,Health Sub Centre,100.0
TG-18-507,Subcentre Muthyampet,Sub Centre,Jagtial,Mallial,Muthyampeta,18.689914,78.93731,,Health Sub Centre,100.0
TG-18-503,Subcentre New Dharmarajpally,Sub Centre,Jagtial,Mallapur,Damarajapalli,19.016844,78.707814,,Health Sub Centre,100.0
TG-18-438,Subcentre Polasa,Sub Centre,Jagtial,Jagityal_Rural,Polasa,18.831068,78.959228,,Health Sub Centre,100.0
TG-18-508,Subcentre Raghavapeta,Sub Centre,Jagtial,Mallapur,Raghavapeta,18.921227,78.658118,,Health Sub Centre,100.0
TG-18-510,Subcentre Satharam,Sub Centre,Jagtial,Mallapur,Sataram,18.902714,78.746395,,Health Sub Centre,100.0
TG-18-511,Subcentre Sirpur,Sub Centre,Jagtial,Mallapur,Sirpur,18.936332,78.678166,,Health Sub Centre,100.0
TG-18-445,Subcentre Thakkalapally,Sub Centre,Jagtial,Jagityal_Rural,Takkallapalli,18.853091,78.984675,,Health Sub Centre,100.0
TG-18-448,Subcentre Thatipalli,Sub Centre,Jagtial,Jagityal_Rural,Thatipalli,18.805081,78.843219,,Health Sub Centre,100.0
TG-18-451,Subcentre Thippannapet,Sub Centre,Jagtial,Jagtial,Tippannapet,18.825606,78.928775,,Health Sub Centre,100.0
TG-18-454,Subcentre Varshakonda,Sub Centre,Jagtial,Ibrahimpatnam,Varshakonda,18.910996,78.535509,,Health Sub Centre,100.0
TG-18-512,Subcentre Vempally,Sub Centre,Jagtial,Mallapur,Vempalli Venkata Raopeta,18.973913,78.781285,,Health Sub Centre,100.0
TG-18-458,Subcentre Vemulakurthy,Sub Centre,Jagtial,Ibrahimpatnam,Vemulakurthi,18.964903,78.599195,,Health Sub Centre,100.0
TG-8-26,Government General Hospital,Teaching Hospital,Jagtial,Jagtial,Jagityal,18.798684,78.91988,Director of Medical Education,Medical Colleges,100.0
TG-15-113,Allamayyagutta,Urban Primary Health Centre,Jagtial,Jagtial,Jagityal,18.80246,78.909455,,Urban Primary Health Centre,100.0
TG-15-257,Dharmapuri (New Nerella),Urban Primary Health Centre,Jagtial,Jagtial,Mothe,18.791797,78.919571,,Urban Primary Health Centre,100.0
TG-15-109,JS Ramwell,Urban Primary Health Centre,Jagtial,Jagtial,Mothe,18.79,78.92,,Urban Primary Health Centre,100.0
TG-15-111,Khillagadda,Urban Primary Health Centre,Jagtial,Jagtial,Jagityal,18.802066,78.907639,,Urban Primary Health Centre,100.0
TG-15-112,Mothewada,Urban Primary Health Centre,Jagtial,Jagtial,Jagityal,18.802429,78.91821,,Urban Primary Health Centre,100.0
TG-15-110,Sai Ram Colony metpally,Urban Primary Health Centre,Jagtial,Jagtial,Jagityal,18.80249,78.9007,,Urban Primary Health Centre,100.0
TG-15-256,UPHC J.S. Ram Well(UPHC),Urban Primary Health Centre,Jagtial,Jagtial,Mothe,18.79,78.92,,Urban Primary Health Centre,100.0
TG-10-16,"AH, Station Ghanpur",Area Hospital,Jangoan,Ghanpur (Stn),Ghanpur (Stn),17.85118,79.37249,TVVP,Area Hospital,100.0
TG-13-186,Mee Seva Building,Basti Dawakhana,Jangoan,Jangoan,Jangoan,17.722403,79.156616,,Basti Dawakhana,100.0
TG-16-14,CHC Bachanapeta,Community Health Centre,Jangoan,Bachannapet,Bachannapet,17.78676,79.02701,TVVP,Community Health Centre,100.0
TG-16-13,CHC Jaffurgad,Community Health Centre,Jangoan,Zaffergadh,Zaffargadh,17.77037,79.48621,TVVP,Community Health Centre,100.0
TG-16-12,CHC Palakurthy,Community Health Centre,Jangoan,Palakurthy,Palakurthy,17.655729,79.430048,TVVP,Community Health Centre,100.0
TG-17-356,PHC Bachannapet,Primary Health Centre,Jangoan,Bachannapet,Bachannapet,17.788655,79.025835,,Primary Health Centre,100.0
TG-17-428,PHC Devaruppula,Primary Health Centre,Jangoan,Devaruppula,Devaruppula,17.530765,79.359756,,Primary Health Centre,100.0
TG-17-432,PHC Ghanpur(Station),Primary Health Centre,Jangoan,Ghanpur (Stn),Ghanpur (Stn),17.850972,79.372677,,Primary Health Centre,100.0
TG-17-435,PHC Ippaguda,Primary Health Centre,Jangoan,Ghanpur (Stn),Ippagudem,17.765344,79.375946,,Primary Health Centre,100.0
TG-17-474,PHC Kodakandla,Primary Health Centre,Jangoan,Kodakandla,Kodakandla,17.529256,79.511999,,Primary Health Centre,100.0
TG-17-420,PHC Komalla,Primary Health Centre,Jangoan,Ragunathpally,Komalla,17.780282,79.300768,,Primary Health Centre,100.0
TG-17-398,PHC Lingalaghanpur,Primary Health Centre,Jangoan,Lingalaghanpur,Lingalaghanpur,17.662047,79.196998,,Primary Health Centre,100.0
TG-17-416,PHC Malkapur,Primary Health Centre,Jangoan,Chilpur,Malkapur,17.944919,79.294715,,Primary Health Centre,100.0
TG-17-388,PHC Narmetta,Primary Health Centre,Jangoan,Narmetta,Narmetta,17.885038,79.167265,,Primary Health Centre,100.0
TG-17-367,PHC Obulkeshwapur,Primary Health Centre,Jangoan,Jangoan,Oblakeshvapur,17.750811,79.074263,,Primary Health Centre,100.0
TG-17-446,PHC Palakurthy,Primary Health Centre,Jangoan,Palakurthy,Palakurthy,17.655591,79.4301,,Primary Health Centre,100.0
TG-17-411,PHC Raghunathpally,Primary Health Centre,Jangoan,Ragunathpally,Ragunathpally,17.757972,79.255952,,Primary Health Centre,100.0
TG-17-460,"PHC, Kunur",Primary Health Centre,Jangoan,Zaffergadh,Kunoor,17.847974,79.477595,,Primary Health Centre,100.0
TG-17-418,PHCThatikonda,Primary Health Centre,Jangoan,Ghanpur (Stn),Thatikonda,17.864839,79.298138,,Primary Health Centre,100.0
TG-17-464,PHc Zaffergadh,Primary Health Centre,Jangoan,Zaffergadh,Zaffargadh,17.770444,79.486219,,Primary Health Centre,100.0
TG-18-524,Abdulnagaram,Sub Centre,Jangoan,Tharigoppula,Abdulnagaram,17.929916,79.229607,,Health Sub Centre,100.0
TG-18-526,Ankusahapur,Sub Centre,Jangoan,Tharigoppula,Ankushapuram,17.969819,79.159086,,Health Sub Centre,100.0
TG-18-527,Bonthagattu nagaram,Sub Centre,Jangoan,Tharigoppula,Bonthaghattunagaram,17.972132,79.213392,,Health Sub Centre,100.0
TG-18-528,Gandiramaram,Sub Centre,Jangoan,Narmetta,Gandiramaram,17.902964,79.204931,,Health Sub Centre,100.0
TG-18-529,Hanmanthapur,Sub Centre,Jangoan,Narmetta,Hanmanthapur,17.85568,79.156264,,Health Sub Centre,100.0
TG-18-530,Machupahad,Sub Centre,Jangoan,Narmetta,Machupahad,17.867137,79.217623,,Health Sub Centre,100.0
TG-18-531,Narmetta,Sub Centre,Jangoan,Narmetta,Narmetta,17.88814,79.161908,,Health Sub Centre,100.0
TG-18-532,Solipur,Sub Centre,Jangoan,Tharigoppula,Solipuram,17.951805,79.15062,,Health Sub Centre,100.0
TG-18-596,SubCentre Abadi Ghanpur,Sub Centre,Jangoan,Ghanpur (Stn),Shivunipalli,17.843373,79.382958,,Health Sub Centre,100.0
TG-18-587,SubCentre Alimpur,Sub Centre,Jangoan,Bachannapet,Alimpur,17.8266,79.015767,,Health Sub Centre,100.0
TG-18-588,SubCentre Bachannapet-I,Sub Centre,Jangoan,Bachannapet,Bachannapet,17.789219,79.03908,,Health Sub Centre,100.0
TG-18-589,SubCentre Bachannapet-II,Sub Centre,Jangoan,Bachannapet,Bachannapet,17.789219,79.03908,,Health Sub Centre,100.0
TG-18-534,SubCentre Chilpur,Sub Centre,Jangoan,Chilpur,Pallagutta,17.888423,79.325462,,Health Sub Centre,100.0
TG-18-620,SubCentre Chinna Madur,Sub Centre,Jangoan,Devaruppula,Madoorkalan,17.626456,79.299209,,Health Sub Centre,100.0
TG-18-535,SubCentre Chinnapendyal,Sub Centre,Jangoan,Chilpur,Chinnapendyala,17.889855,79.404271,,Health Sub Centre,100.0
TG-18-619,SubCentre Dharmapur,Sub Centre,Jangoan,Devaruppula,Dharamapur,17.589867,79.397097,,Health Sub Centre,100.0
TG-18-609,SubCentre Gangupahad,Sub Centre,Jangoan,Jangoan,Gangupahad,17.787539,79.139331,,Health Sub Centre,100.0
TG-18-598,SubCentre Ippagudem,Sub Centre,Jangoan,Ghanpur (Stn),Ippagudem,17.767289,79.377093,,Health Sub Centre,100.0
TG-18-621,SubCentre Kadavendi,Sub Centre,Jangoan,Devaruppula,Kadavendi,17.575139,79.337597,,Health Sub Centre,100.0
TG-18-591,SubCentre Kodavatoor,Sub Centre,Jangoan,Bachannapet,Kodavatoor,17.829683,79.057444,,Health Sub Centre,100.0
TG-18-610,SubCentre Komalla,Sub Centre,Jangoan,Ragunathpally,Komalla,17.776142,79.302893,,Health Sub Centre,100.0
TG-18-599,SubCentre Komatigudem,Sub Centre,Jangoan,Ghanpur (Stn),Ippagudem,17.726588,79.351836,,Health Sub Centre,100.0
TG-18-592,SubCentre Konney,Sub Centre,Jangoan,Bachannapet,Konne,17.815852,78.954986,,Health Sub Centre,100.0
TG-18-600,SubCentre Krishnajigudem,Sub Centre,Jangoan,Chilpur,Krishnajigudem,17.885513,79.298667,,Health Sub Centre,100.0
TG-18-536,SubCentre Malkapur,Sub Centre,Jangoan,Chilpur,Malkapur,17.939522,79.297258,,Health Sub Centre,100.0
TG-18-611,SubCentre Marrigadi,Sub Centre,Jangoan,Ragunathpally,Quileshapur,17.789141,79.194353,,Health Sub Centre,100.0
TG-18-601,SubCentre Meedikonda,Sub Centre,Jangoan,Ghanpur (Stn),Meedigonda,17.832129,79.317479,,Health Sub Centre,100.0
TG-18-602,SubCentre Namiligondaa,Sub Centre,Jangoan,Ghanpur (Stn),Namilakonda,17.827686,79.403567,,Health Sub Centre,100.0
TG-18-603,SubCentre Nashkal,Sub Centre,Jangoan,Chilpur,Nashkal,17.888498,79.432545,,Health Sub Centre,100.0
TG-18-612,SubCentre Obulkeshavapur,Sub Centre,Jangoan,Jangoan,Oblakeshvapur,17.751937,79.077216,,Health Sub Centre,100.0
TG-18-604,SubCentre Pallagutta,Sub Centre,Jangoan,Chilpur,Pallagutta,17.882604,79.325431,,Health Sub Centre,100.0
TG-18-613,SubCentre Peddamcherla,Sub Centre,Jangoan,Jangoan,Peddaramancherla,17.733172,79.068036,,Health Sub Centre,100.0
TG-18-614,SubCentre Peddapahad,Sub Centre,Jangoan,Jangoan,Peddapahad,17.778718,79.099102,,Health Sub Centre,100.0
TG-18-615,SubCentre Pembarthy,Sub Centre,Jangoan,Jangoan,Pembarthy,17.689903,79.116748,,Health Sub Centre,100.0
TG-18-594,SubCentre Pochannapet,Sub Centre,Jangoan,Bachannapet,Pochannapeta,17.752478,79.034842,,Health Sub Centre,100.0
TG-18-537,SubCentre Rajavaram,Sub Centre,Jangoan,Chilpur,Rajavaram,17.897687,79.372754,,Health Sub Centre,100.0
TG-18-605,SubCentre S.C. Basthi,Sub Centre,Jangoan,Ghanpur (Stn),Ghanpur (Stn),17.854768,79.377529,,Health Sub Centre,100.0
TG-18-606,SubCentre Samudrala,Sub Centre,Jangoan,Ghanpur (Stn),Samudrala,17.757841,79.395827,,Health Sub Centre,100.0
TG-18-623,SubCentre Seetharampur,Sub Centre,Jangoan,Devaruppula,Kadavendi,17.559142,79.330139,,Health Sub Centre,100.0
TG-18-607,SubCentre Shivunipally,Sub Centre,Jangoan,Ghanpur (Stn),Shivunipalli,17.844074,79.382456,,Health Sub Centre,100.0
TG-18-616,SubCentre Siddankai,Sub Centre,Jangoan,Jangoan,Siddenki,17.714233,79.094866,,Health Sub Centre,100.0
TG-18-624,SubCentre Signrajpally,Sub Centre,Jangoan,Devaruppula,Singarajpalle,17.591492,79.264848,,Health Sub Centre,100.0
TG-18-538,SubCentre Sripathipally,Sub Centre,Jangoan,Chilpur,Sreepathipalli,17.957331,79.216711,,Health Sub Centre,100.0
TG-18-595,SubCentre Thammadapally,Sub Centre,Jangoan,Bachannapet,Tammadapalle,17.771797,79.073332,,Health Sub Centre,100.0
TG-18-608,SubCentre Thatikonda,Sub Centre,Jangoan,Ghanpur (Stn),Thatikonda,17.868891,79.288804,,Health Sub Centre,100.0
TG-18-617,SubCentre Vadlakonda,Sub Centre,Jangoan,Jangoan,Wadlakonda,17.754639,79.138625,,Health Sub Centre,100.0
TG-18-618,SubCentre Yerragollapahad,Sub Centre,Jangoan,Jangoan,Yerragollapahad,17.823574,79.183069,,Health Sub Centre,100.0
TG-18-597,SubCentre chagal,Sub Centre,Jangoan,Ghanpur (Stn),Chagal,17.831377,79.35078,,Health Sub Centre,100.0
TG-18-539,"SubCentre, Ashwaraopalli",Sub Centre,Jangoan,Ragunathpally,Ashwaraopalle,17.811111,79.261325,,Health Sub Centre,100.0
TG-18-540,"SubCentre, Banajipet",Sub Centre,Jangoan,Ragunathpally,Bhanjipeta,17.717166,79.283625,,Health Sub Centre,100.0
TG-18-541,"SubCentre, Bommera",Sub Centre,Jangoan,Palakurthy,Bommera,17.697523,79.442259,,Health Sub Centre,100.0
TG-18-542,"SubCentre, Cheetur",Sub Centre,Jangoan,Ragunathpally,Koduru,17.679112,79.318389,,Health Sub Centre,100.0
TG-18-543,"SubCentre, Chennur",Sub Centre,Jangoan,Palakurthy,Chennur,17.596733,79.428895,,Health Sub Centre,100.0
TG-18-544,"SubCentre, Dardepally",Sub Centre,Jangoan,Palakurthy,Dardepalle,17.648907,79.461951,,Health Sub Centre,100.0
TG-18-625,"SubCentre, Devaruppula",Sub Centre,Jangoan,Devaruppula,Devaruppula,17.548642,79.358963,,Health Sub Centre,100.0
TG-18-545,"SubCentre, Edunuthulla",Sub Centre,Jangoan,Kodakandla,Edunuthala,17.572644,79.49162,,Health Sub Centre,100.0
TG-18-546,"SubCentre, Eravennu",Sub Centre,Jangoan,Palakurthy,Iravennu,17.688561,79.371195,,Health Sub Centre,100.0
TG-18-547,"SubCentre, Fatheshapur",Sub Centre,Jangoan,Chilpur,Fathepur,17.895792,79.259915,,Health Sub Centre,100.0
TG-18-548,"SubCentre, Gabbeta",Sub Centre,Jangoan,Ragunathpally,Gabbeta,17.710479,79.317684,,Health Sub Centre,100.0
TG-18-550,"SubCentre, Jeedical",Sub Centre,Jangoan,Lingalaghanpur,Jeedikal,17.605003,79.168339,,Health Sub Centre,100.0
TG-18-202,"SubCentre, Kachanapalli",Sub Centre,Jangoan,Ragunathpally,Kanchanpalle,17.745847,79.309937,,Health Sub Centre,100.0
TG-18-551,"SubCentre, Kallem",Sub Centre,Jangoan,Lingalaghanpur,Kallem,17.660747,79.15697,,Health Sub Centre,100.0
TG-18-552,"SubCentre, Kanchanpalli-I",Sub Centre,Jangoan,Ragunathpally,Kanchanpalle,17.745847,79.309937,,Health Sub Centre,100.0
TG-18-553,"SubCentre, Kanchanpalli-ll",Sub Centre,Jangoan,Ragunathpally,Kanchanpalle,17.745847,79.309937,,Health Sub Centre,100.0
TG-18-554,"SubCentre, Kodakandla",Sub Centre,Jangoan,Kodakandla,Kodakandla,17.532918,79.505538,,Health Sub Centre,100.0
TG-18-626,"SubCentre, Kolukonda",Sub Centre,Jangoan,Devaruppula,Kolkonda,17.67373,79.340219,,Health Sub Centre,100.0
TG-18-556,"SubCentre, Kundaram",Sub Centre,Jangoan,Lingalaghanpur,Kundaram,17.68894,79.257801,,Health Sub Centre,100.0
TG-18-557,"SubCentre, Kunoor",Sub Centre,Jangoan,Zaffergadh,Kunoor,17.844279,79.480232,,Health Sub Centre,100.0
TG-18-558,"SubCentre, Kuruchapalli",Sub Centre,Jangoan,Ragunathpally,Kuruchapalle,17.791072,79.348668,,Health Sub Centre,100.0
TG-18-560,"SubCentre, Lingala Ghanpur",Sub Centre,Jangoan,Lingalaghanpur,Lingalaghanpur,17.657288,79.197411,,Health Sub Centre,100.0
TG-18-561,"SubCentre, Manchuppula",Sub Centre,Jangoan,Palakurthy,Manchuppula,17.588486,79.452106,,Health Sub Centre,100.0
TG-18-562,"SubCentre, Mekalagartu",Sub Centre,Jangoan,Ragunathpally,Mekalagattu,17.836895,79.19929,,Health Sub Centre,100.0
TG-18-563,"SubCentre, Mutharam",Sub Centre,Jangoan,Palakurthy,Mutharam,17.601916,79.474039,,Health Sub Centre,100.0
TG-18-565,"SubCentre, Nellutla",Sub Centre,Jangoan,Lingalaghanpur,Nellutla,17.703047,79.195764,,Health Sub Centre,100.0
TG-18-566,"SubCentre, Nidigonda",Sub Centre,Jangoan,Ragunathpally,Nidigonda,17.734817,79.228902,,Health Sub Centre,100.0
TG-18-567,"SubCentre, Palakurthy",Sub Centre,Jangoan,Palakurthy,Palakurthy,17.659909,79.431084,,Health Sub Centre,100.0
TG-18-627,"SubCentre, Peddamadur",Sub Centre,Jangoan,Devaruppula,Madoorkhurd,17.600867,79.302893,,Health Sub Centre,100.0
TG-18-568,"SubCentre, Quilashapur",Sub Centre,Jangoan,Ragunathpally,Quileshapur,17.792556,79.229607,,Health Sub Centre,100.0
TG-18-569,"SubCentre, Raghunathpalli S/c",Sub Centre,Jangoan,Ragunathpally,Ragunathpally,17.76028,79.253573,,Health Sub Centre,100.0
TG-18-570,"SubCentre, Raghunathpally",Sub Centre,Jangoan,Zaffergadh,Raghunathpalle,17.867826,79.483044,,Health Sub Centre,100.0
TG-18-571,"SubCentre, Ramavaram",Sub Centre,Jangoan,Kodakandla,Ramavaram,17.53013,79.459496,,Health Sub Centre,100.0
TG-18-572,"SubCentre, Siripuram",Sub Centre,Jangoan,Lingalaghanpur,Siripuram,17.633675,79.161406,,Health Sub Centre,100.0
TG-18-573,"SubCentre, Suraram",Sub Centre,Jangoan,Zaffergadh,Suraram,17.760132,79.438039,,Health Sub Centre,100.0
TG-18-574,"SubCentre, Thammadapally",Sub Centre,Jangoan,Zaffergadh,Guduru,17.73658,79.461951,,Health Sub Centre,100.0
TG-18-575,"SubCentre, Thammadapally (G)",Sub Centre,Jangoan,Zaffergadh,Guduru,17.73658,79.461951,,Health Sub Centre,100.0
TG-18-576,"SubCentre, Thimmampet",Sub Centre,Jangoan,Zaffergadh,Thimmampet,17.819464,79.44067,,Health Sub Centre,100.0
TG-18-577,"SubCentre, Uppugallu",Sub Centre,Jangoan,Zaffergadh,Uppugal,17.857373,79.452106,,Health Sub Centre,100.0
TG-18-578,"SubCentre, Vanaparthi",Sub Centre,Jangoan,Lingalaghanpur,Nyalapogula,17.620385,79.25921,,Health Sub Centre,100.0
TG-18-579,"SubCentre, Vavilala",Sub Centre,Jangoan,Palakurthy,Vavilala,17.614267,79.520019,,Health Sub Centre,100.0
TG-18-580,"SubCentre, Veldi",Sub Centre,Jangoan,Ragunathpally,Veldi,17.784579,79.257096,,Health Sub Centre,100.0
TG-18-581,"SubCentre, Visnoor",Sub Centre,Jangoan,Palakurthy,Visnoor,17.630575,79.406382,,Health Sub Centre,100.0
TG-18-583,"SubCentre, Waddicherla",Sub Centre,Jangoan,Lingalaghanpur,Waddicherla,17.660342,79.242296,,Health Sub Centre,100.0
TG-18-584,"SubCentre, Zaffergadh",Sub Centre,Jangoan,Zaffergadh,Zaffargadh,17.768563,79.485856,,Health Sub Centre,100.0
TG-18-559,"SubCentre, lakshmakkapally",Sub Centre,Jangoan,Kodakandla,Lakshmakkapalle,17.561392,79.412718,,Health Sub Centre,100.0
TG-18-585,Tharigoppula,Sub Centre,Jangoan,Tharigoppula,Tarigoppula,17.937092,79.174142,,Health Sub Centre,100.0
TG-18-586,Veldanda,Sub Centre,Jangoan,Narmetta,Veldanda,17.873602,79.111102,,Health Sub Centre,100.0
TG-8-31,Government General Hospital,Teaching Hospital,Jangoan,Jangoan,Jangoan,17.730523,79.150649,Director of Medical Education,Medical Colleges,100.0
TG-15-249,Ghanpur(Station)(UPHC),Urban Primary Health Centre,Jangoan,Jangoan,Jangoan,17.722403,79.156616,,Urban Primary Health Centre,100.0
TG-15-114,UPHC Jangaon,Urban Primary Health Centre,Jangoan,Jangoan,Jangoan,17.728406,79.1656,,Urban Primary Health Centre,100.0
TG-16-15,CHC Chityal,Community Health Centre,Jayashankar Bhupalpally,Chityal,Chityal,18.331967,79.673472,TVVP,Community Health Centre,100.0
TG-16-16,CHC Mahadevpur,Community Health Centre,Jayashankar Bhupalpally,Mahadevpur,Mahadevpur,18.72934,79.979169,TVVP,Community Health Centre,100.0
TG-17-572,Primary Health Centre Ambatpally,Primary Health Centre,Jayashankar Bhupalpally,Mahadevpur,Ambatpalle,18.688804,80.07462,,Primary Health Centre,100.0
TG-17-565,Primary Health Centre Azamnagar,Primary Health Centre,Jayashankar Bhupalpally,Mutharam_Mahadevpur,Mutharam (Mahadevpur),18.535022,80.032359,,Primary Health Centre,100.0
TG-17-543,Primary Health Centre Bhupalpally,Primary Health Centre,Jayashankar Bhupalpally,Bhupalpally,Bhupalpally,18.435544,79.871856,,Primary Health Centre,100.0
TG-17-546,Primary Health Centre Chelpur,Primary Health Centre,Jayashankar Bhupalpally,Ghanapur_Mulug,Dharmaraopet,18.368371,79.884108,,Primary Health Centre,100.0
TG-17-544,Primary Health Centre Ghanpur (Mulug),Primary Health Centre,Jayashankar Bhupalpally,Ghanapur_Mulug,Ghanpur,18.310156,79.873629,,Primary Health Centre,100.0
TG-17-549,Primary Health Centre Kaleshwaram,Primary Health Centre,Jayashankar Bhupalpally,Mahadevpur,Kaleswaram,18.812593,79.905802,,Primary Health Centre,100.0
TG-17-555,Primary Health Centre Kataram,Primary Health Centre,Jayashankar Bhupalpally,Kataram,Kataram,18.627915,79.937633,,Primary Health Centre,100.0
TG-17-567,Primary Health Centre Mahamutharam,Primary Health Centre,Jayashankar Bhupalpally,Mutharam_Mahadevpur,Mutharam (Mahadevpur),18.534711,80.033407,,Primary Health Centre,100.0
TG-17-500,Primary Health Centre Mogullapally,Primary Health Centre,Jayashankar Bhupalpally,Mogullapally,Mogullapalle,18.329579,79.647228,,Primary Health Centre,100.0
TG-17-523,Primary Health Centre Regonda,Primary Health Centre,Jayashankar Bhupalpally,Regonda,Regonda,18.233677,79.76555,,Primary Health Centre,100.0
TG-17-518,Primary Health Centre Thadicherla,Primary Health Centre,Jayashankar Bhupalpally,Malharrao,Tadicherla,18.540384,79.75052,,Primary Health Centre,100.0
TG-17-496,Primary Health Centre Velishala,Primary Health Centre,Jayashankar Bhupalpally,Tekumatla,Velchal,18.408994,79.63249,,Primary Health Centre,100.0
TG-17-520,Primary Health Centre Vodithala,Primary Health Centre,Jayashankar Bhupalpally,Chityal,Vodthala,18.364787,79.755934,,Primary Health Centre,100.0
TG-18-628,SubCentre Akinapally,Sub Centre,Jayashankar Bhupalpally,Mogullapally,Peddakomatipalle,18.329514,79.60248,,Health Sub Centre,100.0
TG-18-712,SubCentre Ambatpally,Sub Centre,Jayashankar Bhupalpally,Mahadevpur,Ambatpalle,18.689993,80.07338,,Health Sub Centre,100.0
TG-18-713,SubCentre Annaram,Sub Centre,Jayashankar Bhupalpally,Mahadevpur,Annaram,18.762501,79.83829,,Health Sub Centre,100.0
TG-18-630,SubCentre Azamnagar,Sub Centre,Jayashankar Bhupalpally,Bhupalpally,Azamnagar,18.507275,80.073049,,Health Sub Centre,100.0
TG-18-632,SubCentre Bhagrithipet,Sub Centre,Jayashankar Bhupalpally,Regonda,Bhagirthipet,18.260884,79.796052,,Health Sub Centre,100.0
TG-18-633,SubCentre Bhupalpally - I,Sub Centre,Jayashankar Bhupalpally,Bhupalpally,Bhupalpally,18.431436,79.860483,,Health Sub Centre,100.0
TG-18-634,SubCentre Bhupalpally - II,Sub Centre,Jayashankar Bhupalpally,Bhupalpally,Bhupalpally,18.431436,79.860483,,Health Sub Centre,100.0
TG-18-714,SubCentre Bommapur,Sub Centre,Jayashankar Bhupalpally,Mahadevpur,Bommapur,18.702107,79.988236,,Health Sub Centre,100.0
TG-18-635,SubCentre Bopparam,Sub Centre,Jayashankar Bhupalpally,Kataram,Chidnepalle,18.628353,79.974074,,Health Sub Centre,100.0
TG-18-715,SubCentre Brahmanapelli,Sub Centre,Jayashankar Bhupalpally,Mahadevpur,Mahadevpur,18.746734,80.003085,,Health Sub Centre,100.0
TG-18-637,SubCentre Buddaram,Sub Centre,Jayashankar Bhupalpally,Ghanapur_Mulug,Budharam,18.28437,79.865384,,Health Sub Centre,100.0
TG-18-704,SubCentre Chainpaka,Sub Centre,Jayashankar Bhupalpally,Chityal,Chain Paka,18.432803,79.726124,,Health Sub Centre,100.0
TG-18-705,SubCentre Challagariga,Sub Centre,Jayashankar Bhupalpally,Chityal,Challagarige,18.311251,79.724564,,Health Sub Centre,100.0
TG-18-638,SubCentre Chelpur - I,Sub Centre,Jayashankar Bhupalpally,Ghanapur_Mulug,Chelpur,18.37041,79.84479,,Health Sub Centre,100.0
TG-18-639,SubCentre Chelpur - II,Sub Centre,Jayashankar Bhupalpally,Ghanapur_Mulug,Chelpur,18.37041,79.84479,,Health Sub Centre,100.0
TG-18-640,SubCentre Chinnakodepaka,Sub Centre,Jayashankar Bhupalpally,Kothapallygori,Chinnakodepaka,18.182601,79.756811,,Health Sub Centre,100.0
TG-18-641,SubCentre Chinnapuram,Sub Centre,Jayashankar Bhupalpally,Kothapallygori,Chennapur,18.213454,79.742222,,Health Sub Centre,100.0
TG-18-642,SubCentre Chithakani,Sub Centre,Jayashankar Bhupalpally,Kataram,Chinthakani,18.592358,79.969418,,Health Sub Centre,100.0
TG-18-706,SubCentre Chityala,Sub Centre,Jayashankar Bhupalpally,Chityal,Chityal,18.330655,79.678535,,Health Sub Centre,100.0
TG-18-643,SubCentre Damerakunta,Sub Centre,Jayashankar Bhupalpally,Kataram,Damerakunta,18.701944,79.837089,,Health Sub Centre,100.0
TG-18-644,SubCentre Dhanwada,Sub Centre,Jayashankar Bhupalpally,Kataram,Dhanwada,18.621764,79.899831,,Health Sub Centre,100.0
TG-18-645,SubCentre Dharmaraopet,Sub Centre,Jayashankar Bhupalpally,Ghanapur_Mulug,Dharmaraopet,18.33602,79.885682,,Health Sub Centre,100.0
TG-18-707,SubCentre Doothpalli,Sub Centre,Jayashankar Bhupalpally,Bhupalpally,Kothapalle,18.350989,79.782039,,Health Sub Centre,100.0
TG-18-646,SubCentre Dudekulapally,Sub Centre,Jayashankar Bhupalpally,Bhupalpally,Dudekulapalle,18.416178,80.086018,,Health Sub Centre,100.0
TG-18-649,SubCentre Garimillapally,Sub Centre,Jayashankar Bhupalpally,Tekumatla,Garmillapalli,18.44349,79.636877,,Health Sub Centre,100.0
TG-18-650,SubCentre Ghanpur (M),Sub Centre,Jayashankar Bhupalpally,Ghanapur_Mulug,Budharam,18.294083,79.868884,,Health Sub Centre,100.0
TG-18-651,SubCentre Ghanpur-I,Sub Centre,Jayashankar Bhupalpally,Ghanapur_Mulug,Budharam,18.294083,79.868884,,Health Sub Centre,100.0
TG-18-708,SubCentre Gidde Muttaram,Sub Centre,Jayashankar Bhupalpally,Chityal,Forest,18.423892,79.667051,,Health Sub Centre,100.0
TG-18-652,SubCentre Gollabuddaram,Sub Centre,Jayashankar Bhupalpally,Bhupalpally,Budharam,18.437425,80.044029,,Health Sub Centre,100.0
TG-18-653,SubCentre Gorlaveedu,Sub Centre,Jayashankar Bhupalpally,Bhupalpally,Gudadupalle,18.396019,79.801657,,Health Sub Centre,100.0
TG-18-709,SubCentre Jadalpet,Sub Centre,Jayashankar Bhupalpally,Chityal,Jadalapet,18.369932,79.739287,,Health Sub Centre,100.0
TG-18-656,SubCentre Jangedu,Sub Centre,Jayashankar Bhupalpally,Bhupalpally,Jangedu,18.45091,79.840879,,Health Sub Centre,100.0
TG-18-710,SubCentre Jookal,Sub Centre,Jayashankar Bhupalpally,Regonda,Repaka,18.285054,79.700721,,Health Sub Centre,100.0
TG-18-716,SubCentre Kaleswaram,Sub Centre,Jayashankar Bhupalpally,Mahadevpur,Kaleswaram,18.810849,79.904315,,Health Sub Centre,100.0
TG-18-658,SubCentre Kanparthy,Sub Centre,Jayashankar Bhupalpally,Regonda,Kanaparthy,18.254352,79.715448,,Health Sub Centre,100.0
TG-18-660,SubCentre Kararam,Sub Centre,Jayashankar Bhupalpally,Kataram,Kataram,18.627722,79.937458,,Health Sub Centre,100.0
TG-18-661,SubCentre Karkapally,Sub Centre,Jayashankar Bhupalpally,Ghanapur_Mulug,Mylaram,18.31514,79.824072,,Health Sub Centre,100.0
TG-18-662,SubCentre Kasimpally,Sub Centre,Jayashankar Bhupalpally,Bhupalpally,Jangedu,18.459604,79.832355,,Health Sub Centre,100.0
TG-18-663,SubCentre Kompally,Sub Centre,Jayashankar Bhupalpally,Bhupalpally,Kompalle,18.403993,79.840879,,Health Sub Centre,100.0
TG-18-664,SubCentre Kondapur,Sub Centre,Jayashankar Bhupalpally,Ghanapur_Mulug,Kondapur,18.308655,79.924698,,Health Sub Centre,100.0
TG-18-666,SubCentre Kotancha,Sub Centre,Jayashankar Bhupalpally,Regonda,Kodavatancha,18.291866,79.752255,,Health Sub Centre,100.0
TG-18-668,SubCentre Madathapally,Sub Centre,Jayashankar Bhupalpally,Regonda,Madathapalle,18.311317,79.749628,,Health Sub Centre,100.0
TG-18-672,SubCentre Mogullapally,Sub Centre,Jayashankar Bhupalpally,Mogullapally,Mogullapalle,18.31702,79.642942,,Health Sub Centre,100.0
TG-18-673,SubCentre Moranchapally,Sub Centre,Jayashankar Bhupalpally,Bhupalpally,Kothapalle,18.35448,79.826523,,Health Sub Centre,100.0
TG-18-674,SubCentre Motlapally,Sub Centre,Jayashankar Bhupalpally,Mogullapally,Motlapalle,18.294515,79.578605,,Health Sub Centre,100.0
TG-18-676,SubCentre Mylaram,Sub Centre,Jayashankar Bhupalpally,Ghanapur_Mulug,Mylaram,18.302645,79.823371,,Health Sub Centre,100.0
TG-18-677,SubCentre Nagaram,Sub Centre,Jayashankar Bhupalpally,Bhupalpally,Nagaram,18.499634,80.0387,,Health Sub Centre,100.0
TG-18-678,SubCentre Neelampally,Sub Centre,Jayashankar Bhupalpally,Palmela,Neelampalle,18.656085,80.29182,,Health Sub Centre,100.0
TG-18-680,SubCentre Odipilavancha,Sub Centre,Jayashankar Bhupalpally,Kataram,Odipilavancha,18.666006,79.893908,,Health Sub Centre,100.0
TG-18-681,SubCentre Palimela,Sub Centre,Jayashankar Bhupalpally,Palmela,Palimela,18.660576,80.22516,,Health Sub Centre,100.0
TG-18-682,SubCentre Pankena,Sub Centre,Jayashankar Bhupalpally,Palmela,Pankena,18.670356,80.186741,,Health Sub Centre,100.0
TG-18-683,SubCentre Peddakomatipally,Sub Centre,Jayashankar Bhupalpally,Mogullapally,Peddakomatipalle,18.341233,79.60248,,Health Sub Centre,100.0
TG-18-686,SubCentre Pidicilla,Sub Centre,Jayashankar Bhupalpally,Mogullapally,Pidisilla,18.308465,79.605991,,Health Sub Centre,100.0
TG-18-687,SubCentre Rangaiahpalli,Sub Centre,Jayashankar Bhupalpally,Regonda,Regonda,18.251423,79.755481,,Health Sub Centre,100.0
TG-18-689,SubCentre Rangareddypeta,Sub Centre,Jayashankar Bhupalpally,Mogullapally,Pothugal,18.3511,79.622137,,Health Sub Centre,100.0
TG-18-690,SubCentre Regonda,Sub Centre,Jayashankar Bhupalpally,Regonda,Regonda,18.23778,79.775032,,Health Sub Centre,100.0
TG-18-694,SubCentre Sulthanpur,Sub Centre,Jayashankar Bhupalpally,Kothapallygori,Sultanpur,18.201102,79.808312,,Health Sub Centre,100.0
TG-18-717,SubCentre Suraram,Sub Centre,Jayashankar Bhupalpally,Mahadevpur,Suraram,18.699911,80.036173,,Health Sub Centre,100.0
TG-18-695,SubCentre Tekumatla,Sub Centre,Jayashankar Bhupalpally,Chityal,Navabpeta,18.355411,79.647404,,Health Sub Centre,100.0
TG-18-698,SubCentre Thirumalagiri,Sub Centre,Jayashankar Bhupalpally,Regonda,Tirumalagiri,18.236745,79.796753,,Health Sub Centre,100.0
TG-18-702,SubCentre Vemulapally,Sub Centre,Jayashankar Bhupalpally,Mogullapally,Vemulapalle,18.278012,79.611607,,Health Sub Centre,100.0
TG-18-711,SubCentre Vodithala,Sub Centre,Jayashankar Bhupalpally,Chityal,Vodthala,18.372535,79.760315,,Health Sub Centre,100.0
TG-18-238,"SubCentre, Mylaram",Sub Centre,Jayashankar Bhupalpally,Ghanapur_Mulug,Mylaram,18.302645,79.823371,,Health Sub Centre,100.0
TG-18-564,"SubCentre, Nawabpet",Sub Centre,Jayashankar Bhupalpally,Chityal,Navabpeta,18.34199,79.656526,,Health Sub Centre,100.0
TG-18-629,Subcentre Ansanpally,Sub Centre,Jayashankar Bhupalpally,Malharrao,Ansanpalle,18.420906,79.812369,,Health Sub Centre,100.0
TG-18-631,Subcentre Bayyaram,Sub Centre,Jayashankar Bhupalpally,Kataram,Bayyaram,18.576291,79.940257,,Health Sub Centre,100.0
TG-18-636,Subcentre Borlagudem,Sub Centre,Jayashankar Bhupalpally,Mutharam_Mahadevpur,Borlagudem,18.480667,80.117605,,Health Sub Centre,100.0
TG-18-647,Subcentre Edlapally,Sub Centre,Jayashankar Bhupalpally,Malharrao,Yedlapalle,18.596548,79.861035,,Health Sub Centre,100.0
TG-18-648,Subcentre Gangaram,Sub Centre,Jayashankar Bhupalpally,Kataram,Vilasagar,18.64531,79.844534,,Health Sub Centre,100.0
TG-18-659,Subcentre Kanukunoor,Sub Centre,Jayashankar Bhupalpally,Mutharam_Mahadevpur,Kankunoor,18.544721,80.199165,,Health Sub Centre,100.0
TG-18-665,Subcentre Korlakunta,Sub Centre,Jayashankar Bhupalpally,Mutharam_Mahadevpur,Mulugupalle,18.572955,79.977679,,Health Sub Centre,100.0
TG-18-667,Subcentre Kothapally,Sub Centre,Jayashankar Bhupalpally,Kataram,Sundarajpeta,18.592643,79.921117,,Health Sub Centre,100.0
TG-18-669,Subcentre Maha Mutharam,Sub Centre,Jayashankar Bhupalpally,Mutharam_Mahadevpur,Mutharam (Mahadevpur),18.53406,80.022998,,Health Sub Centre,100.0
TG-18-670,Subcentre Mallaram,Sub Centre,Jayashankar Bhupalpally,Malharrao,Mallaram,18.561564,79.780526,,Health Sub Centre,100.0
TG-18-671,Subcentre Meenajipet,Sub Centre,Jayashankar Bhupalpally,Mutharam_Mahadevpur,Nallagunta (Meenajipeta),18.482377,80.091813,,Health Sub Centre,100.0
TG-18-675,Subcentre Mulugupelli,Sub Centre,Jayashankar Bhupalpally,Mutharam_Mahadevpur,Mulugupalle,18.550498,79.951994,,Health Sub Centre,100.0
TG-18-684,Subcentre Peddathandla,Sub Centre,Jayashankar Bhupalpally,Malharrao,Pedda Thoondla,18.526817,79.792199,,Health Sub Centre,100.0
TG-18-685,Subcentre Pegadapally,Sub Centre,Jayashankar Bhupalpally,Mutharam_Mahadevpur,Pegdapalle,18.505331,80.105309,,Health Sub Centre,100.0
TG-18-691,Subcentre Regulagudem,Sub Centre,Jayashankar Bhupalpally,Mutharam_Mahadevpur,Regula Gudem,18.469515,80.128977,,Health Sub Centre,100.0
TG-18-692,Subcentre Rudraram,Sub Centre,Jayashankar Bhupalpally,Malharrao,Rudraram,18.573036,79.901032,,Health Sub Centre,100.0
TG-18-696,Subcentre Thadicherla-I,Sub Centre,Jayashankar Bhupalpally,Malharrao,Tadicherla,18.542768,79.737096,,Health Sub Centre,100.0
TG-18-697,Subcentre Thadicherla-II,Sub Centre,Jayashankar Bhupalpally,Malharrao,Tadicherla,18.542768,79.737096,,Health Sub Centre,100.0
TG-18-699,Subcentre Valamkunta,Sub Centre,Jayashankar Bhupalpally,Malharrao,Vallamkunta,18.597199,79.823785,,Health Sub Centre,100.0
TG-18-703,Subcentre Yamenpelli,Sub Centre,Jayashankar Bhupalpally,Mutharam_Mahadevpur,Yamanpalle,18.540571,80.048747,,Health Sub Centre,100.0
TG-15-115,Uphc Bhupalpally,Urban Primary Health Centre,Jayashankar Bhupalpally,Bhupalpally,Bhupalpally,18.443212,79.868496,,Urban Primary Health Centre,100.0
TG-10-17,AH Alampur,Area Hospital,Jogulamba Gadwal,Alampur,Alampur (P),15.880976,78.129635,TVVP,Area Hospital,100.0
TG-13-188,Govt primary school Ieeja place (M),Basti Dawakhana,Jogulamba Gadwal,Aiza,Aiza,16.015938,77.672818,,Basti Dawakhana,100.0
TG-13-189,Old MCH Building Gandhi Chowk Gadwal (Newly Sanctioned-(Old)),Basti Dawakhana,Jogulamba Gadwal,Gadwal,Gadwal,16.237127,77.79713,,Basti Dawakhana,100.0
TG-13-187,Ram Nagar BDK,Basti Dawakhana,Jogulamba Gadwal,Gadwal,Gadwal,16.234242,77.792757,,Basti Dawakhana,100.0
TG-17-24,Primary Health Centre -Upperu,Primary Health Centre,Jogulamba Gadwal,Dharoor,Upperu,16.316459,77.663813,,Primary Health Centre,100.0
TG-17-29,"Primary Health Centre, Dharur",Primary Health Centre,Jogulamba Gadwal,Dharoor,Dharoor,16.234593,77.70208,,Primary Health Centre,100.0
TG-17-13,"Primary Health Centre, Ghattu",Primary Health Centre,Jogulamba Gadwal,Ghattu,Ghattu,16.115916,77.57026,,Primary Health Centre,100.0
TG-17-23,"Primary Health Centre, Ieeja",Primary Health Centre,Jogulamba Gadwal,Aiza,Aiza,16.009259,77.660017,,Primary Health Centre,100.0
TG-17-57,"Primary Health Centre, Itikyal",Primary Health Centre,Jogulamba Gadwal,Itikyal,Itikyal,16.078583,77.846912,,Primary Health Centre,100.0
TG-17-113,"Primary Health Centre, Kythur",Primary Health Centre,Jogulamba Gadwal,Alampur,Kyatur,15.972621,78.086765,,Primary Health Centre,100.0
TG-17-28,"Primary Health Centre, Maldakal",Primary Health Centre,Jogulamba Gadwal,Maldakal,Maldakal,16.125047,77.700572,,Primary Health Centre,100.0
TG-17-80,"Primary Health Centre, Manopad",Primary Health Centre,Jogulamba Gadwal,Manopad,Manopad,15.967331,77.941238,,Primary Health Centre,100.0
TG-17-53,"Primary Health Centre, Rajole",Primary Health Centre,Jogulamba Gadwal,Rajoli,Rajoli,15.906285,77.832232,,Primary Health Centre,100.0
TG-17-55,"Primary Health Centre, Waddepally",Primary Health Centre,Jogulamba Gadwal,Waddepally,Waddepally,15.946226,77.842624,,Primary Health Centre,100.0
TG-18-718,Ghattu,Sub Centre,Jogulamba Gadwal,Ghattu,Ghattu,16.13939,77.579136,,Health Sub Centre,100.0
TG-18-719,Mittadoddi,Sub Centre,Jogulamba Gadwal,Ghattu,Mittadoddi,16.0599,77.602057,,Health Sub Centre,100.0
TG-18-780,"Sub Centre, Manopad",Sub Centre,Jogulamba Gadwal,Manopad,Manopad,15.963,77.94123,,Health Sub Centre,100.0
TG-18-720,"Sub Centre, Netempad",Sub Centre,Jogulamba Gadwal,Dharoor,Nettempadu,16.327635,77.596629,,Health Sub Centre,100.0
TG-18-721,SubCentre Alvalpad,Sub Centre,Jogulamba Gadwal,Dharoor,Alwalpad,16.24913,77.627838,,Health Sub Centre,100.0
TG-18-781,SubCentre Amarvai,Sub Centre,Jogulamba Gadwal,Manopad,Amaravai,15.964589,77.932613,,Health Sub Centre,100.0
TG-18-722,SubCentre Ananthapur,Sub Centre,Jogulamba Gadwal,Gadwal,Anantapur,16.17855,77.86746,,Health Sub Centre,100.0
TG-18-782,SubCentre Barevelly,Sub Centre,Jogulamba Gadwal,Manopad,Boravelle,16.026799,77.972095,,Health Sub Centre,100.0
TG-18-723,SubCentre Bheechupally,Sub Centre,Jogulamba Gadwal,Yerravalli,Thimmapur,16.15658,77.92532,,Health Sub Centre,100.0
TG-18-783,SubCentre Bonkur,Sub Centre,Jogulamba Gadwal,Undavelly,Bonkur,15.92027,77.96102,,Health Sub Centre,100.0
TG-18-725,SubCentre Chinna Thandrapad,Sub Centre,Jogulamba Gadwal,Aiza,Chinna Tandrapadu,15.942952,77.655148,,Health Sub Centre,100.0
TG-18-726,SubCentre Dyagadoddi,Sub Centre,Jogulamba Gadwal,Dharoor,,16.312891,77.562447,,Health Sub Centre,100.0
TG-18-727,SubCentre Elkur,Sub Centre,Jogulamba Gadwal,Maldakal,Yelkur,16.096124,77.763205,,Health Sub Centre,100.0
TG-18-728,SubCentre Ieeja - A,Sub Centre,Jogulamba Gadwal,Aiza,Aiza,16.015714,77.672068,,Health Sub Centre,100.0
TG-18-729,SubCentre Kodandapur,Sub Centre,Jogulamba Gadwal,Yerravalli,Vemula,16.074574,77.899961,,Health Sub Centre,100.0
TG-18-730,SubCentre Kothapally,Sub Centre,Jogulamba Gadwal,Gadwal,Rekulapalle,16.283068,77.766316,,Health Sub Centre,100.0
TG-18-731,SubCentre Macherla,Sub Centre,Jogulamba Gadwal,Ghattu,Macherla,16.08778,77.54833,,Health Sub Centre,100.0
TG-18-732,SubCentre Marlabeedu,Sub Centre,Jogulamba Gadwal,Dharoor,Dharoor,16.227699,77.656476,,Health Sub Centre,100.0
TG-18-733,SubCentre Mulkalpally,Sub Centre,Jogulamba Gadwal,Gadwal,Mulkalapalle,16.235525,77.854743,,Health Sub Centre,100.0
TG-18-734,SubCentre Nadimpet (Ieeja C),Sub Centre,Jogulamba Gadwal,Aiza,Aiza,16.01467,77.66793,,Health Sub Centre,100.0
TG-18-785,SubCentre Paipad,Sub Centre,Jogulamba Gadwal,Waddepally,Paipad,15.95111,77.86817,,Health Sub Centre,100.0
TG-18-735,SubCentre Palvai,Sub Centre,Jogulamba Gadwal,Maldakal,Palwai,16.161644,77.762374,,Health Sub Centre,100.0
TG-18-736,SubCentre Pathapalem,Sub Centre,Jogulamba Gadwal,Kaloor_Thimmandoddi,Puranapalem,16.271779,77.608151,,Health Sub Centre,100.0
TG-18-786,SubCentre Rajoli-B,Sub Centre,Jogulamba Gadwal,Rajoli,Rajoli,15.891834,77.823844,,Health Sub Centre,100.0
TG-18-787,SubCentre Tangal,Sub Centre,Jogulamba Gadwal,Manopad,Korvipadu,15.907188,77.932205,,Health Sub Centre,100.0
TG-18-737,SubCentre Thumkunta,Sub Centre,Jogulamba Gadwal,Aiza,Thoomkunta,16.04831,77.713015,,Health Sub Centre,100.0
TG-18-738,SubCentre Ulgapally,Sub Centre,Jogulamba Gadwal,Maldakal,Uligepalle,16.183107,77.68909,,Health Sub Centre,100.0
TG-18-739,SubCentre Vittalapur,Sub Centre,Jogulamba Gadwal,Maldakal,Vittalapuram,16.0527,77.73269,,Health Sub Centre,100.0
TG-18-788,"SubCentre, Alampur",Sub Centre,Jogulamba Gadwal,Alampur,Alampur (P),15.87673,78.13425,,Health Sub Centre,100.0
TG-18-741,"SubCentre, Amravai",Sub Centre,Jogulamba Gadwal,Maldakal,D.Amaravai,16.156928,77.730901,,Health Sub Centre,100.0
TG-18-743,"SubCentre, Bheempuram",Sub Centre,Jogulamba Gadwal,Dharoor,Chintharevula,16.310831,77.733784,,Health Sub Centre,100.0
TG-18-744,"SubCentre, Boyalagudem",Sub Centre,Jogulamba Gadwal,Kaloor_Thimmandoddi,Chinthalkunta,16.143454,77.505112,,Health Sub Centre,100.0
TG-18-746,"SubCentre, Chagapur",Sub Centre,Jogulamba Gadwal,Itikyal,Chagapur,16.034842,77.843746,,Health Sub Centre,100.0
TG-18-748,"SubCentre, Dharmavaram",Sub Centre,Jogulamba Gadwal,Yerravalli,Dharmavaram,16.055052,77.946701,,Health Sub Centre,100.0
TG-18-749,"SubCentre, Dharur",Sub Centre,Jogulamba Gadwal,Dharoor,Dharoor,16.2343,77.69513,,Health Sub Centre,100.0
TG-18-789,"SubCentre, Gondimalla",Sub Centre,Jogulamba Gadwal,Alampur,,15.843701,78.069897,,Health Sub Centre,100.0
TG-18-750,"SubCentre, Ieeja-B",Sub Centre,Jogulamba Gadwal,Aiza,Aiza,16.019437,77.667949,,Health Sub Centre,100.0
TG-18-752,"SubCentre, Itikyala",Sub Centre,Jogulamba Gadwal,Itikyal,Itikyal,16.081609,77.852451,,Health Sub Centre,100.0
TG-18-790,"SubCentre, Jallapur",Sub Centre,Jogulamba Gadwal,Manopad,Jallapur,16.01959,77.981,,Health Sub Centre,100.0
TG-18-753,"SubCentre, Jammiched",Sub Centre,Jogulamba Gadwal,Gadwal,Jammichedu,16.20983,77.821,,Health Sub Centre,100.0
TG-18-791,"SubCentre, Julakal",Sub Centre,Jogulamba Gadwal,Waddepally,Konkala,15.945484,77.808609,,Health Sub Centre,100.0
TG-18-792,"SubCentre, Kalkuntla",Sub Centre,Jogulamba Gadwal,Undavelly,A.Buridipadu,15.945484,77.90062,,Health Sub Centre,100.0
TG-18-793,"SubCentre, Khajipur",Sub Centre,Jogulamba Gadwal,Alampur,Kasipur,15.86387,78.10156,,Health Sub Centre,100.0
TG-18-756,"SubCentre, Kondapur",Sub Centre,Jogulamba Gadwal,Kaloor_Thimmandoddi,Kondapur,16.253736,77.567444,,Health Sub Centre,100.0
TG-18-794,"SubCentre, Konkal",Sub Centre,Jogulamba Gadwal,Waddepally,Konkala,15.951426,77.798331,,Health Sub Centre,100.0
TG-18-757,"SubCentre, Kuchinerla",Sub Centre,Jogulamba Gadwal,Kaloor_Thimmandoddi,Kuchinerla,16.182886,77.53328,,Health Sub Centre,100.0
TG-18-795,"SubCentre, Linganavai",Sub Centre,Jogulamba Gadwal,Alampur,Alampur (P),15.921261,78.083546,,Health Sub Centre,100.0
TG-18-758,"SubCentre, Madellabanda",Sub Centre,Jogulamba Gadwal,Maldakal,Maddelabanda,16.154666,77.648406,,Health Sub Centre,100.0
TG-18-760,"SubCentre, Maldakal - B",Sub Centre,Jogulamba Gadwal,Maldakal,Maldakal,16.12467,77.69176,,Health Sub Centre,100.0
TG-18-796,"SubCentre, Mandoddi",Sub Centre,Jogulamba Gadwal,Rajoli,Chinnadhanwada,15.90319,77.6987,,Health Sub Centre,100.0
TG-18-763,"SubCentre, Nandinne",Sub Centre,Jogulamba Gadwal,Kaloor_Thimmandoddi,Nandinne,16.210059,77.510304,,Health Sub Centre,100.0
TG-18-764,"SubCentre, Pardipur (Ieeja)",Sub Centre,Jogulamba Gadwal,Aiza,Aiza,16.01467,77.66793,,Health Sub Centre,100.0
TG-18-798,"SubCentre, Peddapothulapad",Sub Centre,Jogulamba Gadwal,Manopad,Manopad,15.962814,77.983036,,Health Sub Centre,100.0
TG-18-799,"SubCentre, Peddathandrapad",Sub Centre,Jogulamba Gadwal,Rajoli,Pedda Thandrapadu,15.92705,77.77525,,Health Sub Centre,100.0
TG-18-765,"SubCentre, Penchigalapad",Sub Centre,Jogulamba Gadwal,Ghattu,Penchikapadu,16.158541,77.620854,,Health Sub Centre,100.0
TG-18-766,"SubCentre, Pudoor",Sub Centre,Jogulamba Gadwal,Gadwal,Pudur,16.15244,77.82588,,Health Sub Centre,100.0
TG-18-801,"SubCentre, Rajoli-A",Sub Centre,Jogulamba Gadwal,Rajoli,Rajoli,15.89231,77.82386,,Health Sub Centre,100.0
TG-18-768,"SubCentre, Sangalla",Sub Centre,Jogulamba Gadwal,Gadwal,,15.8679,77.64932,,Health Sub Centre,100.0
TG-18-769,"SubCentre, Sasanool",Sub Centre,Jogulamba Gadwal,Yerravalli,Sasnool,16.130015,77.917032,,Health Sub Centre,100.0
TG-18-771,"SubCentre, Sindanur",Sub Centre,Jogulamba Gadwal,Aiza,Sindhanoor,15.96988,77.52432,,Health Sub Centre,100.0
TG-18-805,"SubCentre, Sultanapur",Sub Centre,Jogulamba Gadwal,Alampur,Sultanpur,15.87295,78.16143,,Health Sub Centre,100.0
TG-18-806,"SubCentre, Takkasila",Sub Centre,Jogulamba Gadwal,Undavelly,Thakkasila,15.9781,78.03951,,Health Sub Centre,100.0
TG-18-772,"SubCentre, Tatinoni Doddi",Sub Centre,Jogulamba Gadwal,Ghattu,Boyalagudem,15.99054,77.553282,,Health Sub Centre,100.0
TG-18-773,"SubCentre, Thatikunta",Sub Centre,Jogulamba Gadwal,Maldakal,Thatikunta,16.097887,77.659339,,Health Sub Centre,100.0
TG-18-775,"SubCentre, Uppair",Sub Centre,Jogulamba Gadwal,Dharoor,Upperu,16.297527,77.644275,,Health Sub Centre,100.0
TG-18-776,"SubCentre, Uppala",Sub Centre,Jogulamba Gadwal,Aiza,Uppal,15.976617,77.683676,,Health Sub Centre,100.0
TG-18-777,"SubCentre, Uttanoor",Sub Centre,Jogulamba Gadwal,Aiza,Uthanur,16.0035,77.63715,,Health Sub Centre,100.0
TG-18-808,"SubCentre, Waddepally",Sub Centre,Jogulamba Gadwal,Waddepally,Waddepally,15.93589,77.84173,,Health Sub Centre,100.0
TG-18-779,"SubCentre, Yapadinna",Sub Centre,Jogulamba Gadwal,Kaloor_Thimmandoddi,Musaldoddi,16.270051,77.543564,,Health Sub Centre,100.0
TG-18-740,"Subcentre, Allur",Sub Centre,Jogulamba Gadwal,Ghattu,Aloor,16.187352,77.613654,,Health Sub Centre,100.0
TG-18-742,"Subcentre, Aragidda",Sub Centre,Jogulamba Gadwal,Ghattu,Penchikapadu,16.13053,77.624973,,Health Sub Centre,100.0
TG-18-745,"Subcentre, Chagadona",Sub Centre,Jogulamba Gadwal,Ghattu,Chagadona,16.047015,77.579136,,Health Sub Centre,100.0
TG-18-747,"Subcentre, Chinthalgunta",Sub Centre,Jogulamba Gadwal,Kaloor_Thimmandoddi,Chinthalkunta,16.147329,77.510734,,Health Sub Centre,100.0
TG-18-751,"Subcentre, Irchiched",Sub Centre,Jogulamba Gadwal,Kaloor_Thimmandoddi,Irkichedu,16.262718,77.522492,,Health Sub Centre,100.0
TG-18-754,"Subcentre, Kondair",Sub Centre,Jogulamba Gadwal,Yerravalli,Kondair,16.135494,77.88929,,Health Sub Centre,100.0
TG-18-755,"Subcentre, Kondapally",Sub Centre,Jogulamba Gadwal,Gadwal,Pudur,16.148153,77.795005,,Health Sub Centre,100.0
TG-18-759,"Subcentre, Maldakal - A",Sub Centre,Jogulamba Gadwal,Maldakal,Maldakal,16.12467,77.69176,,Health Sub Centre,100.0
TG-18-761,"Subcentre, Manapur",Sub Centre,Jogulamba Gadwal,Dharoor,Mannapur,16.272111,77.682457,,Health Sub Centre,100.0
TG-18-767,"Subcentre, Pulkal",Sub Centre,Jogulamba Gadwal,Aiza,Pullikal,15.94909,77.562464,,Health Sub Centre,100.0
TG-18-800,"Subcentre, Pullur",Sub Centre,Jogulamba Gadwal,Undavelly,Pullur,15.906163,78.017499,,Health Sub Centre,100.0
TG-18-802,"Subcentre, Rajoli-C",Sub Centre,Jogulamba Gadwal,Rajoli,Rajoli,15.892185,77.827631,,Health Sub Centre,100.0
TG-18-803,"Subcentre, Rampuram",Sub Centre,Jogulamba Gadwal,Waddepally,Waddepally,15.938882,77.826462,,Health Sub Centre,100.0
TG-18-770,"Subcentre, Setty Athmakur",Sub Centre,Jogulamba Gadwal,Gadwal,Atmakur,16.276148,77.75003,,Health Sub Centre,100.0
TG-18-804,"Subcentre, Shantinagar",Sub Centre,Jogulamba Gadwal,Waddepally,Waddepally,15.94981,77.8453,,Health Sub Centre,100.0
TG-18-774,"Subcentre, Udandapur",Sub Centre,Jogulamba Gadwal,Itikyal,Udandapur,16.07097,77.803824,,Health Sub Centre,100.0
TG-18-807,"Subcentre, Undavelly",Sub Centre,Jogulamba Gadwal,Undavelly,Undavelly,15.942018,78.037281,,Health Sub Centre,100.0
TG-18-778,"Subcentre, Vavilala",Sub Centre,Jogulamba Gadwal,Itikyal,Vavilala,16.021296,77.770241,,Health Sub Centre,100.0
TG-18-762,"Subcentre, medikonda",Sub Centre,Jogulamba Gadwal,Aiza,Medikonda,15.974328,77.619245,,Health Sub Centre,100.0
TG-8-44,Government General Hospital,Teaching Hospital,Jogulamba Gadwal,Gadwal,Gadwal,16.234083,77.808657,Director of Medical Education,Medical Colleges,100.0
TG-15-118,UPHC Burdapeta,Urban Primary Health Centre,Jogulamba Gadwal,Gadwal,Gadwal,16.234338,77.800123,,Urban Primary Health Centre,100.0
TG-15-117,UPHC Ramnagar,Urban Primary Health Centre,Jogulamba Gadwal,Gadwal,Gadwal,16.237021,77.796892,,Urban Primary Health Centre,100.0
TG-15-116,UPHC Vontelpeta,Urban Primary Health Centre,Jogulamba Gadwal,Gadwal,Gadwal,16.234249,77.800155,,Urban Primary Health Centre,100.0
TG-10-20,AH Banswada,Area Hospital,Kamareddy,Banswada,Banswada,18.380013,77.876683,TVVP,Area Hospital,100.0
TG-10-19,AH Bichkunda,Area Hospital,Kamareddy,Bichkunda,Dowlatapur,18.36235,77.70065,TVVP,Area Hospital,100.0
TG-10-18,AH Yellareddy,Area Hospital,Kamareddy,Yellareddy,Yellareddy,18.194449,78.015732,TVVP,Area Hospital,100.0
TG-13-192,Banswada BDK,Basti Dawakhana,Kamareddy,Banswada,Banswada,18.390142,77.868683,,Basti Dawakhana,100.0
TG-13-193,"Gandimasanipet Gram panchayat Building, Yellareddy",Basti Dawakhana,Kamareddy,Yellareddy,Gandimasanipet,18.198485,78.034894,,Basti Dawakhana,100.0
TG-13-190,Harizanawada Govt Building BDK,Basti Dawakhana,Kamareddy,Kamareddy,Kamareddy,18.322184,78.343742,,Basti Dawakhana,100.0
TG-13-191,"Islampura, Chaitanyapura BDK",Basti Dawakhana,Kamareddy,Banswada,Banswada,18.374582,77.881821,,Basti Dawakhana,100.0
TG-16-19,CHC Domakonda,Community Health Centre,Kamareddy,Domakonda,Domakonda,18.2508,78.434865,TVVP,Community Health Centre,100.0
TG-16-20,CHC Jukkal,Community Health Centre,Kamareddy,Jukkal,Jukkal,18.351296,77.59746,TVVP,Community Health Centre,100.0
TG-16-21,CHC Madnur,Community Health Centre,Kamareddy,Madnur,Madnur,18.50648,77.624732,TVVP,Community Health Centre,100.0
TG-16-18,CHC Pitlam,Community Health Centre,Kamareddy,Pitlam,Pitlam,18.228878,77.825205,TVVP,Community Health Centre,100.0
TG-17-213,"Primary Health Centre, Annaram",Primary Health Centre,Kamareddy,Ramareddy,Annaram,18.401931,78.463295,,Primary Health Centre,100.0
TG-17-231,"Primary Health Centre, Bibipet",Primary Health Centre,Kamareddy,Bibipet,Bibipet,18.212954,78.526508,,Primary Health Centre,100.0
TG-17-49,"Primary Health Centre, Birkoor",Primary Health Centre,Kamareddy,Birkoor,Birkoor,18.463227,77.802953,,Primary Health Centre,100.0
TG-17-168,"Primary Health Centre, Devanpalli",Primary Health Centre,Kamareddy,Kamareddy,Devanpalle,18.329416,78.319283,,Primary Health Centre,100.0
TG-17-30,"Primary Health Centre, Dongli",Primary Health Centre,Kamareddy,Dongli,Dongli,18.519061,77.706041,,Primary Health Centre,100.0
TG-17-148,"Primary Health Centre, Errapahad",Primary Health Centre,Kamareddy,Tadwai,Yerrapahad,18.294448,78.223939,,Primary Health Centre,100.0
TG-17-99,"Primary Health Centre, Hanmajipet",Primary Health Centre,Kamareddy,Banswada,Hanmajipet,18.437546,77.999024,,Primary Health Centre,100.0
TG-17-16,"Primary Health Centre, Jukkal",Primary Health Centre,Kamareddy,Jukkal,Jukkal,18.354301,77.602952,,Primary Health Centre,100.0
TG-17-122,"Primary Health Centre, Lingampet",Primary Health Centre,Kamareddy,Lingampet,Lingampet,18.239555,78.121699,,Primary Health Centre,100.0
TG-17-221,"Primary Health Centre, Machareddy",Primary Health Centre,Kamareddy,Machareddy,Machareddy,18.33004,78.500233,,Primary Health Centre,100.0
TG-17-100,"Primary Health Centre, Mathmal",Primary Health Centre,Kamareddy,Yellareddy,Mathmal,18.129467,78.009706,,Primary Health Centre,100.0
TG-17-124,"Primary Health Centre, Nagireddypet",Primary Health Centre,Kamareddy,Nagi_Reddypet,Nagi Reddypet,18.110836,78.131739,,Primary Health Centre,100.0
TG-17-52,"Primary Health Centre, Nizamsagar",Primary Health Centre,Kamareddy,Pitlam,Pitlam,18.228046,77.826008,,Primary Health Centre,100.0
TG-17-43,"Primary Health Centre, Peddakodapgal",Primary Health Centre,Kamareddy,Pedda Kodapgal,Pedda Kodapgal,18.291677,77.762543,,Primary Health Centre,100.0
TG-17-45,"Primary Health Centre, Pulkal",Primary Health Centre,Kamareddy,Bichkunda,Pulkal,18.398928,77.766788,,Primary Health Centre,100.0
TG-17-169,"Primary Health Centre, Rajampet",Primary Health Centre,Kamareddy,Rajampet,Rajampet,18.259969,78.330065,,Primary Health Centre,100.0
TG-17-184,"Primary Health Centre, Ramareddy",Primary Health Centre,Kamareddy,Ramareddy,Ramareddy,18.410134,78.370687,,Primary Health Centre,100.0
TG-17-158,"Primary Health Centre, Sadashiv Nagar",Primary Health Centre,Kamareddy,Sadashivnagar,Sadashivnagar,18.407295,78.269583,,Primary Health Centre,100.0
TG-17-149,"Primary Health Centre, Uthnoor",Primary Health Centre,Kamareddy,Sadashivnagar,Thimmajiwadi,18.457621,78.224295,,Primary Health Centre,100.0
TG-17-61,Primary Health Cetner Kalher,Primary Health Centre,Kamareddy,Nizamsagar,Mangloor,18.226006,77.86692,,Primary Health Centre,100.0
TG-18-809,"SubCentre, Achampet",Sub Centre,Kamareddy,Nizamsagar,Achampet,18.203848,77.922459,,Health Sub Centre,100.0
TG-18-810,"SubCentre, Ad.Yellareddy",Sub Centre,Kamareddy,Sadashivnagar,Adloor Yellareddy,18.3682,78.3102,,Health Sub Centre,100.0
TG-18-811,"SubCentre, Adloor",Sub Centre,Kamareddy,Kamareddy,Adloor,18.347,78.3441,,Health Sub Centre,100.0
TG-18-942,"SubCentre, Anchanoor",Sub Centre,Kamareddy,Domakonda,Anchanur,18.248795,78.458143,,Health Sub Centre,100.0
TG-18-813,"SubCentre, Ankole",Sub Centre,Kamareddy,Nasurullabad,Sangem,18.451247,77.913889,,Health Sub Centre,100.0
TG-18-816,"SubCentre, Argonda",Sub Centre,Kamareddy,Rajampet,Argonda,18.228472,78.281072,,Health Sub Centre,100.0
TG-18-817,"SubCentre, Athmakur",Sub Centre,Kamareddy,Nagi_Reddypet,Ramakkapalle,18.121548,78.050928,,Health Sub Centre,100.0
TG-18-818,"SubCentre, Banapur",Sub Centre,Kamareddy,Lingampet,Banapur,18.299799,78.102273,,Health Sub Centre,100.0
TG-18-819,"SubCentre, Banjepally",Sub Centre,Kamareddy,Machareddy,Somarampet,18.433232,78.536271,,Health Sub Centre,100.0
TG-18-820,"SubCentre, Baswapur",Sub Centre,Kamareddy,Bhiknoor,Baswapur,18.153192,78.415561,,Health Sub Centre,100.0
TG-18-821,"SubCentre, Bhairapur",Sub Centre,Kamareddy,Birkoor,Bairapur,18.493392,77.821004,,Health Sub Centre,100.0
TG-18-969,"SubCentre, Bhiknoor",Sub Centre,Kamareddy,Bhiknoor,Bhiknoor,18.18831,78.399864,,Health Sub Centre,100.0
TG-18-824,"SubCentre, Bhiknoor - A",Sub Centre,Kamareddy,Bhiknoor,Bhiknoor,18.18831,78.399864,,Health Sub Centre,100.0
TG-18-825,"SubCentre, Bhiknoor - B",Sub Centre,Kamareddy,Bhiknoor,Bhiknoor,18.18831,78.399864,,Health Sub Centre,100.0
TG-18-826,"SubCentre, Bhoompally",Sub Centre,Kamareddy,Sadashivnagar,Bhoompalle,18.4195,78.1962,,Health Sub Centre,100.0
TG-18-943,"SubCentre, Bibipet - A",Sub Centre,Kamareddy,Bibipet,Bibipet,18.210313,78.52207,,Health Sub Centre,100.0
TG-18-944,"SubCentre, Bibipet - B",Sub Centre,Kamareddy,Bibipet,Bibipet,18.210313,78.52207,,Health Sub Centre,100.0
TG-18-929,"SubCentre, Bichkunda - A",Sub Centre,Kamareddy,Bichkunda,Bichkunda,18.401354,77.706575,,Health Sub Centre,100.0
TG-18-930,"SubCentre, Bichkunda - B",Sub Centre,Kamareddy,Bichkunda,Bichkunda,18.401354,77.706575,,Health Sub Centre,100.0
TG-18-827,"SubCentre, Birkur",Sub Centre,Kamareddy,Birkoor,Birkoor,18.465834,77.800987,,Health Sub Centre,100.0
TG-18-828,"SubCentre, Bollaram",Sub Centre,Kamareddy,Nagi_Reddypet,Bollaram,18.179639,78.093717,,Health Sub Centre,100.0
TG-18-829,"SubCentre, Borlam",Sub Centre,Kamareddy,Banswada,Borlam,18.382629,77.901747,,Health Sub Centre,100.0
TG-18-830,"SubCentre, Bramanpally",Sub Centre,Kamareddy,Tadwai,Brahmanpalle,18.352815,78.277545,,Health Sub Centre,100.0
TG-18-831,"SubCentre, CHILLARGI",Sub Centre,Kamareddy,Pitlam,Chillangi,18.290368,77.822296,,Health Sub Centre,100.0
TG-18-832,"SubCentre, CHINNA KODAPGAL",Sub Centre,Kamareddy,Pitlam,Chinna Kodapgal,18.259512,77.798781,,Health Sub Centre,100.0
TG-18-833,"SubCentre, Chinnamallareddy",Sub Centre,Kamareddy,Kamareddy,Chinna Mallareddy,18.289419,78.334439,,Health Sub Centre,100.0
TG-18-834,"SubCentre, Chityal",Sub Centre,Kamareddy,Tadwai,Chityal,18.271274,78.25331,,Health Sub Centre,100.0
TG-18-835,"SubCentre, Chukkapur",Sub Centre,Kamareddy,Machareddy,Chukkapur,18.324149,78.484429,,Health Sub Centre,100.0
TG-18-931,"SubCentre, Dadgi Big",Sub Centre,Kamareddy,Bichkunda,Pulkal,18.371551,77.764878,,Health Sub Centre,100.0
TG-18-836,"SubCentre, Damrancha",Sub Centre,Kamareddy,Banswada,Chinna Nagaram,18.39978,77.839587,,Health Sub Centre,100.0
TG-18-837,"SubCentre, Desaipet",Sub Centre,Kamareddy,Banswada,Someshwar,18.406826,77.881031,,Health Sub Centre,100.0
TG-18-838,"SubCentre, Devanpally",Sub Centre,Kamareddy,Yellareddy,Gandimasanipet,18.1891,78.035235,,Health Sub Centre,100.0
TG-18-839,"SubCentre, Dharmaraopet",Sub Centre,Kamareddy,Sadashivnagar,Dharmaraopet,18.398261,78.241207,,Health Sub Centre,100.0
TG-18-945,"SubCentre, Domakonda - A",Sub Centre,Kamareddy,Domakonda,Domakonda,18.250506,78.438247,,Health Sub Centre,100.0
TG-18-946,"SubCentre, Domakonda - B",Sub Centre,Kamareddy,Domakonda,Domakonda,18.250506,78.438247,,Health Sub Centre,100.0
TG-18-957,"SubCentre, Dongli",Sub Centre,Kamareddy,Dongli,Dongli,18.511003,77.710869,,Health Sub Centre,100.0
TG-18-840,"SubCentre, Durki",Sub Centre,Kamareddy,Nasurullabad,Durki,18.42379,77.872458,,Health Sub Centre,100.0
TG-18-841,"SubCentre, Edgi Big",Sub Centre,Kamareddy,Jukkal,Pedda Edgi,18.377905,77.593462,,Health Sub Centre,100.0
TG-18-958,"SubCentre, Eklara Big",Sub Centre,Kamareddy,Madnur,Pedda Eklara,18.40847,77.659339,,Health Sub Centre,100.0
TG-18-959,"SubCentre, Embura",Sub Centre,Kamareddy,Dongli,Enbhura,18.498105,77.736624,,Health Sub Centre,100.0
TG-18-842,"SubCentre, Errapahad",Sub Centre,Kamareddy,Tadwai,Yerrapahad,18.29191,78.221268,,Health Sub Centre,100.0
TG-18-843,"SubCentre, Esaipet",Sub Centre,Kamareddy,Palwancha,Issaipet,18.363746,78.451038,,Health Sub Centre,100.0
TG-18-844,"SubCentre, Esannapally",Sub Centre,Kamareddy,Bhiknoor,Isannpalle,18.135769,78.484429,,Health Sub Centre,100.0
TG-18-845,"SubCentre, Fareedpet",Sub Centre,Kamareddy,Palwancha,Faridpet,18.289003,78.470932,,Health Sub Centre,100.0
TG-18-932,"SubCentre, Fathlapur",Sub Centre,Kamareddy,Bichkunda,Fathlapur,18.374982,77.682244,,Health Sub Centre,100.0
TG-18-948,"SubCentre, Gandhari - A",Sub Centre,Kamareddy,Gandhari,Gandhari,18.39371,78.117581,,Health Sub Centre,100.0
TG-18-949,"SubCentre, Gandhari - B",Sub Centre,Kamareddy,Gandhari,Gandhari,18.39371,78.117581,,Health Sub Centre,100.0
TG-18-950,"SubCentre, Gandivet",Sub Centre,Kamareddy,Gandhari,Gandivet,18.337265,78.002413,,Health Sub Centre,100.0
TG-18-846,"SubCentre, Gargul",Sub Centre,Kamareddy,Kamareddy,Gargul,18.376464,78.360756,,Health Sub Centre,100.0
TG-18-848,"SubCentre, Golilingal",Sub Centre,Kamareddy,Nagi_Reddypet,Golilingal,18.086755,78.147892,,Health Sub Centre,100.0
TG-18-849,"SubCentre, Gopalpet",Sub Centre,Kamareddy,Nagi_Reddypet,Nagi Reddypet,18.109027,78.130787,,Health Sub Centre,100.0
TG-18-850,"SubCentre, Gulla Big",Sub Centre,Kamareddy,Jukkal,Gundoor,18.352285,77.559421,,Health Sub Centre,100.0
TG-18-851,"SubCentre, Gundaram",Sub Centre,Kamareddy,Rajampet,Gundaram,18.171639,78.252965,,Health Sub Centre,100.0
TG-18-852,"SubCentre, Gundur",Sub Centre,Kamareddy,Jukkal,Siddapur,18.335216,77.5648,,Health Sub Centre,100.0
TG-18-854,"SubCentre, Hanmajipet",Sub Centre,Kamareddy,Banswada,Hanmajipet,18.430648,78.002413,,Health Sub Centre,100.0
TG-18-933,"SubCentre, Hasgul",Sub Centre,Kamareddy,Bichkunda,Hasgul,18.437784,77.75093,,Health Sub Centre,100.0
TG-18-855,"SubCentre, Ibrahimpet",Sub Centre,Kamareddy,Banswada,Ibrahimpet,18.402924,77.933885,,Health Sub Centre,100.0
TG-18-856,"SubCentre, Isannapally",Sub Centre,Kamareddy,Ramareddy,Issannapalle,18.41659,78.380799,,Health Sub Centre,100.0
TG-18-858,"SubCentre, Jangampally",Sub Centre,Kamareddy,Bhiknoor,Jangampalle,18.239998,78.385645,,Health Sub Centre,100.0
TG-18-859,"SubCentre, Jangaom",Sub Centre,Kamareddy,Sadashivnagar,Jangaon,18.386894,78.187792,,Health Sub Centre,100.0
TG-18-860,"SubCentre, Japthi Jankampally",Sub Centre,Kamareddy,Nagi_Reddypet,Bollaram,18.152458,78.07344,,Health Sub Centre,100.0
TG-18-861,"SubCentre, Jukkal",Sub Centre,Kamareddy,Jukkal,Jukkal,18.3603,77.602773,,Health Sub Centre,100.0
TG-18-862,"SubCentre, Kachapur",Sub Centre,Kamareddy,Bhiknoor,Kachapur,18.19829,78.456012,,Health Sub Centre,100.0
TG-18-863,"SubCentre, Kalwaral",Sub Centre,Kamareddy,Sadashivnagar,Kolwaral,18.445,78.2412,,Health Sub Centre,100.0
TG-18-864,"SubCentre, Kankal",Sub Centre,Kamareddy,Tadwai,Kankal,18.340588,78.217708,,Health Sub Centre,100.0
TG-18-866,"SubCentre, Khandebellur",Sub Centre,Kamareddy,Jukkal,Khandeballoor,18.337417,77.647891,,Health Sub Centre,100.0
TG-18-934,"SubCentre, Khathgaon",Sub Centre,Kamareddy,Bichkunda,Khatgaon,18.484454,77.75093,,Health Sub Centre,100.0
TG-18-867,"SubCentre, Kistapur",Sub Centre,Kamareddy,Birkoor,Kishtapur,18.432565,77.805277,,Health Sub Centre,100.0
TG-18-868,"SubCentre, Komalancha",Sub Centre,Kamareddy,Nizamsagar,Komalancha,18.276208,77.913889,,Health Sub Centre,100.0
TG-18-869,"SubCentre, Konapur",Sub Centre,Kamareddy,Banswada,Konapur,18.407484,77.978168,,Health Sub Centre,100.0
TG-18-870,"SubCentre, Kondapur",Sub Centre,Kamareddy,Rajampet,Kondapur,18.189579,78.277513,,Health Sub Centre,100.0
TG-18-871,"SubCentre, Krishnajiwadi",Sub Centre,Kamareddy,Tadwai,Krishnajiwadi,18.30997,78.2889,,Health Sub Centre,100.0
TG-18-872,"SubCentre, Kupriyal",Sub Centre,Kamareddy,Sadashivnagar,Kuprial,18.3672,78.2811,,Health Sub Centre,100.0
TG-18-873,"SubCentre, Kyasampally",Sub Centre,Kamareddy,Kamareddy,Kyasampalle,18.3092,78.3714,,Health Sub Centre,100.0
TG-18-961,"SubCentre, Lachan",Sub Centre,Kamareddy,Madnur,Lachan,18.446461,77.705144,,Health Sub Centre,100.0
TG-18-874,"SubCentre, Lachapet",Sub Centre,Kamareddy,Machareddy,Latchapet,18.300697,78.51923,,Health Sub Centre,100.0
TG-18-970,"SubCentre, Laxmapur",Sub Centre,Kamareddy,Yellareddy,Laxmapur,18.228169,78.073676,,Health Sub Centre,100.0
TG-18-962,"SubCentre, Limbur",Sub Centre,Kamareddy,Dongli,Limboor,18.524272,77.690832,,Health Sub Centre,100.0
TG-18-876,"SubCentre, Lingampet - A",Sub Centre,Kamareddy,Lingampet,Lingampet,18.243223,78.130787,,Health Sub Centre,100.0
TG-18-877,"SubCentre, Lingampet - B",Sub Centre,Kamareddy,Lingampet,Lingampet,18.243223,78.130787,,Health Sub Centre,100.0
TG-18-878,"SubCentre, Lingapur",Sub Centre,Kamareddy,Kamareddy,Lingapur (R),18.3164,78.3095,,Health Sub Centre,100.0
TG-18-971,"SubCentre, Lingareddypet",Sub Centre,Kamareddy,Yellareddy,Lingareddipet,18.221295,78.013831,,Health Sub Centre,100.0
TG-18-880,"SubCentre, MADDELCHERU",Sub Centre,Kamareddy,Pitlam,Maddelchervu,18.355775,77.850996,,Health Sub Centre,100.0
TG-18-972,"SubCentre, Machapur",Sub Centre,Kamareddy,Yellareddy,Bhiknoor,18.156186,78.045222,,Health Sub Centre,100.0
TG-18-879,"SubCentre, Machareddy",Sub Centre,Kamareddy,Machareddy,Machareddy,18.331457,78.496504,,Health Sub Centre,100.0
TG-18-963,"SubCentre, Madnoor - A",Sub Centre,Kamareddy,Madnur,Madnur,18.506714,77.623541,,Health Sub Centre,100.0
TG-18-964,"SubCentre, Madnoor - B",Sub Centre,Kamareddy,Madnur,Madnur,18.506714,77.623541,,Health Sub Centre,100.0
TG-18-881,"SubCentre, Mallur",Sub Centre,Kamareddy,Nizamsagar,Mallur,18.26987,77.871743,,Health Sub Centre,100.0
TG-18-883,"SubCentre, Maqdumpur",Sub Centre,Kamareddy,Mohammadnagar,Maqdumpur,18.308108,77.911032,,Health Sub Centre,100.0
TG-18-973,"SubCentre, Mathmal",Sub Centre,Kamareddy,Nagi_Reddypet,Yerraram,18.131425,78.022393,,Health Sub Centre,100.0
TG-18-884,"SubCentre, Mirzapur",Sub Centre,Kamareddy,Nasurullabad,Mirzapur,18.442948,77.841731,,Health Sub Centre,100.0
TG-18-935,"SubCentre, Mishankallali",Sub Centre,Kamareddy,Bichkunda,Misankallali,18.432815,77.719454,,Health Sub Centre,100.0
TG-18-885,"SubCentre, Mohd Nagar",Sub Centre,Kamareddy,Mohammadnagar,Gunkul,18.256968,77.955304,,Health Sub Centre,100.0
TG-18-887,"SubCentre, Mumbajipet",Sub Centre,Kamareddy,Lingampet,Mombajipet,18.305396,78.060908,,Health Sub Centre,100.0
TG-18-947,"SubCentre, Muthyampet",Sub Centre,Kamareddy,Domakonda,Mutyampet,18.285966,78.409106,,Health Sub Centre,100.0
TG-18-888,"SubCentre, Nagulgaon",Sub Centre,Kamareddy,Jukkal,Nagalgaon,18.395305,77.63643,,Health Sub Centre,100.0
TG-18-889,"SubCentre, Namli",Sub Centre,Kamareddy,Nasurullabad,Nemli,18.453509,77.881031,,Health Sub Centre,100.0
TG-18-891,"SubCentre, Narva",Sub Centre,Kamareddy,Mohammadnagar,Narva,18.256506,77.97101,,Health Sub Centre,100.0
TG-18-892,"SubCentre, Nasrullabad",Sub Centre,Kamareddy,Nasurullabad,Nasurullabad,18.475946,77.869763,,Health Sub Centre,100.0
TG-18-952,"SubCentre, Neral",Sub Centre,Kamareddy,Gandhari,Neral,18.4474,78.0823,,Health Sub Centre,100.0
TG-18-895,"SubCentre, PITLAM - A",Sub Centre,Kamareddy,Pitlam,Pitlam,18.223706,77.822433,,Health Sub Centre,100.0
TG-18-896,"SubCentre, PITLAM - B",Sub Centre,Kamareddy,Pitlam,Pitlam,18.223706,77.822433,,Health Sub Centre,100.0
TG-18-893,"SubCentre, Palvancha",Sub Centre,Kamareddy,Palwancha,Palwancha,18.319765,78.435875,,Health Sub Centre,100.0
TG-18-894,"SubCentre, Pedamallareddy",Sub Centre,Kamareddy,Bhiknoor,Peddamallareddy,18.175496,78.464842,,Health Sub Centre,100.0
TG-18-936,"SubCentre, Peddakodapgal",Sub Centre,Kamareddy,Pedda Kodapgal,Pedda Kodapgal,18.277962,77.759513,,Health Sub Centre,100.0
TG-18-953,"SubCentre, Petsangam",Sub Centre,Kamareddy,Gandhari,Petasangam,18.339373,78.085113,,Health Sub Centre,100.0
TG-18-898,"SubCentre, Polkampet",Sub Centre,Kamareddy,Lingampet,Kannapur,18.186998,78.165193,,Health Sub Centre,100.0
TG-18-899,"SubCentre, Posanipet",Sub Centre,Kamareddy,Ramareddy,Posanipet,18.403925,78.332985,,Health Sub Centre,100.0
TG-18-900,"SubCentre, Pothaipally",Sub Centre,Kamareddy,Lingampet,Pothaipalle,18.230493,78.182101,,Health Sub Centre,100.0
TG-18-937,"SubCentre, Pulkal",Sub Centre,Kamareddy,Bichkunda,Pulkal,18.398811,77.779537,,Health Sub Centre,100.0
TG-18-901,"SubCentre, Rajampet",Sub Centre,Kamareddy,Rajampet,Rajampet,18.252134,78.321633,,Health Sub Centre,100.0
TG-18-902,"SubCentre, Ramareddy - B",Sub Centre,Kamareddy,Ramareddy,Ramareddy,18.411271,78.368579,,Health Sub Centre,100.0
TG-18-903,"SubCentre, Ramareddy-A",Sub Centre,Kamareddy,Ramareddy,Ramareddy,18.411215,78.368354,,Health Sub Centre,100.0
TG-18-904,"SubCentre, Rameshwarpally",Sub Centre,Kamareddy,Palwancha,Bhavanipet,18.335968,78.414793,,Health Sub Centre,100.0
TG-18-906,"SubCentre, Reddypet",Sub Centre,Kamareddy,Ramareddy,Reddypet,18.414596,78.422611,,Health Sub Centre,100.0
TG-18-907,"SubCentre, Sadashiv Nagar",Sub Centre,Kamareddy,Sadashivnagar,Padmajiwadi,18.429456,78.243771,,Health Sub Centre,100.0
TG-18-908,"SubCentre, Sengeetham",Sub Centre,Kamareddy,Mohammadnagar,Singitham,18.319955,77.959588,,Health Sub Centre,100.0
TG-18-909,"SubCentre, Shabdipur",Sub Centre,Kamareddy,Kamareddy,Shabdipur,18.348379,78.367156,,Health Sub Centre,100.0
TG-18-966,"SubCentre, Shakkarga",Sub Centre,Kamareddy,Madnur,Pedda Shekkarga,18.522848,77.624973,,Health Sub Centre,100.0
TG-18-938,"SubCentre, Shanthapur",Sub Centre,Kamareddy,Bichkunda,Shantapur,18.32113,77.75093,,Health Sub Centre,100.0
TG-18-910,"SubCentre, Shetpally",Sub Centre,Kamareddy,Lingampet,Shatpalle,18.169911,78.12983,,Health Sub Centre,100.0
TG-18-911,"SubCentre, Shetpally Sangareddy",Sub Centre,Kamareddy,Lingampet,Shatpalle,18.152361,78.135776,,Health Sub Centre,100.0
TG-18-912,"SubCentre, Singaraipally",Sub Centre,Kamareddy,Palwancha,Singaraipally,18.359658,78.409402,,Health Sub Centre,100.0
TG-18-913,"SubCentre, Somarpet",Sub Centre,Kamareddy,Yellareddy,Somawarpet,18.197115,77.988854,,Health Sub Centre,100.0
TG-18-914,"SubCentre, Someshwar",Sub Centre,Kamareddy,Banswada,Someshwar,18.402725,77.885317,,Health Sub Centre,100.0
TG-18-920,"SubCentre, THIMMANAGAR",Sub Centre,Kamareddy,Pitlam,Thimmanagar,18.210945,77.805277,,Health Sub Centre,100.0
TG-18-967,"SubCentre, Tadgur Big",Sub Centre,Kamareddy,Madnur,Pedda Thadgur,18.465485,77.593496,,Health Sub Centre,100.0
TG-18-915,"SubCentre, Tadkol",Sub Centre,Kamareddy,Banswada,Tadkole,18.365526,77.873948,,Health Sub Centre,100.0
TG-18-916,"SubCentre, Tadwai",Sub Centre,Kamareddy,Tadwai,Tadwai,18.310774,78.254734,,Health Sub Centre,100.0
TG-18-917,"SubCentre, Thalamadla",Sub Centre,Kamareddy,Rajampet,Talamadla,18.227504,78.355825,,Health Sub Centre,100.0
TG-18-918,"SubCentre, Thandur",Sub Centre,Kamareddy,Nagi_Reddypet,Akkampalle,18.105477,78.073751,,Health Sub Centre,100.0
TG-18-919,"SubCentre, Thimmakkapally",Sub Centre,Kamareddy,Kamareddy,Gudem,18.353385,78.392987,,Health Sub Centre,100.0
TG-18-921,"SubCentre, Thimmapur",Sub Centre,Kamareddy,Birkoor,Timmapur,18.464957,77.83244,,Health Sub Centre,100.0
TG-18-923,"SubCentre, Thujalpur",Sub Centre,Kamareddy,Bibipet,Bibipet,18.188248,78.533436,,Health Sub Centre,100.0
TG-18-924,"SubCentre, Tippapur",Sub Centre,Kamareddy,Bhiknoor,Thippapur,18.194987,78.365734,,Health Sub Centre,100.0
TG-18-925,"SubCentre, Uppalwai",Sub Centre,Kamareddy,Ramareddy,Uppalwai,18.412927,78.324479,,Health Sub Centre,100.0
TG-18-956,"SubCentre, Uthnoor",Sub Centre,Kamareddy,Sadashivnagar,Uthnoor,18.4429,78.1963,,Health Sub Centre,100.0
TG-18-926,"SubCentre, Vajrakhandi",Sub Centre,Kamareddy,Jukkal,Wajrakhandi,18.312933,77.624996,,Health Sub Centre,100.0
TG-18-974,"SubCentre, Vellutla",Sub Centre,Kamareddy,Yellareddy,Vellutla,18.279636,78.013831,,Health Sub Centre,100.0
TG-18-927,"SubCentre, Wadalparthi",Sub Centre,Kamareddy,Nagi_Reddypet,Vadalparthi,18.148894,78.162144,,Health Sub Centre,100.0
TG-18-939,"SubCentre, Wadlam",Sub Centre,Kamareddy,Pedda Kodapgal,Burugupally,18.27226,77.716592,,Health Sub Centre,100.0
TG-18-940,"SubCentre, Wajeed Nagar",Sub Centre,Kamareddy,Bichkunda,Wajidnagar,18.38328,77.795434,,Health Sub Centre,100.0
TG-18-928,"SubCentre, Yellampet",Sub Centre,Kamareddy,Machareddy,Yellampet,18.403476,78.49757,,Health Sub Centre,100.0
TG-18-975,"SubCentre, Yellareddy - A",Sub Centre,Kamareddy,Yellareddy,Yellareddy,18.195224,78.016685,,Health Sub Centre,100.0
TG-18-976,"SubCentre, Yellareddy - B",Sub Centre,Kamareddy,Yellareddy,Yellareddy,18.195224,78.016685,,Health Sub Centre,100.0
TG-8-37,Government General Hospital,Teaching Hospital,Kamareddy,Kamareddy,Kamareddy,18.323503,78.337835,Director of Medical Education,Medical Colleges,100.0
TG-15-120,UPHC Islampura,Urban Primary Health Centre,Kamareddy,Kamareddy,Kamareddy,18.314879,78.34007,,Urban Primary Health Centre,100.0
TG-15-119,UPHC Rajeevnagar,Urban Primary Health Centre,Kamareddy,Kamareddy,Rameswarpalle,18.335638,78.353403,,Urban Primary Health Centre,100.0
TG-10-22,AH Choppadandi,Area Hospital,Karimnagar,Choppadandi,Choppadandi,18.577112,79.16822,TVVP,Area Hospital,100.0
TG-10-21,AH Huzurabad,Area Hospital,Karimnagar,Huzurabad,Huzurabad,18.203453,79.399524,TVVP,Area Hospital,100.0
TG-13-197,Arepally BDK,Basti Dawakhana,Karimnagar,Karimnagar_Rural,Arepalli,18.468541,79.129923,,Basti Dawakhana,100.0
TG-13-196,Padmanagar BDK,Basti Dawakhana,Karimnagar,Kothapally,Chinthakunta,18.439452,79.100308,,Basti Dawakhana,100.0
TG-13-194,Rekurthy BDK,Basti Dawakhana,Karimnagar,Kothapally,Rekurthi,18.466073,79.097449,,Basti Dawakhana,100.0
TG-13-195,Teegalguttapally BDK,Basti Dawakhana,Karimnagar,Karimnagar_Rural,Arepalli,18.471164,79.13802,,Basti Dawakhana,100.0
TG-16-22,CHC Jammikunta,Community Health Centre,Karimnagar,Jammikunta,Jammikunta,18.29301,79.47256,TVVP,Community Health Centre,100.0
TG-17-429,"Primary Health Centre, Challur",Primary Health Centre,Karimnagar,Veenavanka,Challoor,18.407571,79.362924,,Primary Health Centre,100.0
TG-17-393,"Primary Health Centre, Chamanpally",Primary Health Centre,Karimnagar,Karimnagar_Rural,Chamanpalli,18.509876,79.190777,,Primary Health Centre,100.0
TG-17-450,"Primary Health Centre, Chelpur",Primary Health Centre,Karimnagar,Huzurabad,Chelpur,18.234655,79.4456,,Primary Health Centre,100.0
TG-17-395,"Primary Health Centre, Chigurumamidi",Primary Health Centre,Karimnagar,Chigurumamidi,Chigurumamidi,18.239128,79.193946,,Primary Health Centre,100.0
TG-17-386,"Primary Health Centre, Choppadandi",Primary Health Centre,Karimnagar,Choppadandi,Choppadandi,18.585642,79.164777,,Primary Health Centre,100.0
TG-17-473,"Primary Health Centre, Ellandakunta",Primary Health Centre,Karimnagar,Ellandakunta,Ellanthakunta,18.290989,79.510192,,Primary Health Centre,100.0
TG-17-350,"Primary Health Centre, Gangadhara",Primary Health Centre,Karimnagar,Gangadhara,Gangadhara,18.573169,79.002519,,Primary Health Centre,100.0
TG-17-380,"Primary Health Centre, Gumulapoor",Primary Health Centre,Karimnagar,Choppadandi,Gumlapur,18.582266,79.114454,,Primary Health Centre,100.0
TG-17-373,"Primary Health Centre, Gundi",Primary Health Centre,Karimnagar,Ramadugu,Gundi,18.638591,79.09469,,Primary Health Centre,100.0
TG-17-377,"Primary Health Centre, Kothapalli",Primary Health Centre,Karimnagar,Kothapally,Kothapalli(Haveli),18.490757,79.103677,,Primary Health Centre,100.0
TG-17-394,"Primary Health Centre, Manakondur",Primary Health Centre,Karimnagar,Manakondur,Manakondur,18.397071,79.193785,,Primary Health Centre,100.0
TG-17-363,"Primary Health Centre, Ramadugu",Primary Health Centre,Karimnagar,Ramadugu,Ramadugu,18.578496,79.06092,,Primary Health Centre,100.0
TG-17-419,"Primary Health Centre, Saidapur",Primary Health Centre,Karimnagar,V Saidapur,Saidapur,18.217713,79.299195,,Primary Health Centre,100.0
TG-17-417,"Primary Health Centre, Shankarapatnam",Primary Health Centre,Karimnagar,Shankarapatnam,Keshavapatnam,18.290488,79.295176,,Primary Health Centre,100.0
TG-17-389,"Primary Health Centre, Thimmapur",Primary Health Centre,Karimnagar,Thimmapur,Thimmapur,18.354815,79.168433,,Primary Health Centre,100.0
TG-17-482,"Primary Health Centre, Vavilala",Primary Health Centre,Karimnagar,Jammikunta,Vavilala,18.393582,79.55209,,Primary Health Centre,100.0
TG-17-444,"Primary Health Centre, Veenavanka",Primary Health Centre,Karimnagar,Veenavanka,Veenavanka,18.353033,79.419269,,Primary Health Centre,100.0
TG-17-414,"Primary Health Centre, Veldhi",Primary Health Centre,Karimnagar,Manakondur,Veldi,18.447446,79.284499,,Primary Health Centre,100.0
TG-18-982,SubCentre Akunur,Sub Centre,Karimnagar,V Saidapur,Akunur,18.180104,79.283781,,Health Sub Centre,100.0
TG-18-983,SubCentre Annaram,Sub Centre,Karimnagar,Manakondur,Annaram,18.409953,79.235308,,Health Sub Centre,100.0
TG-18-984,SubCentre Asifnagar,Sub Centre,Karimnagar,Kothapally,Asifnagar,18.440658,79.01718,,Health Sub Centre,100.0
TG-18-985,SubCentre Bethigal,Sub Centre,Karimnagar,Veenavanka,Bethigal,18.305477,79.396648,,Health Sub Centre,100.0
TG-18-986,SubCentre Bommakal,Sub Centre,Karimnagar,Karimnagar_Rural,Bommakal,18.43878,79.168414,,Health Sub Centre,100.0
TG-18-987,SubCentre Bommakal,Sub Centre,Karimnagar,V Saidapur,Bommakal,18.158575,79.341717,,Health Sub Centre,100.0
TG-18-988,SubCentre Burugupally,Sub Centre,Karimnagar,Gangadhara,Burgupalle,18.638438,79.032812,,Health Sub Centre,100.0
TG-18-989,SubCentre Challur,Sub Centre,Karimnagar,Veenavanka,Challoor,18.415328,79.355149,,Health Sub Centre,100.0
TG-18-990,SubCentre Chamanpalli,Sub Centre,Karimnagar,Karimnagar_Rural,Chamanpalli,18.51512,79.185963,,Health Sub Centre,100.0
TG-18-991,SubCentre Chenjerla,Sub Centre,Karimnagar,Manakondur,Chenjerla,18.363161,79.238184,,Health Sub Centre,100.0
TG-18-992,SubCentre Cherlabuthkur,Sub Centre,Karimnagar,Karimnagar_Rural,Cherlabuthkur,18.501872,79.203293,,Health Sub Centre,100.0
TG-18-993,SubCentre Chinthakunta,Sub Centre,Karimnagar,Kothapally,Chinthakunta,18.446148,79.089246,,Health Sub Centre,100.0
TG-18-994,SubCentre Choppadandi-1,Sub Centre,Karimnagar,Choppadandi,Choppadandi,18.580481,79.168962,,Health Sub Centre,100.0
TG-18-995,SubCentre Choppadandi-2,Sub Centre,Karimnagar,Choppadandi,Choppadandi,18.580481,79.168962,,Health Sub Centre,100.0
TG-18-996,SubCentre Desharajpally,Sub Centre,Karimnagar,Ramadugu,Deshrajpalle,18.529422,79.07105,,Health Sub Centre,100.0
TG-18-997,SubCentre Devampally,Sub Centre,Karimnagar,Manakondur,Devampalle,18.391181,79.268825,,Health Sub Centre,100.0
TG-18-998,SubCentre Duddenapalli,Sub Centre,Karimnagar,V Saidapur,Duddenapalle,18.218446,79.263439,,Health Sub Centre,100.0
TG-18-999,SubCentre Durshed,Sub Centre,Karimnagar,Karimnagar_Rural,Durshed,18.458442,79.186256,,Health Sub Centre,100.0
TG-18-1000,SubCentre Edulaguttapally,Sub Centre,Karimnagar,Manakondur,Edulagattepalle,18.390814,79.223292,,Health Sub Centre,100.0
TG-18-978,SubCentre Elagandal,Sub Centre,Karimnagar,Kothapally,Elgandal,18.420105,79.041199,,Health Sub Centre,100.0
TG-18-979,SubCentre Gangadhara,Sub Centre,Karimnagar,Gangadhara,Gangadhara,18.579204,79.008702,,Health Sub Centre,100.0
TG-18-980,SubCentre Kurikyala,Sub Centre,Karimnagar,Gangadhara,Kurikial,18.547976,79.001977,,Health Sub Centre,100.0
TG-18-479,SubCentre Laxmidevpally,Sub Centre,Karimnagar,Gangadhara,Gangadhara,18.607075,79.022126,,Health Sub Centre,100.0
TG-18-981,SubCentre Lingapur,Sub Centre,Karimnagar,Manakondur,Lingapur,18.437884,79.226253,,Health Sub Centre,100.0
TG-18-422,SubCentre Mallial II,Sub Centre,Karimnagar,Ellandakunta,Mallial,18.264144,79.532242,,Health Sub Centre,100.0
TG-18-423,SubCentre Mallial-I,Sub Centre,Karimnagar,Ellandakunta,Mallial,18.264144,79.532242,,Health Sub Centre,100.0
TG-18-427,SubCentre Metpalli I (Dubbawada),Sub Centre,Karimnagar,Shankarapatnam,Metpalle,18.291777,79.370491,,Health Sub Centre,100.0
TG-18-428,SubCentre Metpalli IV (Ambedkar Nagar),Sub Centre,Karimnagar,Shankarapatnam,Metpalle,18.291777,79.370491,,Health Sub Centre,100.0
TG-18-481,SubCentre Nagunoor,Sub Centre,Karimnagar,Karimnagar_Rural,Nagunur,18.498242,79.152546,,Health Sub Centre,100.0
TG-18-452,SubCentre Thirumalapoor,Sub Centre,Karimnagar,Ramadugu,Thirmalapur,18.632582,79.056759,,Health Sub Centre,100.0
TG-18-453,SubCentre Thirumalapur,Sub Centre,Karimnagar,Ramadugu,Thirmalapur,18.631106,79.057444,,Health Sub Centre,100.0
TG-18-216,"SubCentre, Laxmidevipalli",Sub Centre,Karimnagar,Gangadhara,Gangadhara,18.607075,79.022126,,Health Sub Centre,100.0
TG-18-977,Subcentre Abadi Jammikunta,Sub Centre,Karimnagar,Jammikunta,Jammikunta,18.2936,79.451215,,Health Sub Centre,100.0
TG-18-439,Subcentre Porandla,Sub Centre,Karimnagar,Thimmapur,Porandla,18.358345,79.201405,,Health Sub Centre,100.0
TG-8-33,Government General Hospital,Teaching Hospital,Karimnagar,Veenavanka,Challoor,18.414288,79.361928,Director of Medical Education,Medical Colleges,100.0
TG-8-39,Government General Hospital,Teaching Hospital,Karimnagar,Karimnagar,Karimnagar,18.444244,79.132165,Director of Medical Education,Medical Colleges,100.0
TG-15-121,UPHC Buttirajaram Colony,Urban Primary Health Centre,Karimnagar,Karimnagar,Karimnagar,18.43,79.12,,Urban Primary Health Centre,100.0
TG-15-122,UPHC Housing Board Colony,Urban Primary Health Centre,Karimnagar,Karimnagar,Karimnagar,18.42499,79.15066,,Urban Primary Health Centre,100.0
TG-15-123,UPHC Kattarampur,Urban Primary Health Centre,Karimnagar,Karimnagar,Karimnagar,18.42257,79.11969,,Urban Primary Health Centre,100.0
TG-15-126,UPHC Mothajkhana,Urban Primary Health Centre,Karimnagar,Kothapally,Chinthakunta,18.458897,79.0811,,Urban Primary Health Centre,100.0
TG-15-125,UPHC Sapthagiri colony,Urban Primary Health Centre,Karimnagar,Karimnagar,Karimnagar,18.41923,79.11771,,Urban Primary Health Centre,100.0
TG-15-124,UPHC vidhyanagar,Urban Primary Health Centre,Karimnagar,Karimnagar,Karimnagar,18.44613,79.1197,,Urban Primary Health Centre,100.0
TG-15-250,UPHC-Butti Raja Ram Colony(UPHC),Urban Primary Health Centre,Karimnagar,Karimnagar,Karimnagar,18.43,79.12,,Urban Primary Health Centre,100.0
TG-10-23,AH Madhira,Area Hospital,Khammam,Madhira,Madhira (U),16.920982,80.362442,TVVP,Area Hospital,100.0
TG-10-24,AH Sathupally,Area Hospital,Khammam,Sathupally,Ayyagaripeta,17.213702,80.825082,TVVP,Area Hospital,100.0
TG-10-25,AH Thirumalapalem,Area Hospital,Khammam,Tirumalayapalem,Tirumalayapalem,17.312913,80.033368,TVVP,Area Hospital,100.0
TG-10-26,AH Wyra,Area Hospital,Khammam,Konijerla,Gundrathi Madugu,17.199845,80.355934,TVVP,Area Hospital,100.0
TG-13-200,2BHK at YSR Colony in 6th Block,Basti Dawakhana,Khammam,Khammam_Urban,Khanapuram Haveli,17.258218,80.201589,,Basti Dawakhana,100.0
TG-13-198,"DPRC Govt Building, Pandurangapuram BDK",Basti Dawakhana,Khammam,Khammam_Urban,Ballepally,17.275408,80.175905,,Basti Dawakhana,100.0
TG-13-201,Kothagudem GP Office Building,Basti Dawakhana,Khammam,Khammam_Urban,Dhamsalapuram,17.216953,80.171004,,Basti Dawakhana,100.0
TG-13-206,Maddupally GP Office Madhira,Basti Dawakhana,Khammam,Madhira,Madupalli,16.92146,80.340256,,Basti Dawakhana,100.0
TG-13-204,Old MC Office Building Khammam,Basti Dawakhana,Khammam,Khammam_Urban,Khammam,17.24926,80.142525,,Basti Dawakhana,100.0
TG-13-203,"RAMANNAPETA, KHAMMAM",Basti Dawakhana,Khammam,Khammam_Urban,Mallemadugu,17.295258,80.147649,,Basti Dawakhana,100.0
TG-13-202,"RANGANAYAKULA GUTTA, KHAMMAM",Basti Dawakhana,Khammam,Khammam_Urban,Khammam,17.243059,80.132163,,Basti Dawakhana,100.0
TG-13-205,"Rajeev colony, community Hall Satupalli",Basti Dawakhana,Khammam,Sathupally,Siddharam,17.194592,80.834518,,Basti Dawakhana,100.0
TG-13-199,"Surepalli Chiranjeevi Community Hall,Tapalagudem BDK",Basti Dawakhana,Khammam,Khammam_Urban,Papakabanda,17.241082,80.145352,,Basti Dawakhana,100.0
TG-16-24,CHC Kallur,Community Health Centre,Khammam,Kalluru,Kalluru,17.199583,80.554304,TVVP,Community Health Centre,100.0
TG-16-23,CHC Nelakondapalli,Community Health Centre,Khammam,Nelakondapally,Nelakondapally,17.092434,80.059471,TVVP,Community Health Centre,100.0
TG-16-25,CHC Penubally,Community Health Centre,Khammam,Penuballi,Penuballi,17.209378,80.664137,TVVP,Community Health Centre,100.0
TG-17-586,Primary Health Centre Teegalaveni,Primary Health Centre,Khammam,Khammam_Urban,Khanapuram Haveli,17.256441,80.165708,,Primary Health Centre,100.0
TG-17-590,"Primary Health Centre, Banakal",Primary Health Centre,Khammam,Bonakal,Bonakal,17.02362,80.263978,,Primary Health Centre,100.0
TG-17-608,"Primary Health Centre, Banigandlapadu",Primary Health Centre,Khammam,Yerrupalem,Banigellapadu,16.864237,80.476895,,Primary Health Centre,100.0
TG-17-564,"Primary Health Centre, Bodulanbanda",Primary Health Centre,Khammam,Nelakondapally,Painampally,17.076044,80.023974,,Primary Health Centre,100.0
TG-17-609,"Primary Health Centre, Chennure",Primary Health Centre,Khammam,Kalluru,Chennuru,17.130571,80.495465,,Primary Health Centre,100.0
TG-17-587,"Primary Health Centre, Chintakani",Primary Health Centre,Khammam,Chintakani,Chintakani,17.126184,80.203928,,Primary Health Centre,100.0
TG-17-605,"Primary Health Centre, Enkoor",Primary Health Centre,Khammam,Enkoor,Tutukalingannapeta,17.346306,80.451252,,Primary Health Centre,100.0
TG-17-585,"Primary Health Centre, Gangaram",Primary Health Centre,Khammam,Khammam_Urban,Khanapuram Haveli,17.256024,80.164662,,Primary Health Centre,100.0
TG-17-636,"Primary Health Centre, Gangaram",Primary Health Centre,Khammam,Sathupally,Bethupally,17.19942,80.894659,,Primary Health Centre,100.0
TG-17-613,"Primary Health Centre, Kalluru",Primary Health Centre,Khammam,Kalluru,Khankhanpeta,17.20122,80.560337,,Primary Health Centre,100.0
TG-17-592,"Primary Health Centre, Kamepalli",Primary Health Centre,Khammam,Kamepally,Kamepally,17.448563,80.283645,,Primary Health Centre,100.0
TG-17-584,"Primary Health Centre, Komatlagudem",Primary Health Centre,Khammam,Khammam_Urban,Khanapuram Haveli,17.256024,80.164662,,Primary Health Centre,100.0
TG-17-593,"Primary Health Centre, Konijerla",Primary Health Centre,Khammam,Konijerla,Konijerla,17.220802,80.29756,,Primary Health Centre,100.0
TG-17-558,"Primary Health Centre, Kusumanchi",Primary Health Centre,Khammam,Kusumanchi,Kusumanchi,17.22561,79.962561,,Primary Health Centre,100.0
TG-17-625,"Primary Health Centre, Lankasagar",Primary Health Centre,Khammam,Penuballi,Adavimallayala,17.176751,80.702364,,Primary Health Centre,100.0
TG-17-575,"Primary Health Centre, M.V.Palem",Primary Health Centre,Khammam,Khammam_Rural,M.Venkatayapalempalem,17.300262,80.096274,,Primary Health Centre,100.0
TG-17-588,"Primary Health Centre, Manchukonda",Primary Health Centre,Khammam,Raghunadhapalem,Manchukonda,17.34338,80.222295,,Primary Health Centre,100.0
TG-17-603,"Primary Health Centre, Maturipeta",Primary Health Centre,Khammam,Madhira,Maturu,16.936756,80.41658,,Primary Health Centre,100.0
TG-17-574,"Primary Health Centre, Mudigonda",Primary Health Centre,Khammam,Mudigonda,Mudigonda,17.179878,80.094813,,Primary Health Centre,100.0
TG-17-568,"Primary Health Centre, Nelakondapalli",Primary Health Centre,Khammam,Nelakondapally,Singireddypalem,17.099996,80.050185,,Primary Health Centre,100.0
TG-17-589,"Primary Health Centre, Peddagopathi",Primary Health Centre,Khammam,Konijerla,Gopathi,17.169296,80.259425,,Primary Health Centre,100.0
TG-17-591,"Primary Health Centre, Singareni",Primary Health Centre,Khammam,Singareni,Singareni,17.50696,80.276654,,Primary Health Centre,100.0
TG-17-548,"Primary Health Centre, Sublaid",Primary Health Centre,Khammam,Tirumalayapalem,Sublaidu,17.340408,79.90028,,Primary Health Centre,100.0
TG-17-604,"Primary Health Centre, Tallada",Primary Health Centre,Khammam,Thallada,Thallada,17.217777,80.424101,,Primary Health Centre,100.0
TG-17-566,"Primary Health Centre, Thirumalayapalem",Primary Health Centre,Khammam,Tirumalayapalem,Tirumalayapalem,17.311221,80.032708,,Primary Health Centre,100.0
TG-17-628,"Primary Health Centre, Vemsoor",Primary Health Centre,Khammam,Vemsoor,Vemsoor,17.120291,80.795155,,Primary Health Centre,100.0
TG-17-599,"Primary Health Centre, Wyra",Primary Health Centre,Khammam,Wyra,Brahmanapalli (AG),17.18217,80.37439,,Primary Health Centre,100.0
TG-17-601,"primary Health Centre, Dendukuru",Primary Health Centre,Khammam,Madhira,Dendukur,16.890906,80.399787,,Primary Health Centre,100.0
TG-17-577,"primary Health Centre, Vallabhi",Primary Health Centre,Khammam,Mudigonda,Vallabhi,17.007107,80.11372,,Primary Health Centre,100.0
TG-18-357,"SubCentre, 24 Pit",Sub Centre,Khammam,Vemsoor,Chowdaram (Ogiralavada),17.160028,80.719643,,Health Sub Centre,100.0
TG-18-130,"SubCentre, Ambedkar Nagar",Sub Centre,Khammam,Thallada,Kodavatimetta,17.187611,80.400309,,Health Sub Centre,100.0
TG-18-132,"SubCentre, Anantharam",Sub Centre,Khammam,Konijerla,Gopathi,17.167608,80.250253,,Health Sub Centre,100.0
TG-18-178,"SubCentre, Erragunta",Sub Centre,Khammam,Vemsoor,Yerragunta,17.15562,80.771321,,Health Sub Centre,100.0
TG-18-179,"SubCentre, Gandhinagar",Sub Centre,Khammam,Khammam_Urban,Khammam,17.243559,80.130297,,Health Sub Centre,100.0
TG-18-192,"SubCentre, Gurvaigudem",Sub Centre,Khammam,Kusumanchi,Kusumanchi,17.20873,79.943753,,Health Sub Centre,100.0
TG-18-317,"SubCentre, Kalyanamandapam",Sub Centre,Khammam,Khammam_Urban,Khammam,17.242196,80.13946,,Health Sub Centre,100.0
TG-18-204,"SubCentre, Kamalapuram",Sub Centre,Khammam,Mudigonda,Kamalapuram,17.087847,80.126807,,Health Sub Centre,100.0
TG-18-208,"SubCentre, Kommugudem",Sub Centre,Khammam,Singareni,Komatlagudem,17.486977,80.301462,,Health Sub Centre,100.0
TG-18-209,"SubCentre, Kondaigudem",Sub Centre,Khammam,Kamepally,Govindrala,17.409987,80.2154,,Health Sub Centre,100.0
TG-18-211,"SubCentre, Koyagudem",Sub Centre,Khammam,Khammam_Urban,Khanapuram Haveli,17.251872,80.179347,,Health Sub Centre,100.0
TG-18-363,"SubCentre, Lachagudem",Sub Centre,Khammam,Chintakani,Latchagudem,17.157219,80.216794,,Health Sub Centre,100.0
TG-18-217,"SubCentre, Laxmipuram",Sub Centre,Khammam,Mudigonda,Suvarnapuram,17.172267,80.121223,,Health Sub Centre,100.0
TG-18-218,"SubCentre, Lingalapalli",Sub Centre,Khammam,Vemsoor,Vemsoor,17.148238,80.801788,,Health Sub Centre,100.0
TG-18-222,"SubCentre, Mallaram",Sub Centre,Khammam,Thallada,Kodavatimetta,17.219283,80.382567,,Health Sub Centre,100.0
TG-18-364,"SubCentre, Manikyaram",Sub Centre,Khammam,Singareni,Manikyaram,17.481253,80.341502,,Health Sub Centre,100.0
TG-18-248,"SubCentre, NTR Nagar",Sub Centre,Khammam,Sathupally,Ayyagaripeta,17.199934,80.828783,,Health Sub Centre,100.0
TG-18-244,"SubCentre, Narayanapuram",Sub Centre,Khammam,Sathupally,Bethupally,17.176763,80.866145,,Health Sub Centre,100.0
TG-18-365,"SubCentre, Nizampeta",Sub Centre,Khammam,Khammam_Urban,Khammam,17.244246,80.144254,,Health Sub Centre,100.0
TG-18-252,"SubCentre, Pandurangapuram",Sub Centre,Khammam,Khammam_Urban,Ballepally,17.275251,80.180532,,Health Sub Centre,100.0
TG-18-254,"SubCentre, Patha Anjanapuram",Sub Centre,Khammam,Konijerla,Gubbagurthi,17.296695,80.381175,,Health Sub Centre,100.0
TG-18-255,"SubCentre, Pathareddypalem",Sub Centre,Khammam,Thallada,Thallada,17.193838,80.423162,,Health Sub Centre,100.0
TG-18-263,"SubCentre, Pinapaka",Sub Centre,Khammam,Thallada,Pinapaka,17.177478,80.41099,,Health Sub Centre,100.0
TG-18-265,"SubCentre, Pothureddipalli",Sub Centre,Khammam,Thallada,Thallada,17.19066,80.420802,,Health Sub Centre,100.0
TG-18-270,"SubCentre, Reddygudem",Sub Centre,Khammam,Konijerla,Konda Vanamala,17.154704,80.293104,,Health Sub Centre,100.0
TG-18-340,"SubCentre, Seetarampuram",Sub Centre,Khammam,Singareni,Usirikayalapally,17.524059,80.319222,,Health Sub Centre,100.0
TG-18-288,"SubCentre, Sitarampuram",Sub Centre,Khammam,Singareni,Usirikayalapally,17.524059,80.319222,,Health Sub Centre,100.0
TG-18-290,"SubCentre, Sri Nagar Colony",Sub Centre,Khammam,Khammam_Urban,Khanapuram Haveli,17.243843,80.173351,,Health Sub Centre,100.0
TG-18-293,"SubCentre, Sundaraiah Nagar",Sub Centre,Khammam,Nelakondapally,Mandrajupally,17.097646,80.010697,,Health Sub Centre,100.0
TG-8-38,Government General Hospital,Teaching Hospital,Khammam,Khammam_Urban,Khanapuram Haveli,17.249615,80.151971,Director of Medical Education,Medical Colleges,100.0
TG-15-128,UPHC Mamillagudem,Urban Primary Health Centre,Khammam,Khammam_Urban,Bhuranpuram,17.257816,80.137974,,Urban Primary Health Centre,100.0
TG-15-127,UPHC Paka Banda Bazar (Mustafa Nagar),Urban Primary Health Centre,Khammam,Khammam_Urban,Papakabanda,17.22991,80.149836,,Urban Primary Health Centre,100.0
TG-15-130,UPHC Srinivasa Nagar,Urban Primary Health Centre,Khammam,Khammam_Urban,Khammam,17.227969,80.140067,,Urban Primary Health Centre,100.0
TG-15-129,UPHC Venkateswara Nagar,Urban Primary Health Centre,Khammam,Khammam_Urban,Khammam,17.246937,80.128544,,Urban Primary Health Centre,100.0
TG-10-27,AH Khagznagar,Area Hospital,Kumurambheem Asifabad,Kagaznagar,Kothapet,19.35421,79.48052,TVVP,Area Hospital,100.0
TG-16-29,CHC Jainoor,Community Health Centre,Kumurambheem Asifabad,Jainoor,Jainoor,19.371234,78.910539,TVVP,Community Health Centre,100.0
TG-16-26,CHC Sirpur,Community Health Centre,Kumurambheem Asifabad,Sirpur_T,Sirpur,19.481594,79.57737,TVVP,Community Health Centre,100.0
TG-16-27,CHC Tiryani,Community Health Centre,Kumurambheem Asifabad,Tiryani,Chintapally,19.161,79.26026,TVVP,Community Health Centre,100.0
TG-16-30,CHC Wankhidi,Community Health Centre,Kumurambheem Asifabad,Wankidi,Boranjiguda (UI),19.476346,79.338337,TVVP,Community Health Centre,100.0
TG-16-28,"CHC, Bejjur",Community Health Centre,Kumurambheem Asifabad,Bejjur,Bejjur,19.343889,79.862725,TVVP,Community Health Centre,100.0
TG-17-403,"Primary Health Centre, Ada",Primary Health Centre,Kumurambheem Asifabad,Asifabad,Ada,19.40667,79.219176,,Primary Health Centre,100.0
TG-17-526,"Primary Health Centre, Babapur",Primary Health Centre,Kumurambheem Asifabad,Chintalamanepally,Balaji ankoda,19.491582,79.785368,,Primary Health Centre,100.0
TG-17-467,"Primary Health Centre, Batpally",Primary Health Centre,Kumurambheem Asifabad,Kagaznagar,Chinthaguda,19.352651,79.501848,,Primary Health Centre,100.0
TG-17-538,"Primary Health Centre, Bejjur",Primary Health Centre,Kumurambheem Asifabad,Bejjur,Bejjur,19.345972,79.862058,,Primary Health Centre,100.0
TG-17-511,"Primary Health Centre, Dahegaon",Primary Health Centre,Kumurambheem Asifabad,Dahegaon,Dahegaon1,19.26204,79.708611,,Primary Health Centre,100.0
TG-17-480,"Primary Health Centre, Esgaon",Primary Health Centre,Kumurambheem Asifabad,Kagaznagar,Easgaon,19.361231,79.535931,,Primary Health Centre,100.0
TG-17-404,"Primary Health Centre, Ginnedhari",Primary Health Centre,Kumurambheem Asifabad,Tiryani,Ginnedari,19.210787,79.234718,,Primary Health Centre,100.0
TG-17-332,"Primary Health Centre, Jainoor",Primary Health Centre,Kumurambheem Asifabad,Jainoor,Jainoor,19.37361,78.907932,,Primary Health Centre,100.0
TG-17-461,"Primary Health Centre, Kaghaznagar",Primary Health Centre,Kumurambheem Asifabad,Kagaznagar,Kothapet,19.344044,79.480056,,Primary Health Centre,100.0
TG-17-358,"Primary Health Centre, Kerameri",Primary Health Centre,Kumurambheem Asifabad,Kerameri,Kerameri,19.442649,79.048613,,Primary Health Centre,100.0
TG-17-514,"Primary Health Centre, Kouthala",Primary Health Centre,Kumurambheem Asifabad,Kouthala,Kouthala,19.522072,79.732298,,Primary Health Centre,100.0
TG-17-352,"Primary Health Centre, Lingapur",Primary Health Centre,Kumurambheem Asifabad,Lingapur,Lingapur,19.259903,79.013471,,Primary Health Centre,100.0
TG-17-499,"Primary Health Centre, Lonvelly",Primary Health Centre,Kumurambheem Asifabad,Sirpur_T,Loanvelly,19.547691,79.640803,,Primary Health Centre,100.0
TG-17-522,"Primary Health Centre, Penchikalpet",Primary Health Centre,Kumurambheem Asifabad,Penchikalpet,Yelkapalle,19.269759,79.76491,,Primary Health Centre,100.0
TG-17-442,"Primary Health Centre, Rebbana",Primary Health Centre,Kumurambheem Asifabad,Rebbena,Gangapur,19.249804,79.417055,,Primary Health Centre,100.0
TG-17-406,"Primary Health Centre, Rompalle",Primary Health Centre,Kumurambheem Asifabad,Tiryani,Rompally,19.105398,79.243075,,Primary Health Centre,100.0
TG-17-336,"Primary Health Centre, Sirpur",Primary Health Centre,Kumurambheem Asifabad,Sirpur_U,Bhurnur,19.343144,78.935365,,Primary Health Centre,100.0
TG-17-412,"Primary Health Centre, Tiryani",Primary Health Centre,Kumurambheem Asifabad,Tiryani,Chintapally,19.160135,79.260147,,Primary Health Centre,100.0
TG-17-325,"Primary Health Centre, Ushagaon",Primary Health Centre,Kumurambheem Asifabad,Jainoor,Ushegaon,19.38453,78.880902,,Primary Health Centre,100.0
TG-17-424,"Primary Health Centre, Wankidi",Primary Health Centre,Kumurambheem Asifabad,Wankidi,Wankidi (Kalan),19.493771,79.32279,,Primary Health Centre,100.0
TG-18-27,"SubCentre, Dhanora",Sub Centre,Kumurambheem Asifabad,Sirpur_U,Dhanora-P,19.306009,78.948623,,Health Sub Centre,100.0
TG-18-28,"SubCentre, Dhanora",Sub Centre,Kumurambheem Asifabad,Kerameri,Bheemangondi,19.43015,79.157675,,Health Sub Centre,100.0
TG-18-67,"SubCentre, Mediguda",Sub Centre,Kumurambheem Asifabad,Rebbena,Navegaon,19.338174,79.38879,,Health Sub Centre,100.0
TG-18-114,"SubCentre, Nagalkonda",Sub Centre,Kumurambheem Asifabad,Jainoor,Patnapur,19.47165,78.900504,,Health Sub Centre,100.0
TG-18-73,"SubCentre, Patnapur",Sub Centre,Kumurambheem Asifabad,Jainoor,Gudamamda,19.45991,78.923167,,Health Sub Centre,100.0
TG-18-78,"SubCentre, Pipri",Sub Centre,Kumurambheem Asifabad,Kerameri,Kotari,19.431843,79.18589,,Health Sub Centre,100.0
TG-18-83,"SubCentre, Rampur K",Sub Centre,Kumurambheem Asifabad,Jainoor,Forest,19.396385,78.800704,,Health Sub Centre,100.0
TG-18-125,"SubCentre, Satwajiguda",Sub Centre,Kumurambheem Asifabad,Dahegaon,Bhamanagar,19.223703,79.7484,,Health Sub Centre,100.0
TG-18-87,"SubCentre, Seetagondi",Sub Centre,Kumurambheem Asifabad,Sirpur_U,Pangdi,19.359142,79.002342,,Health Sub Centre,100.0
TG-8-34,Government General Hospital,Teaching Hospital,Kumurambheem Asifabad,Asifabad,Asifabad (CT),19.359888,79.291485,Director of Medical Education,Medical Colleges,100.0
TG-15-131,Uphc Navegoam basthi,Urban Primary Health Centre,Kumurambheem Asifabad,Kagaznagar,Kothapet,19.347417,79.477623,,Urban Primary Health Centre,100.0
TG-15-132,Uphc Sirsilk colony,Urban Primary Health Centre,Kumurambheem Asifabad,Kagaznagar,Kothapet,19.3553,79.4748,,Urban Primary Health Centre,100.0
TG-10-28,AH Maripeda,Area Hospital,Mahabubabad,Maripeda,Maripeda,17.386216,79.891825,TVVP,Area Hospital,100.0
TG-10-29,AH Thorrur,Area Hospital,Mahabubabad,Thorrur,Thorrur (CT),17.57248,79.67088,TVVP,Area Hospital,100.0
TG-13-209,Signal Colony BDK,Basti Dawakhana,Mahabubabad,Mahabubabad,Mahabubabad,17.603172,79.993294,,Basti Dawakhana,100.0
TG-16-32,CHC Garla,Community Health Centre,Mahabubabad,Garla,Garla,17.485542,80.140364,TVVP,Community Health Centre,100.0
TG-16-31,CHC Gudur,Community Health Centre,Mahabubabad,Gudur,Gudur,17.79904,79.97934,TVVP,Community Health Centre,100.0
TG-17-581,Primary Health Centre Dornakal,Primary Health Centre,Mahabubabad,Dornakal,Dornakal,17.429794,80.150458,,Primary Health Centre,100.0
TG-17-551,Primary Health Centre Gudur,Primary Health Centre,Mahabubabad,Gudur,Gajulagattu,17.793148,79.92714,,Primary Health Centre,100.0
TG-17-529,Primary Health Centre Inugurthy,Primary Health Centre,Mahabubabad,Inugurthy,Inugurthy,17.663993,79.79903,,Primary Health Centre,100.0
TG-17-545,Primary Health Centre Kesamudram,Primary Health Centre,Mahabubabad,Kesamudram,Kesamudram,17.688042,79.879677,,Primary Health Centre,100.0
TG-17-573,"Primary Health Centre, Balpal",Primary Health Centre,Mahabubabad,Kuravi,Balapala,17.470629,80.078461,,Primary Health Centre,100.0
TG-17-576,"Primary Health Centre, Bayyaram",Primary Health Centre,Mahabubabad,Bayyaram,Bayyaram,17.580534,80.1095,,Primary Health Centre,100.0
TG-17-515,"Primary Health Centre, Danthalapally",Primary Health Centre,Mahabubabad,Danthalapalle,Danthalapalle,17.521585,79.732786,,Primary Health Centre,100.0
TG-17-580,"Primary Health Centre, Gandhampalli",Primary Health Centre,Mahabubabad,Bayyaram,Gandhampalle,17.558964,80.141121,,Primary Health Centre,100.0
TG-17-569,"Primary Health Centre, Kambalpally",Primary Health Centre,Mahabubabad,Mahabubabad,Khambhalpalle,17.664587,80.052619,,Primary Health Centre,100.0
TG-17-571,"Primary Health Centre, Kothaguda",Primary Health Centre,Mahabubabad,Kothaguda,Kothagudem,17.910573,80.056429,,Primary Health Centre,100.0
TG-17-562,"Primary Health Centre, Kuravi",Primary Health Centre,Mahabubabad,Kuravi,Kuravi,17.522721,80.00231,,Primary Health Centre,100.0
TG-17-563,"Primary Health Centre, Malliyala",Primary Health Centre,Mahabubabad,Mahabubabad,Mahabubabad,17.579569,80.005262,,Primary Health Centre,100.0
TG-17-547,"Primary Health Centre, Marripeda",Primary Health Centre,Mahabubabad,Maripeda,Maripeda,17.38618,79.889357,,Primary Health Centre,100.0
TG-17-578,"Primary Health Centre, Mulkanoor",Primary Health Centre,Mahabubabad,Garla,Mulkanoor,17.511598,80.122794,,Primary Health Centre,100.0
TG-17-525,"Primary Health Centre, Nellikudur",Primary Health Centre,Mahabubabad,Inugurthy,Chinnanagaram,17.638253,79.784802,,Primary Health Centre,100.0
TG-17-503,"Primary Health Centre, Thorrur",Primary Health Centre,Mahabubabad,Thorrur,Thorrur (CT),17.572558,79.67091,,Primary Health Centre,100.0
TG-17-542,"Primary Health Centre, Uggampalle",Primary Health Centre,Mahabubabad,Chinnagudur,Uggampalle,17.497039,79.871159,,Primary Health Centre,100.0
TG-18-525,Agapet,Sub Centre,Mahabubabad,Danthalapalle,Agapet,17.489148,79.700721,,Health Sub Centre,100.0
TG-18-622,SubCentre Madapur,Sub Centre,Mahabubabad,Mahabubabad,Madhavpuram,17.524111,79.963818,,Health Sub Centre,100.0
TG-18-549,"SubCentre, Gudur",Sub Centre,Mahabubabad,Gudur,Gudur,17.79749,79.979416,,Health Sub Centre,100.0
TG-18-283,"SubCentre, Seethampeta",Sub Centre,Mahabubabad,Garla,Garla,17.531675,80.147743,,Health Sub Centre,100.0
TG-8-27,Government General Hospital,Teaching Hospital,Mahabubabad,Mahabubabad,Mahabubabad,17.594832,80.002121,Director of Medical Education,Medical Colleges,100.0
TG-15-133,Mahabubabad,Urban Primary Health Centre,Mahabubabad,Bayyaram,Bayyaram,17.606133,80.13206,,Urban Primary Health Centre,100.0
TG-10-31,AH Badepally,Area Hospital,Mahabubnagar,Jadcherla,Badepalle,16.765526,78.15814,TVVP,Area Hospital,100.0
TG-10-30,AH Devarakadra,Area Hospital,Mahabubnagar,Devarkadra,Devarkadara,16.623767,77.841559,TVVP,Area Hospital,100.0
TG-13-207,TD Gutta Community Hall,Basti Dawakhana,Mahabubnagar,Mahabubnagar_Urban,Mahbubnagar,16.750164,77.983833,,Basti Dawakhana,100.0
TG-13-208,Veerannapet Primary School Building,Basti Dawakhana,Mahabubnagar,Mahabubnagar_Urban,Mahbubnagar,16.743774,77.980873,,Basti Dawakhana,100.0
TG-16-33,CHC Balanagar,Community Health Centre,Mahabubnagar,Balanagar,Balanagar,16.952722,78.183444,TVVP,Community Health Centre,100.0
TG-17-77,"Primary Health Centre, Addakal",Primary Health Centre,Mahabubnagar,Addakal,Addakal,16.509668,77.930493,,Primary Health Centre,100.0
TG-17-134,"Primary Health Centre, Balanagar",Primary Health Centre,Mahabubnagar,Balanagar,Balanagar,16.953383,78.184045,,Primary Health Centre,100.0
TG-17-109,"Primary Health Centre, Bhoothpur",Primary Health Centre,Mahabubnagar,Bhoothpur,Amistapur,16.700591,78.044587,,Primary Health Centre,100.0
TG-17-50,"Primary Health Centre, Chinna Chintakunta",Primary Health Centre,Mahabubnagar,Chinna Chinta Kunta,Chinna Chinta Kunta,16.449424,77.808642,,Primary Health Centre,100.0
TG-17-56,"Primary Health Centre, Deverkadra",Primary Health Centre,Mahabubnagar,Devarkadra,Devarkadara,16.625113,77.843339,,Primary Health Centre,100.0
TG-17-111,"Primary Health Centre, Edira",Primary Health Centre,Mahabubnagar,Mahabubnagar_Urban,Yedira,16.749032,78.063106,,Primary Health Centre,100.0
TG-17-48,"Primary Health Centre, Gandeed",Primary Health Centre,Mahabubnagar,Gandeed,Gandeed,16.923653,77.802484,,Primary Health Centre,100.0
TG-17-140,"Primary Health Centre, Gangapur",Primary Health Centre,Mahabubnagar,Jadcherla,Gangapur,16.771587,78.192807,,Primary Health Centre,100.0
TG-17-76,"Primary Health Centre, Hanwada",Primary Health Centre,Mahabubnagar,Hanwada,Hanwada,16.805302,77.926401,,Primary Health Centre,100.0
TG-17-95,"Primary Health Centre, Janampet",Primary Health Centre,Mahabubnagar,Moosapet,Janampeta,16.63351,77.989687,,Primary Health Centre,100.0
TG-17-68,"Primary Health Centre, Manikonda",Primary Health Centre,Mahabubnagar,Mahabubnagar_Rural,Manikonda,16.71582,77.888643,,Primary Health Centre,100.0
TG-17-166,"Primary Health Centre, Midjil",Primary Health Centre,Mahabubnagar,Midjil,Midjil,16.741624,78.316497,,Primary Health Centre,100.0
TG-17-70,"Primary Health Centre, Mohammadabad",Primary Health Centre,Mahabubnagar,Mohammadabad,Mohammadabad,16.871434,77.891211,,Primary Health Centre,100.0
TG-17-104,"Primary Health Centre, Nawabpet",Primary Health Centre,Mahabubnagar,Nawabpet,Yenmanagandla,16.898226,78.027578,,Primary Health Centre,100.0
TG-17-62,"Primary Health Centre, Perur",Primary Health Centre,Mahabubnagar,Koukuntla,Perur,16.482857,77.867992,,Primary Health Centre,100.0
TG-17-130,"Primary Health Centre, Rajapur",Primary Health Centre,Mahabubnagar,Rajapur,Rajapur,16.863592,78.158525,,Primary Health Centre,100.0
TG-18-968,"SubCentre, Annasagar",Sub Centre,Mahabubnagar,Bhoothpur,Annasagar,16.660166,78.01169,,Health Sub Centre,100.0
TG-8-19,Government General Hospital,Teaching Hospital,Mahabubnagar,Mahabubnagar_Urban,Mahbubnagar,16.750942,78.008436,Director of Medical Education,Medical Colleges,100.0
TG-15-138,UPHC Jedcherla,Urban Primary Health Centre,Mahabubnagar,Jadcherla,Jadcherla,16.773531,78.137217,,Urban Primary Health Centre,100.0
TG-15-134,UPHC Kummarwadi,Urban Primary Health Centre,Mahabubnagar,Mahabubnagar_Urban,Mahbubnagar,16.743133,77.985263,,Urban Primary Health Centre,100.0
TG-15-135,UPHC Mothinagar,Urban Primary Health Centre,Mahabubnagar,Mahabubnagar_Urban,Boyapalle,16.762194,77.993314,,Urban Primary Health Centre,100.0
TG-15-137,UPHC Ramaiah Bowli,Urban Primary Health Centre,Mahabubnagar,Mahabubnagar_Urban,Mahbubnagar,16.73408,77.985836,,Urban Primary Health Centre,100.0
TG-15-136,Uphc Pathapalamoor,Urban Primary Health Centre,Mahabubnagar,Mahabubnagar_Urban,Mahbubnagar,16.731668,77.993643,,Urban Primary Health Centre,100.0
TG-10-32,AH Bellampally,Area Hospital,Mancherial,Bellampalle,Bellampalle,19.076895,79.484123,TVVP,Area Hospital,100.0
TG-10-33,AH Chennuru,Area Hospital,Mancherial,Chennur,Chennur,18.859837,79.792181,TVVP,Area Hospital,100.0
TG-13-210,CH Mepma Govt Building BDK Hamaliwada,Basti Dawakhana,Mancherial,Mancherial,Garmilla,18.880281,79.453542,,Basti Dawakhana,100.0
TG-13-212,Old Eng Exective Office of Housing Board at Saikunta,Basti Dawakhana,Mancherial,Mancherial,Garmilla,18.859791,79.45736,,Basti Dawakhana,100.0
TG-13-211,ST Community Hall at Ragadambala Basthi Bellampalli,Basti Dawakhana,Mancherial,Bellampalle,Bellampalle,19.057752,79.492917,,Basti Dawakhana,100.0
TG-16-34,CHC Laxettipet,Community Health Centre,Mancherial,Luxettipet,Luxettipet,18.892092,79.204613,TVVP,Community Health Centre,100.0
TG-17-524,"Primary Health Centre, Angrajpalle",Primary Health Centre,Mancherial,Chennur,Angarajpalle,18.805202,79.781722,,Primary Health Centre,100.0
TG-17-486,"Primary Health Centre, Bhimni",Primary Health Centre,Mancherial,Bheemini,Bheemini,19.198994,79.581239,,Primary Health Centre,100.0
TG-17-385,"Primary Health Centre, Dandepally",Primary Health Centre,Mancherial,Dandepalle,Dandepalle,18.993065,79.156472,,Primary Health Centre,100.0
TG-17-421,"Primary Health Centre, Hajipur",Primary Health Centre,Mancherial,Hajipur,Hajipur,18.86508,79.309783,,Primary Health Centre,100.0
TG-17-433,"Primary Health Centre, Jaipur",Primary Health Centre,Mancherial,Hajipur,Mulkalla,18.86976,79.37313,,Primary Health Centre,100.0
TG-17-447,"Primary Health Centre, Kasipet",Primary Health Centre,Mancherial,Kasipet,Muthempalle,19.029209,79.430856,,Primary Health Centre,100.0
TG-17-528,"Primary Health Centre, Kotapalle",Primary Health Centre,Mancherial,Kotapalle,Kotapalle,18.954099,79.792929,,Primary Health Centre,100.0
TG-17-490,"Primary Health Centre, Kundaram",Primary Health Centre,Mancherial,Jaipur,Kundaram,18.770019,79.612484,,Primary Health Centre,100.0
TG-17-457,"Primary Health Centre, Mandamarri",Primary Health Centre,Mancherial,Mandamarri,Mandamarri,18.995079,79.469315,,Primary Health Centre,100.0
TG-17-456,"Primary Health Centre, Naspur",Primary Health Centre,Mancherial,Naspur,Naspur,18.859951,79.468305,,Primary Health Centre,100.0
TG-17-493,"Primary Health Centre, Nennal",Primary Health Centre,Mancherial,Nennel,Nennal,19.07576,79.62161,,Primary Health Centre,100.0
TG-17-374,"Primary Health Centre, Tallapet",Primary Health Centre,Mancherial,Dandepalle,Tallapet,19.056015,79.09899,,Primary Health Centre,100.0
TG-17-449,"Primary Health Centre, Tandur",Primary Health Centre,Mancherial,Tandur,Tandur,19.157115,79.439973,,Primary Health Centre,100.0
TG-17-466,"Primary Health Centre, Thallagurijala",Primary Health Centre,Mancherial,Bellampalle,Bellampalle,19.074875,79.498425,,Primary Health Centre,100.0
TG-17-536,"Primary Health Centre, Vemanpally",Primary Health Centre,Mancherial,Vemanpalle,Vemanpally,19.098671,79.843195,,Primary Health Centre,100.0
TG-17-397,"Primary Health Centre, Venkatraopet",Primary Health Centre,Mancherial,Luxettipet,Venkataraopet,18.943081,79.195818,,Primary Health Centre,100.0
TG-17-349,"Primary Health Centre, jannaram",Primary Health Centre,Mancherial,Jannaram,Jannaram,19.125052,78.994017,,Primary Health Centre,100.0
TG-18-1,"SubCentre, Anandpur",Sub Centre,Mancherial,Kannepalli,Muthapur,19.141566,79.711241,,Health Sub Centre,100.0
TG-8-29,Government General Hospital,Teaching Hospital,Mancherial,Mancherial,Garmilla,18.871989,79.444732,Director of Medical Education,Medical Colleges,100.0
TG-15-142,UPHC Deepak Nagar,Urban Primary Health Centre,Mancherial,Mandamarri,Mandamarri,18.9871,79.47861,,Urban Primary Health Centre,100.0
TG-15-140,UPHC Old mancherial,Urban Primary Health Centre,Mancherial,Mancherial,Mancherial,18.87146,79.42875,,Urban Primary Health Centre,100.0
TG-15-139,UPHC Rajeevnagar,Urban Primary Health Centre,Mancherial,Mancherial,Mancherial,18.90253,79.45621,,Urban Primary Health Centre,100.0
TG-15-141,"UPHC Shamsheernagar ,Bellampally",Urban Primary Health Centre,Mancherial,Bellampalle,Bellampalle,19.08063,79.49004,,Urban Primary Health Centre,100.0
TG-10-34,AH Narsapur,Area Hospital,Medak,Narsapur,Narsapur,17.73575,78.282861,TVVP,Area Hospital,100.0
TG-10-35,AH medak,Area Hospital,Medak,Medak,Medak (R),18.048972,78.272806,TVVP,Area Hospital,100.0
TG-13-213,Golconda Medak CH,Basti Dawakhana,Medak,Medak,Medak (R),18.038799,78.260872,,Basti Dawakhana,100.0
TG-13-214,Pillikotyal Double Bed Room(Reallocated),Basti Dawakhana,Medak,Medak,Medak (R),18.018477,78.276505,,Basti Dawakhana,100.0
TG-16-37,CHC Ramayampet,Community Health Centre,Medak,Ramayampet,Ramayampet,18.114083,78.430444,TVVP,Community Health Centre,100.0
TG-16-35,CHC Toopran,Community Health Centre,Medak,Toopran,Toopran,17.830972,78.47825,TVVP,Community Health Centre,100.0
TG-16-36,CHC kowdipally,Community Health Centre,Medak,Kowdipally,Kowdipally,17.901417,78.205528,TVVP,Community Health Centre,100.0
TG-17-212,Primary Health Centre Chegunta,Primary Health Centre,Medak,Chegunta,Chegunta,17.976752,78.461236,,Primary Health Centre,100.0
TG-17-220,Primary Health Centre DongalDaramaram,Primary Health Centre,Medak,Ramayampet,Dongal Dharmaram,18.062518,78.499367,,Primary Health Centre,100.0
TG-17-144,Primary Health Centre Kowdipally,Primary Health Centre,Medak,Kowdipally,Kowdipally,17.901692,78.206073,,Primary Health Centre,100.0
TG-17-201,Primary Health Centre Narsingi,Primary Health Centre,Medak,Narsingi,Bheemraopally,18.02731,78.438836,,Primary Health Centre,100.0
TG-17-114,Primary Health Centre Papannapet,Primary Health Centre,Medak,Papannapet,Papannapet,18.046544,78.088392,,Primary Health Centre,100.0
TG-17-136,Primary Health Centre Podichanpally,Primary Health Centre,Medak,Papannapet,Podchenpally,18.047731,78.186285,,Primary Health Centre,100.0
TG-17-155,Primary Health Centre Reddipally,Primary Health Centre,Medak,Narsapur,Reddipally,17.779985,78.255955,,Primary Health Centre,100.0
TG-17-58,Primary Health Centre Regode,Primary Health Centre,Medak,Regode,Regode,17.976533,77.851725,,Primary Health Centre,100.0
TG-17-135,Primary Health Centre Sardana,Primary Health Centre,Medak,Havelighanpur,Sardhana,18.086344,78.185477,,Primary Health Centre,100.0
TG-17-194,Primary Health Centre Shankarampet(R),Primary Health Centre,Medak,Shankarampet_R,Shankarampet (R),17.98333,78.409961,,Primary Health Centre,100.0
TG-17-75,Primary Health Centre Shankarampet-A,Primary Health Centre,Medak,Shankarampet_A,Shankarampet (A),18.047702,77.910854,,Primary Health Centre,100.0
TG-17-182,Primary Health Centre Shivampet,Primary Health Centre,Medak,Shivampet,Shivampet,17.786483,78.369946,,Primary Health Centre,100.0
TG-17-105,Primary Health Centre Tekmal,Primary Health Centre,Medak,Tekmal,Tekmal,17.976962,78.030008,,Primary Health Centre,100.0
TG-17-185,Primary Health Centre Yeldurthy,Primary Health Centre,Medak,Yeldurthy,Yeldurthy,17.901758,78.371212,,Primary Health Centre,100.0
TG-17-79,"Primary Health Centre, Alladurg",Primary Health Centre,Medak,Alladurg,Alladurg,17.967689,77.937789,,Primary Health Centre,100.0
TG-17-92,"Primary Health Centre, Gadipeddapur",Primary Health Centre,Medak,Alladurg,Peddapur,17.899321,77.978326,,Primary Health Centre,100.0
TG-17-141,"Primary Health Centre, Kulcharam",Primary Health Centre,Medak,Kulcharam,Kulcharam,17.955208,78.192957,,Primary Health Centre,100.0
TG-17-121,"Primary Health Centre, Rangampet",Primary Health Centre,Medak,Kulcharam,Rangampet,17.947274,78.121146,,Primary Health Centre,100.0
TG-17-215,"Primary Health Centre, Tupran",Primary Health Centre,Medak,Manoharabad,Manoharabad,17.766441,78.468489,,Primary Health Centre,100.0
TG-18-69,"SubCentre, Narsapur",Sub Centre,Medak,Narsapur,Narsapur,17.73943,78.28463,,Health Sub Centre,100.0
TG-8-45,Government General Hospital,Teaching Hospital,Medak,Havelighanpur,Aurangabad,18.079715,78.265135,Director of Medical Education,Medical Colleges,100.0
TG-15-143,UPHC Medak,Urban Primary Health Centre,Medak,Medak,Medak (R),18.055095,78.274503,,Urban Primary Health Centre,100.0
TG-10-37,AH Medchal,Area Hospital,Medchal–Malkajgiri,Medchal,Medchal,17.636497,78.4753,TVVP,Area Hospital,100.0
TG-13-215,2nd Ward NFC Nagar,Basti Dawakhana,Medchal–Malkajgiri,Ghatkesar,Ghatkesar,17.445647,78.701627,,Basti Dawakhana,100.0
TG-13-216,3rd Phase Mahila Mandali Building,Basti Dawakhana,Medchal–Malkajgiri,Kukatpally,KPHB Colony-0117,17.488385,78.392957,,Basti Dawakhana,100.0
TG-13-224,APIIC Colony Model Market Building,Basti Dawakhana,Medchal–Malkajgiri,Uppal,Meerpet,17.455853,78.561615,,Basti Dawakhana,100.0
TG-13-217,Aithvelly,Basti Dawakhana,Medchal–Malkajgiri,Medchal,Athwelli,17.649042,78.488747,,Basti Dawakhana,100.0
TG-13-15,Allauddin Koti BD,Basti Dawakhana,Medchal–Malkajgiri,Balanagar,Fathenagar,17.459061,78.44648,,Basti Dawakhana,100.0
TG-13-218,Ambedkar nagar community hall at Neeredmet,Basti Dawakhana,Medchal–Malkajgiri,Malkajgiri,Malkajgiri,17.483322,78.547646,,Basti Dawakhana,100.0
TG-13-219,"Ambedkar nagar community hall, Kothabasthi",Basti Dawakhana,Medchal–Malkajgiri,Alwal,Alwal,17.49608,78.506928,,Basti Dawakhana,100.0
TG-13-220,Ambedkarnagar community hall Boduppal,Basti Dawakhana,Medchal–Malkajgiri,Medipally,Boduppal,17.424408,78.575348,,Basti Dawakhana,100.0
TG-13-221,Anganwadi sub center muslim basthi,Basti Dawakhana,Medchal–Malkajgiri,Dundigal Gandimaisamma,Kompally,17.545052,78.488335,,Basti Dawakhana,100.0
TG-13-223,"Annapurna colony, Nacharam",Basti Dawakhana,Medchal–Malkajgiri,Uppal,Nacharam,17.426028,78.550785,,Basti Dawakhana,100.0
TG-13-225,Apurupa Colony Community Hall,Basti Dawakhana,Medchal–Malkajgiri,Quthbullapur,Jeedimetla,17.531778,78.450421,,Basti Dawakhana,100.0
TG-13-226,Arundathi Community Hall Alwal,Basti Dawakhana,Medchal–Malkajgiri,Uppal,Mallapur,17.446846,78.58143,,Basti Dawakhana,100.0
TG-13-228,"B J R Nagar, Malkajgiri",Basti Dawakhana,Medchal–Malkajgiri,Kukatpally,KPHB Colony-0117,17.486432,78.411903,,Basti Dawakhana,100.0
TG-13-231,BDK Rajeev Gandhi Nagar ward no 15,Basti Dawakhana,Medchal–Malkajgiri,Uppal,Uppal Bagayath,17.405782,78.562017,,Basti Dawakhana,100.0
TG-13-32,BJR Nagar CH BD,Basti Dawakhana,Medchal–Malkajgiri,Malkajgiri,Malkajgiri,17.47492,78.536385,,Basti Dawakhana,100.0
TG-13-229,Baghameeri Community Hall,Basti Dawakhana,Medchal–Malkajgiri,Kukatpally,KPHB Colony-0117,17.483235,78.409273,,Basti Dawakhana,100.0
TG-13-230,"Balaji Nagar, Moosapet",Basti Dawakhana,Medchal–Malkajgiri,Bachupally,Bachupally,17.522303,78.371214,,Basti Dawakhana,100.0
TG-13-232,"Beerapadda BD, Near Ramalayam, Uppal",Basti Dawakhana,Medchal–Malkajgiri,Quthbullapur,Qutubullapur,17.4951,78.445782,,Basti Dawakhana,100.0
TG-13-234,Bhagth Singh Nagar Malkajgiri R.K.Puram,Basti Dawakhana,Medchal–Malkajgiri,Kukatpally,KPHB Colony-0117,17.482832,78.415589,,Basti Dawakhana,100.0
TG-13-233,Bhagth singh nagar Chintal,Basti Dawakhana,Medchal–Malkajgiri,Malkajgiri,Malkajgiri,17.475058,78.536529,,Basti Dawakhana,100.0
TG-13-40,"CH Ashok Nagar, Sanath Nagar BD",Basti Dawakhana,Medchal–Malkajgiri,Balanagar,Fathenagar,17.453612,78.448187,,Basti Dawakhana,100.0
TG-13-235,Chakali Kummari Basthi Dawakhana,Basti Dawakhana,Medchal–Malkajgiri,Alwal,Yapral,17.505034,78.540234,,Basti Dawakhana,100.0
TG-13-236,"Checkpost Community Hall, Yapral",Basti Dawakhana,Medchal–Malkajgiri,Medipally,Chengicherla,17.432081,78.610687,,Basti Dawakhana,100.0
TG-13-237,Chengicherla Community hall,Basti Dawakhana,Medchal–Malkajgiri,Dundigal Gandimaisamma,Doolapally,17.546709,78.469238,,Basti Dawakhana,100.0
TG-13-47,Chinth Bai CH BD,Basti Dawakhana,Medchal–Malkajgiri,Malkajgiri,Malkajgiri,17.431994,78.51307,,Basti Dawakhana,100.0
TG-13-239,Community Hall NLB Nagar,Basti Dawakhana,Medchal–Malkajgiri,Malkajgiri,Malkajgiri,17.4562,78.527468,,Basti Dawakhana,100.0
TG-13-240,"Community Hall, Eklavya community hall",Basti Dawakhana,Medchal–Malkajgiri,Malkajgiri,Malkajgiri,17.443747,78.531967,,Basti Dawakhana,100.0
TG-13-241,"Community Hall, Raja Srinivas nagar, Old mirzalguda",Basti Dawakhana,Medchal–Malkajgiri,Quthbullapur,Qutubullapur,17.498383,78.462545,,Basti Dawakhana,100.0
TG-13-238,Community hall Dulapallly BDK,Basti Dawakhana,Medchal–Malkajgiri,Quthbullapur,Gajularamaram,17.512873,78.44059,,Basti Dawakhana,100.0
TG-13-242,Dattatreya nagar,Basti Dawakhana,Medchal–Malkajgiri,Balanagar,Oldbowenpally,17.483797,78.461578,,Basti Dawakhana,100.0
TG-13-243,"Dilkush Nagar, Kukatpally",Basti Dawakhana,Medchal–Malkajgiri,Quthbullapur,Gajularamaram,17.513885,78.423302,,Basti Dawakhana,100.0
TG-13-54,Doodbowli ITI CH BD,Basti Dawakhana,Medchal–Malkajgiri,Malkajgiri,Malkajgiri,17.431599,78.512562,,Basti Dawakhana,100.0
TG-13-244,"Dr.Ambedhkarnagar, Gajularamaram,Qutbullapur, Lothkunta",Basti Dawakhana,Medchal–Malkajgiri,Quthbullapur,Qutubullapur,17.491919,78.455408,,Basti Dawakhana,100.0
TG-13-245,Dwaraka nagar Qutbullapur,Basti Dawakhana,Medchal–Malkajgiri,Kapra,Cherlapally,17.458623,78.597788,,Basti Dawakhana,100.0
TG-13-246,"EC Nagar Charlapally BDK,",Basti Dawakhana,Medchal–Malkajgiri,Uppal,Nacharam,17.43195,78.547745,,Basti Dawakhana,100.0
TG-13-57,EWS Colony CH BD,Basti Dawakhana,Medchal–Malkajgiri,Balanagar,Fathenagar,17.454876,78.433036,,Basti Dawakhana,100.0
TG-13-247,"Errakunta, Nacharam",Basti Dawakhana,Medchal–Malkajgiri,Alwal,Kowkoor,17.534845,78.567619,,Basti Dawakhana,100.0
TG-13-248,Gabbilalpet Community Hall-Arundati nagar,Basti Dawakhana,Medchal–Malkajgiri,Quthbullapur,Gajularamaram,17.526453,78.422093,,Basti Dawakhana,100.0
TG-13-249,Gajularamaram Village Community Hall,Basti Dawakhana,Medchal–Malkajgiri,Quthbullapur,Jeedimetla,17.514708,78.45874,,Basti Dawakhana,100.0
TG-13-250,"Gampalabasthi,Subhashnagar BDK",Basti Dawakhana,Medchal–Malkajgiri,Medchal,Girmapur,17.633532,78.456062,,Basti Dawakhana,100.0
TG-13-251,Girmapur BDK,Basti Dawakhana,Medchal–Malkajgiri,Alwal,Alwal,17.494917,78.505173,,Basti Dawakhana,100.0
TG-13-364,Gokul plots (container model),Basti Dawakhana,Medchal–Malkajgiri,Kukatpally,Hydernagar,17.486447,78.381022,,Basti Dawakhana,100.0
TG-13-252,Gokulnaga Nagar park BD,Basti Dawakhana,Medchal–Malkajgiri,Medchal,Gundlapochampally,17.568649,78.485481,,Basti Dawakhana,100.0
TG-13-253,Gundlapochampally Government Building,Basti Dawakhana,Medchal–Malkajgiri,Kapra,Kapra,17.479628,78.55648,,Basti Dawakhana,100.0
TG-13-254,Huda Park at AS Rao Nagar,Basti Dawakhana,Medchal–Malkajgiri,Uppal,Meerpet,17.458664,78.567631,,Basti Dawakhana,100.0
TG-13-255,"Indira Nagar, HB Colony, Meerpet, Nacharam",Basti Dawakhana,Medchal–Malkajgiri,Balanagar,Fathenagar,17.45142,78.451515,,Basti Dawakhana,100.0
TG-13-256,Indiragandhipuram,Basti Dawakhana,Medchal–Malkajgiri,Uppal,Uppal Bagayath,17.40379,78.568199,,Basti Dawakhana,100.0
TG-13-257,Indra nagar Uppal,Basti Dawakhana,Medchal–Malkajgiri,Quthbullapur,Pet Basheerabad,17.509264,78.477129,,Basti Dawakhana,100.0
TG-13-259,JNNURM phase III ward No 12,Basti Dawakhana,Medchal–Malkajgiri,Medipally,Medipalle,17.414711,78.606796,,Basti Dawakhana,100.0
TG-13-258,Jeedimetla village BD,Basti Dawakhana,Medchal–Malkajgiri,Bachupally,Nizampet,17.509871,78.379233,,Basti Dawakhana,100.0
TG-13-260,"Kamalanagar Chengicherla Cross, Bhagath Singh Nagar",Basti Dawakhana,Medchal–Malkajgiri,Kapra,Kapra,17.474134,78.564933,,Basti Dawakhana,100.0
TG-13-261,Kamalanagar comunityhall,Basti Dawakhana,Medchal–Malkajgiri,Medchal,Kandlakoya,17.594585,78.486351,,Basti Dawakhana,100.0
TG-13-262,Kandla koya ward office,Basti Dawakhana,Medchal–Malkajgiri,Medchal,Medchal,17.630091,78.50547,,Basti Dawakhana,100.0
TG-13-263,Kistapur BDK,Basti Dawakhana,Medchal–Malkajgiri,Uppal,Uppal Bagayath,17.390059,78.549004,,Basti Dawakhana,100.0
TG-13-264,Laxminarayana Colony,Basti Dawakhana,Medchal–Malkajgiri,Kukatpally,KPHB Colony-0117,17.467564,78.400537,,Basti Dawakhana,100.0
TG-13-272,MG Nagar community hall,Basti Dawakhana,Medchal–Malkajgiri,Malkajgiri,Malkajgiri,17.469129,78.55879,,Basti Dawakhana,100.0
TG-13-265,"Madanna CH, Kaithalapur",Basti Dawakhana,Medchal–Malkajgiri,Malkajgiri,Malkajgiri,17.47982,78.541115,,Basti Dawakhana,100.0
TG-13-94,Madannapet CH BD,Basti Dawakhana,Medchal–Malkajgiri,Alwal,Lothukunta,17.495064,78.514922,,Basti Dawakhana,100.0
TG-13-266,Madhura Nagar Community Hall,Basti Dawakhana,Medchal–Malkajgiri,Alwal,Alwal,17.484109,78.491482,,Basti Dawakhana,100.0
TG-13-267,"Mahila Bhavan, Indiranagar Community Hall,Ward no 135,Awal Subhash nagar BDK",Basti Dawakhana,Medchal–Malkajgiri,Kukatpally,KPHB Colony-0117,17.473031,78.389377,,Basti Dawakhana,100.0
TG-13-268,"Mahila Mandali Bulding KPHB IV Phase , KPHB Colony",Basti Dawakhana,Medchal–Malkajgiri,Alwal,Macha Bollaram-0133,17.511881,78.514175,,Basti Dawakhana,100.0
TG-13-269,Mahilamandali bhavan kushaiguda,Basti Dawakhana,Medchal–Malkajgiri,Kapra,Kapra,17.481839,78.574276,,Basti Dawakhana,100.0
TG-13-270,Marriguda,Basti Dawakhana,Medchal–Malkajgiri,Uppal,Mallapur,17.447315,78.57869,,Basti Dawakhana,100.0
TG-13-271,Medchal Kindhi Basthi old GP building BDK,Basti Dawakhana,Medchal–Malkajgiri,Medchal,Medchal,17.629981,78.481945,,Basti Dawakhana,100.0
TG-13-273,"Model Market Building CH Jagadgirigutta, Gajularamram BDK",Basti Dawakhana,Medchal–Malkajgiri,Kukatpally,Shamshiguda,17.506579,78.421499,,Basti Dawakhana,100.0
TG-13-274,Model market turkapally,Basti Dawakhana,Medchal–Malkajgiri,Alwal,Turkapally,17.535549,78.519295,,Basti Dawakhana,100.0
TG-13-275,Nandana nagar,Basti Dawakhana,Medchal–Malkajgiri,Quthbullapur,Qutubullapur,17.492969,78.44363,,Basti Dawakhana,100.0
TG-13-116,Naqri Ka Pool Bagh BD,Basti Dawakhana,Medchal–Malkajgiri,Balanagar,Oldbowenpally,17.478994,78.472878,,Basti Dawakhana,100.0
TG-13-276,"Near Hanuman Temple, Kowkoor Main Road",Basti Dawakhana,Medchal–Malkajgiri,Alwal,Kowkoor,17.525877,78.533907,,Basti Dawakhana,100.0
TG-13-277,New Shivalaya Nagar,Basti Dawakhana,Medchal–Malkajgiri,Quthbullapur,Gajularamaram,17.538908,78.431808,,Basti Dawakhana,100.0
TG-13-278,Nizampet Ward No 7 BDK,Basti Dawakhana,Medchal–Malkajgiri,Bachupally,Nizampet,17.515493,78.391106,,Basti Dawakhana,100.0
TG-13-279,Nuvvula Banda BD,Basti Dawakhana,Medchal–Malkajgiri,Uppal,Nagole,17.377347,78.565568,,Basti Dawakhana,100.0
TG-13-280,Old Village Dammaiguda,Basti Dawakhana,Medchal–Malkajgiri,Keesara,Nagaram,17.504467,78.589607,,Basti Dawakhana,100.0
TG-13-281,"Panduranganagar, community hall, Moosapet",Basti Dawakhana,Medchal–Malkajgiri,Balanagar,Fathenagar,17.460653,78.426972,,Basti Dawakhana,100.0
TG-13-282,Papireddy Nagar at Kukatpally,Basti Dawakhana,Medchal–Malkajgiri,Kukatpally,Shamshiguda,17.497126,78.426988,,Basti Dawakhana,100.0
TG-13-283,Parvathapur community Hall,Basti Dawakhana,Medchal–Malkajgiri,Medipally,Parvathapur,17.392181,78.614349,,Basti Dawakhana,100.0
TG-13-284,Pedda Cherlapally,Basti Dawakhana,Medchal–Malkajgiri,Kapra,Cherlapally,17.464347,78.61098,,Basti Dawakhana,100.0
TG-13-285,"Pochampally Dundigal, Govt Building BDK",Basti Dawakhana,Medchal–Malkajgiri,Dundigal Gandimaisamma,Dommara pochampally,17.582003,78.429535,,Basti Dawakhana,100.0
TG-13-286,Prajay Nivas Community Hall,Basti Dawakhana,Medchal–Malkajgiri,Uppal,Kothapet,17.377682,78.549115,,Basti Dawakhana,100.0
TG-13-132,Railnilayam Dr.Ambedkar Nagar BD,Basti Dawakhana,Medchal–Malkajgiri,Balanagar,Fathenagar,17.454876,78.433036,,Basti Dawakhana,100.0
TG-13-133,Rajanna Thota BD,Basti Dawakhana,Medchal–Malkajgiri,Malkajgiri,Malkajgiri,17.440582,78.509531,,Basti Dawakhana,100.0
TG-13-287,Rajeev Gruha Kalpa Dammaiguda,Basti Dawakhana,Medchal–Malkajgiri,Keesara,Ahmedguda,17.517284,78.601242,,Basti Dawakhana,100.0
TG-13-288,Rajeev Gruha Kalpa ward no 31,Basti Dawakhana,Medchal–Malkajgiri,Bachupally,Nizampet,17.525827,78.388962,,Basti Dawakhana,100.0
TG-13-289,Rajeev Nagar HB Colony Kapra,Basti Dawakhana,Medchal–Malkajgiri,Uppal,Mallapur,17.460593,78.570329,,Basti Dawakhana,100.0
TG-13-291,Rajiv Gruhakalpa Pocharam,Basti Dawakhana,Medchal–Malkajgiri,Ghatkesar,Annojiguda,17.43096,78.670691,,Basti Dawakhana,100.0
TG-13-290,Rajiv gandhi Nagar Allapur ward,Basti Dawakhana,Medchal–Malkajgiri,Kukatpally,KPHB Colony-0117,17.460303,78.413391,,Basti Dawakhana,100.0
TG-13-292,Rajivgandhinagar Moosapet CH,Basti Dawakhana,Medchal–Malkajgiri,Keesara,Rampally,17.468919,78.644574,,Basti Dawakhana,100.0
TG-13-293,Rampally Ward Office Building,Basti Dawakhana,Medchal–Malkajgiri,Kukatpally,KPHB Colony-0117,17.456733,78.411494,,Basti Dawakhana,100.0
TG-13-294,Ramreddy nagar community hall,Basti Dawakhana,Medchal–Malkajgiri,Uppal,Navoranguda Khalsa,17.382922,78.528172,,Basti Dawakhana,100.0
TG-13-295,"Rangareddy Nagar, CH Qutbullappur",Basti Dawakhana,Medchal–Malkajgiri,Kukatpally,KPHB Colony-0117,17.491239,78.43433,,Basti Dawakhana,100.0
TG-13-296,"Rani Rudramma devi Park,ward no 22 BDK",Basti Dawakhana,Medchal–Malkajgiri,Bachupally,Bachupally,17.529806,78.391231,,Basti Dawakhana,100.0
TG-13-300,SC Colony Community Hall Kondapur,Basti Dawakhana,Medchal–Malkajgiri,Ghatkesar,Ghatkesar,17.453802,78.684052,,Basti Dawakhana,100.0
TG-13-301,"SC Colony Community Hall, Nagaram",Basti Dawakhana,Medchal–Malkajgiri,Keesara,Nagaram,17.483041,78.612369,,Basti Dawakhana,100.0
TG-13-302,"SC Colony Community Hall, Thumkunta Phase - I",Basti Dawakhana,Medchal–Malkajgiri,Shamirpet,Singaipally,17.544955,78.540843,,Basti Dawakhana,100.0
TG-13-303,SC Community Hall Chilkanagar Community hall,Basti Dawakhana,Medchal–Malkajgiri,Uppal,Uppal Bagayath,17.421724,78.563278,,Basti Dawakhana,100.0
TG-13-304,SC Community Hall Nagaram (RajSukha Nagar),Basti Dawakhana,Medchal–Malkajgiri,Keesara,Nagaram,17.484284,78.620515,,Basti Dawakhana,100.0
TG-13-305,SC Community Hall Ward No 10,Basti Dawakhana,Medchal–Malkajgiri,Bachupally,Nizampet,17.515213,78.383682,,Basti Dawakhana,100.0
TG-13-297,"Sai Baba Nagar, Dammaiguda",Basti Dawakhana,Medchal–Malkajgiri,Kapra,Kapra,17.503624,78.585213,,Basti Dawakhana,100.0
TG-13-298,Sai Nagar Community Hall -ward no 21,Basti Dawakhana,Medchal–Malkajgiri,Bachupally,Bachupally,17.529881,78.388618,,Basti Dawakhana,100.0
TG-13-299,Sai ram nagar community hall kushaiguda,Basti Dawakhana,Medchal–Malkajgiri,Kapra,Kapra,17.498995,78.582028,,Basti Dawakhana,100.0
TG-13-306,Shantinikethi Colony Community Hall (Old bowenpally ward office),Basti Dawakhana,Medchal–Malkajgiri,Balanagar,Oldbowenpally,17.474819,78.478859,,Basti Dawakhana,100.0
TG-13-307,Sharadhanagar Community Hall,Basti Dawakhana,Medchal–Malkajgiri,Uppal,Ramanthapur Bagayath,17.397211,78.535648,,Basti Dawakhana,100.0
TG-13-156,"Siddique nagar Community Hall, BD",Basti Dawakhana,Medchal–Malkajgiri,Balanagar,Begumpet,17.447456,78.461183,,Basti Dawakhana,100.0
TG-13-308,Singam cheru kapra,Basti Dawakhana,Medchal–Malkajgiri,Malkajgiri,Malkajgiri,17.439868,78.556424,,Basti Dawakhana,100.0
TG-13-309,Sri Krishna nagar community hall,Basti Dawakhana,Medchal–Malkajgiri,Quthbullapur,Gajularamaram,17.542873,78.422173,,Basti Dawakhana,100.0
TG-13-310,Srinivas Colony Weakers Section Govt Building,Basti Dawakhana,Medchal–Malkajgiri,Dundigal Gandimaisamma,Kompally,17.528446,78.475464,,Basti Dawakhana,100.0
TG-13-311,Srinivasa Nagar Jagadgirigutta,Basti Dawakhana,Medchal–Malkajgiri,Kukatpally,KPHB Colony-0117,17.509678,78.426892,,Basti Dawakhana,100.0
TG-13-312,Third layout Sump ward No 4,Basti Dawakhana,Medchal–Malkajgiri,Quthbullapur,Gajularamaram,17.523148,78.398132,,Basti Dawakhana,100.0
TG-13-313,Valvar nagar,Basti Dawakhana,Medchal–Malkajgiri,Malkajgiri,Ammuguda,17.494281,78.539395,,Basti Dawakhana,100.0
TG-13-314,Venkateshwara community hall Kukatpally,Basti Dawakhana,Medchal–Malkajgiri,Kukatpally,Shamshiguda,17.499659,78.422139,,Basti Dawakhana,100.0
TG-13-315,Vikalangula Colony Community Hall,Basti Dawakhana,Medchal–Malkajgiri,Alwal,Kowkoor,17.523752,78.555794,,Basti Dawakhana,100.0
TG-13-316,Vivekanagar BD,Basti Dawakhana,Medchal–Malkajgiri,Uppal,Navoranguda Khalsa,17.386578,78.533897,,Basti Dawakhana,100.0
TG-13-317,Vivekananda nagar kapra,Basti Dawakhana,Medchal–Malkajgiri,Uppal,Mallapur,17.441584,78.570869,,Basti Dawakhana,100.0
TG-13-175,Wahed Nagar BD,Basti Dawakhana,Medchal–Malkajgiri,Balanagar,Babbuguda,17.454418,78.415835,,Basti Dawakhana,100.0
TG-13-318,Ward 12 Venkateswara Colony Mahila Mandal,Basti Dawakhana,Medchal–Malkajgiri,Keesara,Nagaram,17.489214,78.598726,,Basti Dawakhana,100.0
TG-13-319,Ward 18 old Village Pocharam,Basti Dawakhana,Medchal–Malkajgiri,Ghatkesar,Pocharam,17.436663,78.64154,,Basti Dawakhana,100.0
TG-13-320,Ward office at Ferozguda,Basti Dawakhana,Medchal–Malkajgiri,Balanagar,Ferozguda,17.464681,78.462342,,Basti Dawakhana,100.0
TG-13-321,Ward office at Hydernagar,Basti Dawakhana,Medchal–Malkajgiri,Kukatpally,Hydernagar,17.499765,78.382923,,Basti Dawakhana,100.0
TG-13-322,Weaker section colony Govt Building Mallampet BDK,Basti Dawakhana,Medchal–Malkajgiri,Dundigal Gandimaisamma,Mallampet,17.556347,78.362819,,Basti Dawakhana,100.0
TG-13-323,Yanampet Muncipal Office,Basti Dawakhana,Medchal–Malkajgiri,Ghatkesar,Yamnampet,17.456417,78.659233,,Basti Dawakhana,100.0
TG-13-324,Yellammabanda BD,Basti Dawakhana,Medchal–Malkajgiri,Quthbullapur,Gajularamaram,17.510087,78.410469,,Basti Dawakhana,100.0
TG-13-326,"ZPHS High School, Habsiguda Ramanthapur",Basti Dawakhana,Medchal–Malkajgiri,Uppal,Habsiguda,17.417896,78.541191,,Basti Dawakhana,100.0
TG-13-325,"Zinkalawada, Moosapet BD",Basti Dawakhana,Medchal–Malkajgiri,Balanagar,Fathenagar,17.464526,78.434146,,Basti Dawakhana,100.0
TG-16-9,CHC Addagutta,Community Health Centre,Medchal–Malkajgiri,Malkajgiri,Malkajgiri,17.445157,78.51766,TVVP,Community Health Centre,100.0
TG-16-39,CHC Ghatkesar,Community Health Centre,Medchal–Malkajgiri,Ghatkesar,Ghatkesar,17.449849,78.683254,TVVP,Community Health Centre,100.0
TG-16-38,CHC Malkajgiri,Community Health Centre,Medchal–Malkajgiri,Malkajgiri,Malkajgiri,17.450974,78.533799,TVVP,Community Health Centre,100.0
TG-17-248,"Primary Health Center, Kushaiguda",Primary Health Centre,Medchal–Malkajgiri,Kapra,Kapra,17.49051,78.57828,,Primary Health Centre,100.0
TG-17-233,"Primary Health Center, Malkajgiri",Primary Health Centre,Medchal–Malkajgiri,Malkajgiri,Malkajgiri,17.483714,78.533186,,Primary Health Centre,100.0
TG-17-269,"Primary Health Center, Moodu Chintalapally",Primary Health Centre,Medchal–Malkajgiri,Muduchinthalaphally,Mooduchintalaphally,17.653898,78.691625,,Primary Health Centre,100.0
TG-17-223,Primary Health Centre Alwal,Primary Health Centre,Medchal–Malkajgiri,Alwal,Alwal,17.496043,78.506959,,Primary Health Centre,100.0
TG-17-242,Primary Health Centre Jawaharnagar,Primary Health Centre,Medchal–Malkajgiri,Kapra,Kapra,17.511657,78.56211,,Primary Health Centre,100.0
TG-17-245,Primary Health Centre Shamirpet,Primary Health Centre,Medchal–Malkajgiri,Shamirpet,Shamirpet,17.593553,78.570124,,Primary Health Centre,100.0
TG-17-199,Primary Health Centre Srirangavaram,Primary Health Centre,Medchal–Malkajgiri,Medchal,Srirangavaram,17.659629,78.424113,,Primary Health Centre,100.0
TG-17-241,Primary Health Centre Uppal,Primary Health Centre,Medchal–Malkajgiri,Uppal,Uppal Bagayath,17.402217,78.560705,,Primary Health Centre,100.0
TG-17-264,"Primary Health Centre, Keesara",Primary Health Centre,Medchal–Malkajgiri,Keesara,Keesara Daira,17.521596,78.659199,,Primary Health Centre,100.0
TG-17-195,"Primary Health Centre, Quthubullapur",Primary Health Centre,Medchal–Malkajgiri,Dundigal Gandimaisamma,Dundigal,17.607437,78.414173,,Primary Health Centre,100.0
TG-18-220,"SubCentre, Madharam",Sub Centre,Medchal–Malkajgiri,Ghatkesar,Madharam,17.425241,78.741953,,Health Sub Centre,100.0
TG-8-41,Government General Hospital,Teaching Hospital,Medchal–Malkajgiri,Malkajgiri,Malkajgiri,17.457462,78.535337,Director of Medical Education,Medical Colleges,100.0
TG-14-4,UCHC Lalapet,Urban Community Health Centre,Medchal–Malkajgiri,Malkajgiri,Malkajgiri,17.437154,78.543221,TVVP,Urban Community Health Centre,100.0
TG-14-3,UCHC Seethapalmandi,Urban Community Health Centre,Medchal–Malkajgiri,Malkajgiri,Malkajgiri,17.436787,78.520714,TVVP,Urban Community Health Centre,100.0
TG-15-278,CHC Medchal(UPHC),Urban Primary Health Centre,Medchal–Malkajgiri,Medchal,Medchal,17.632659,78.481454,,Urban Primary Health Centre,100.0
TG-15-279,Hasmathpet(UPHC),Urban Primary Health Centre,Medchal–Malkajgiri,Balanagar,Hasmathpet,17.473391,78.487214,,Urban Primary Health Centre,100.0
TG-15-280,Mallapur(UPHC),Urban Primary Health Centre,Medchal–Malkajgiri,Uppal,Mallapur,17.446466,78.574574,,Urban Primary Health Centre,100.0
TG-15-281,Parvathanagar(UPHC),Urban Primary Health Centre,Medchal–Malkajgiri,Kukatpally,KPHB Colony-0117,17.456929,78.398779,,Urban Primary Health Centre,100.0
TG-15-282,Shapurnagar(UPHC),Urban Primary Health Centre,Medchal–Malkajgiri,Quthbullapur,Qutubullapur,17.519387,78.442986,,Urban Primary Health Centre,100.0
TG-15-156,UHC-Parwath nagar (24X7),Urban Primary Health Centre,Medchal–Malkajgiri,Kukatpally,KPHB Colony-0117,17.456929,78.398779,,Urban Primary Health Centre,100.0
TG-15-162,UHC-Quthbullapur,Urban Primary Health Centre,Medchal–Malkajgiri,Quthbullapur,Qutubullapur,17.498393,78.463684,,Urban Primary Health Centre,100.0
TG-15-163,UHC-Shapur nagar (24X7),Urban Primary Health Centre,Medchal–Malkajgiri,Quthbullapur,Qutubullapur,17.519387,78.442986,,Urban Primary Health Centre,100.0
TG-15-167,UHC.Ekalavyanagar,Urban Primary Health Centre,Medchal–Malkajgiri,Alwal,Macha Bollaram-0133,17.52448,78.507697,,Urban Primary Health Centre,100.0
TG-15-166,UHC.Vinayaknagar (24X7),Urban Primary Health Centre,Medchal–Malkajgiri,Malkajgiri,Malkajgiri,17.469342,78.543651,,Urban Primary Health Centre,100.0
TG-15-63,UPHC Addagutta,Urban Primary Health Centre,Medchal–Malkajgiri,Malkajgiri,Malkajgiri,17.444918,78.517698,,Urban Primary Health Centre,100.0
TG-15-146,UPHC Boduppal,Urban Primary Health Centre,Medchal–Malkajgiri,Medipally,Boduppal,17.420189,78.584689,,Urban Primary Health Centre,100.0
TG-15-37,UPHC Bollarum,Urban Primary Health Centre,Medchal–Malkajgiri,Alwal,Macha Bollaram-0133,17.521677,78.51622,,Urban Primary Health Centre,100.0
TG-15-149,UPHC Cherlapally,Urban Primary Health Centre,Medchal–Malkajgiri,Kapra,Cherlapally,17.47117,78.598809,,Urban Primary Health Centre,100.0
TG-15-24,UPHC ESI,Urban Primary Health Centre,Medchal–Malkajgiri,Balanagar,Fathenagar,17.45576,78.442918,,Urban Primary Health Centre,100.0
TG-15-66,UPHC Gareeb Nagar,Urban Primary Health Centre,Medchal–Malkajgiri,Balanagar,Begumpet,17.439011,78.47461,,Urban Primary Health Centre,100.0
TG-15-152,UPHC Jawaharnagar,Urban Primary Health Centre,Medchal–Malkajgiri,Kapra,Kapra,17.511674,78.562004,,Urban Primary Health Centre,100.0
TG-15-215,UPHC Kothapet,Urban Primary Health Centre,Medchal–Malkajgiri,Uppal,Kothapet,17.373019,78.547636,,Urban Primary Health Centre,100.0
TG-15-154,UPHC Machabollaram,Urban Primary Health Centre,Medchal–Malkajgiri,Alwal,Macha Bollaram-0133,17.513379,78.514259,,Urban Primary Health Centre,100.0
TG-15-144,UPHC Mallapur (24X7),Urban Primary Health Centre,Medchal–Malkajgiri,Uppal,Mallapur,17.446466,78.574574,,Urban Primary Health Centre,100.0
TG-15-153,UPHC Medipally,Urban Primary Health Centre,Medchal–Malkajgiri,Medipally,Medipalle,17.40695,78.60305,,Urban Primary Health Centre,100.0
TG-15-94,UPHC Mettuguda,Urban Primary Health Centre,Medchal–Malkajgiri,Malkajgiri,Malkajgiri,17.4324,78.515392,,Urban Primary Health Centre,100.0
TG-15-147,UPHC Nagole,Urban Primary Health Centre,Medchal–Malkajgiri,Uppal,Uppal Bagayath,17.390739,78.558819,,Urban Primary Health Centre,100.0
TG-15-170,UPHC Nizampet,Urban Primary Health Centre,Medchal–Malkajgiri,Bachupally,Nizampet,17.516739,78.380535,,Urban Primary Health Centre,100.0
TG-15-151,UPHC Peerjadiguda,Urban Primary Health Centre,Medchal–Malkajgiri,Medipally,Miyapur,17.398168,78.593407,,Urban Primary Health Centre,100.0
TG-15-283,UPHC Quthbullapur(UPHC),Urban Primary Health Centre,Medchal–Malkajgiri,Quthbullapur,Qutubullapur,17.498393,78.463684,,Urban Primary Health Centre,100.0
TG-15-169,UPHC Safilguda,Urban Primary Health Centre,Medchal–Malkajgiri,Malkajgiri,Malkajgiri,17.464594,78.540217,,Urban Primary Health Centre,100.0
TG-15-26,UPHC Sanath Nagar,Urban Primary Health Centre,Medchal–Malkajgiri,Balanagar,Fathenagar,17.454574,78.443618,,Urban Primary Health Centre,100.0
TG-15-72,UPHC Shalivahana Nagar,Urban Primary Health Centre,Medchal–Malkajgiri,Uppal,Navoranguda Bhagayath,17.375539,78.521467,,Urban Primary Health Centre,100.0
TG-15-155,UPHC Subhashnagar,Urban Primary Health Centre,Medchal–Malkajgiri,Quthbullapur,Jeedimetla,17.511597,78.458854,,Urban Primary Health Centre,100.0
TG-15-62,UPHC Tukaram Gate,Urban Primary Health Centre,Medchal–Malkajgiri,Malkajgiri,Malkajgiri,17.437484,78.543095,,Urban Primary Health Centre,100.0
TG-15-145,UPHC Venkat Reddy Nagar (24X7),Urban Primary Health Centre,Medchal–Malkajgiri,Uppal,Ramanthapur Bagayath,17.38602,78.52793,,Urban Primary Health Centre,100.0
TG-15-100,UPHC Vinayak Nagar,Urban Primary Health Centre,Medchal–Malkajgiri,Kukatpally,KPHB Colony-0117,17.454741,78.411435,,Urban Primary Health Centre,100.0
TG-15-164,UPHC-Gajula Ramaram / Devender Nagar.,Urban Primary Health Centre,Medchal–Malkajgiri,Quthbullapur,Gajularamaram,17.522526,78.42921,,Urban Primary Health Centre,100.0
TG-15-160,UPHC-Hasmathpet,Urban Primary Health Centre,Medchal–Malkajgiri,Balanagar,Hasmathpet,17.473391,78.487214,,Urban Primary Health Centre,100.0
TG-15-158,UPHC-Jagadhgirigutta/ Deenabandu Colony,Urban Primary Health Centre,Medchal–Malkajgiri,Kukatpally,KPHB Colony-0117,17.507334,78.407742,,Urban Primary Health Centre,100.0
TG-15-161,UPHC-Kukatpally,Urban Primary Health Centre,Medchal–Malkajgiri,Kukatpally,KPHB Colony-0117,17.487542,78.395346,,Urban Primary Health Centre,100.0
TG-15-157,UPHC-Moosapet,Urban Primary Health Centre,Medchal–Malkajgiri,Kukatpally,KPHB Colony-0117,17.466464,78.425411,,Urban Primary Health Centre,100.0
TG-15-168,UPHC-Moulali,Urban Primary Health Centre,Medchal–Malkajgiri,Uppal,Meerpet,17.462445,78.561608,,Urban Primary Health Centre,100.0
TG-15-165,UPHC-Suraram colony,Urban Primary Health Centre,Medchal–Malkajgiri,Quthbullapur,Gajularamaram,17.539326,78.422611,,Urban Primary Health Centre,100.0
TG-15-159,UPHC-Yellammabanda,Urban Primary Health Centre,Medchal–Malkajgiri,Quthbullapur,Gajularamaram,17.512275,78.408395,,Urban Primary Health Centre,100.0
TG-15-150,Uphc Medchal / Pet Basheerbad ),Urban Primary Health Centre,Medchal–Malkajgiri,Medchal,Medchal,17.632659,78.481454,,Urban Primary Health Centre,100.0
TG-15-284,Venkatreddy Nagar(UPHC),Urban Primary Health Centre,Medchal–Malkajgiri,Uppal,Ramanthapur Bagayath,17.38602,78.52793,,Urban Primary Health Centre,100.0
TG-15-285,Vinayak Nagar(UPHC),Urban Primary Health Centre,Medchal–Malkajgiri,Malkajgiri,Malkajgiri,17.469342,78.543651,,Urban Primary Health Centre,100.0
TG-10-38,AH Eturnagaram,Area Hospital,Mulugu,Eturnagaram,Akulavari Ghanpur,18.325155,80.414034,TVVP,Area Hospital,100.0
TG-16-41,CHC Venkatapuram,Community Health Centre,Mulugu,Venkatapuram,Venkatapuram (Z),18.30037,80.55327,TVVP,Community Health Centre,100.0
TG-17-579,Primary Health Centre Govindaraopet,Primary Health Centre,Mulugu,Govindaraopet,Laknavaram,18.194692,80.135283,,Primary Health Centre,100.0
TG-17-598,Primary Health Centre Kannaigudem,Primary Health Centre,Mulugu,Kannaigudem,Padigapuram (UI),18.520957,80.341175,,Primary Health Centre,100.0
TG-17-583,Primary Health Centre Pasra,Primary Health Centre,Mulugu,Govindaraopet,Pasranagaram,18.193412,80.162069,,Primary Health Centre,100.0
TG-17-557,Primary Health Centre Royyur,Primary Health Centre,Mulugu,Mulug,Mulugu,18.192588,79.94148,,Primary Health Centre,100.0
TG-17-617,"Primary Health Centre, Brahmanapally",Primary Health Centre,Mulugu,Mangapet,Kathigudem,18.143242,80.631131,,Primary Health Centre,100.0
TG-17-616,"Primary Health Centre, Chunchupally",Primary Health Centre,Mulugu,Mangapet,Chunchupalle,18.209401,80.596089,,Primary Health Centre,100.0
TG-17-600,"Primary Health Centre, Katapuram",Primary Health Centre,Mulugu,Tadvai (Sammakka Sarakka),Katapuram,18.156813,80.393873,,Primary Health Centre,100.0
TG-17-582,"Primary Health Centre, Kodishala",Primary Health Centre,Mulugu,Govindaraopet,Rampur,18.186654,80.157058,,Primary Health Centre,100.0
TG-17-612,"Primary Health Centre, Mangapet",Primary Health Centre,Mulugu,Mangapet,Mangapet (Podmur),18.251002,80.512219,,Primary Health Centre,100.0
TG-17-602,"Primary Health Centre, Peruru",Primary Health Centre,Mulugu,Wazeed,Chandrupatla (Z),18.544759,80.403265,,Primary Health Centre,100.0
TG-17-570,"Primary Health Centre, Rainigudem",Primary Health Centre,Mulugu,Mulug,Pegadapalle,18.131403,80.053667,,Primary Health Centre,100.0
TG-17-595,"Primary Health Centre, Tadvai",Primary Health Centre,Mulugu,Tadvai (Sammakka Sarakka),Tadvai,18.231612,80.315022,,Primary Health Centre,100.0
TG-17-561,"Primary Health Centre, Venkatapur",Primary Health Centre,Mulugu,Venkatapur,Venkatapur,18.23807,79.988259,,Primary Health Centre,100.0
TG-17-607,"Primary Health Centre, Wazeedu",Primary Health Centre,Mulugu,Wazeed,Wazeed(G),18.439186,80.475648,,Primary Health Centre,100.0
TG-18-657,SubCentre Kamalapur,Sub Centre,Mulugu,Mangapet,Kamalapuram,18.26428,80.48549,,Health Sub Centre,100.0
TG-18-168,"SubCentre, Chinnagollagudem",Sub Centre,Mulugu,Wazeed,Rampuram,18.511237,80.390221,,Health Sub Centre,100.0
TG-18-582,"SubCentre, Waddegudem",Sub Centre,Mulugu,Eturnagaram,Forest,18.375812,80.368649,,Health Sub Centre,100.0
TG-8-42,Government General Hospital,Teaching Hospital,Mulugu,Mulug,Mulugu,18.190975,79.942375,Director of Medical Education,Medical Colleges,100.0
TG-10-39,AH Achampet,Area Hospital,Nagarkurnool,Achampet,Achampet,16.400424,78.638749,TVVP,Area Hospital,100.0
TG-10-40,AH Kalvakurthy,Area Hospital,Nagarkurnool,Kalwakurthy,Kalwakurthy,16.670528,78.490723,TVVP,Area Hospital,100.0
TG-10-41,Ah Kollapur,Area Hospital,Nagarkurnool,Kollapur,Wardyal,16.107523,78.320249,TVVP,Area Hospital,100.0
TG-13-328,Deshiitikyala BDK,Basti Dawakhana,Nagarkurnool,Nagar_Kurnool,Deshitkyal,16.450081,78.338884,,Basti Dawakhana,100.0
TG-13-327,Old RDO Office Atchampet,Basti Dawakhana,Nagarkurnool,Achampet,Tangapur,16.394058,78.636758,,Basti Dawakhana,100.0
TG-16-66,CHC Amangal,Community Health Centre,Nagarkurnool,Nagar_Kurnool,Yendabetla,16.51181,78.31489,TVVP,Community Health Centre,100.0
TG-16-43,CHC Amrabad,Community Health Centre,Nagarkurnool,Amrabad,Amrabad,16.375464,78.829582,TVVP,Community Health Centre,100.0
TG-16-44,CHC Lingala,Community Health Centre,Nagarkurnool,Lingal,Lingal,16.270173,78.513505,TVVP,Community Health Centre,100.0
TG-16-42,"CHC, Uppunuthala",Community Health Centre,Nagarkurnool,Uppunuthala,Uppununthala,16.457605,78.598424,TVVP,Community Health Centre,100.0
TG-17-206,"Primary Health Centre, Ambatpally",Primary Health Centre,Nagarkurnool,Lingal,Anbatpalle,16.278467,78.446398,,Primary Health Centre,100.0
TG-17-243,"Primary Health Centre, Balmoor",Primary Health Centre,Nagarkurnool,Balmoor,Balmoor,16.330529,78.563045,,Primary Health Centre,100.0
TG-17-145,"Primary Health Centre, Bijinepally",Primary Health Centre,Nagarkurnool,Bijinapalle,Bijinapalle,16.530738,78.208271,,Primary Health Centre,100.0
TG-17-205,"Primary Health Centre, Boppally",Primary Health Centre,Nagarkurnool,Telkapalle,Alair,16.349495,78.445176,,Primary Health Centre,100.0
TG-17-277,"Primary Health Centre, Charakonda",Primary Health Centre,Nagarkurnool,Charakonda,Charakonda,16.695887,78.708489,,Primary Health Centre,100.0
TG-17-163,"Primary Health Centre, Kodair",Primary Health Centre,Nagarkurnool,Kodair,Bawaipalle,16.299321,78.297974,,Primary Health Centre,100.0
TG-17-225,"Primary Health Centre, Lingal",Primary Health Centre,Nagarkurnool,Lingal,Lingal,16.272898,78.514437,,Primary Health Centre,100.0
TG-17-289,"Primary Health Centre, Mannanur",Primary Health Centre,Nagarkurnool,Amrabad,Mannanur,16.366542,78.75807,,Primary Health Centre,100.0
TG-17-323,"Primary Health Centre, Padra",Primary Health Centre,Nagarkurnool,Padara,Padara,16.43453,78.877232,,Primary Health Centre,100.0
TG-17-152,"Primary Health Centre, Palem",Primary Health Centre,Nagarkurnool,Bijinapalle,Palem,16.520544,78.242424,,Primary Health Centre,100.0
TG-17-179,"Primary Health Centre, Peddakottapally",Primary Health Centre,Nagarkurnool,Peddakothapalle,Peddakothapalle,16.294829,78.360778,,Primary Health Centre,100.0
TG-17-203,"Primary Health Centre, Peddur",Primary Health Centre,Nagarkurnool,Telkapalle,Alair,16.359401,78.440912,,Primary Health Centre,100.0
TG-17-156,"Primary Health Centre, Pentlavally",Primary Health Centre,Nagarkurnool,Pentlavelli,Pentlavelli,16.077137,78.257959,,Primary Health Centre,100.0
TG-17-218,"Primary Health Centre, Raghupathipet",Primary Health Centre,Nagarkurnool,Kalwakurthy,Raghupathipeta,16.51096,78.480545,,Primary Health Centre,100.0
TG-17-181,"Primary Health Centre, Tadoor",Primary Health Centre,Nagarkurnool,Tadoor,Tadoor,16.524822,78.362685,,Primary Health Centre,100.0
TG-17-210,"Primary Health Centre, Telkapally",Primary Health Centre,Nagarkurnool,Telkapalle,Telkapalle,16.445954,78.455574,,Primary Health Centre,100.0
TG-17-188,"Primary Health Centre, Thotapally",Primary Health Centre,Nagarkurnool,Kalwakurthy,Thotapalle,16.622196,78.390733,,Primary Health Centre,100.0
TG-17-142,"Primary Health Centre, Timmajipet",Primary Health Centre,Nagarkurnool,Thimmajipeta,Thimmajipet,16.667507,78.195979,,Primary Health Centre,100.0
TG-17-251,"Primary Health Centre, Uppunuthala",Primary Health Centre,Nagarkurnool,Uppunuthala,Uppununthala,16.458035,78.598803,,Primary Health Centre,100.0
TG-17-253,"Primary Health Centre, Vangoor",Primary Health Centre,Nagarkurnool,Vangoor,Vangoor,16.626409,78.60813,,Primary Health Centre,100.0
TG-17-299,"Primary Health Centre, Vatavarlapally(APPAPOOR)",Primary Health Centre,Nagarkurnool,Amrabad,Vatwarlapalle,16.247227,78.790651,,Primary Health Centre,100.0
TG-17-234,"Primary Health Centre, Veldanda",Primary Health Centre,Nagarkurnool,Veldanda,Veldanda,16.743644,78.535836,,Primary Health Centre,100.0
TG-17-165,"Primary Health Centre, Vennacherla",Primary Health Centre,Nagarkurnool,Peddakothapalle,Vennacherla,16.339674,78.313984,,Primary Health Centre,100.0
TG-17-129,"Primary Health Centre, lattupaly",Primary Health Centre,Nagarkurnool,Bijinapalle,Latpalle,16.551389,78.144863,,Primary Health Centre,100.0
TG-17-180,"Primary Health Centre,Peddamaddunoor",Primary Health Centre,Nagarkurnool,Nagar_Kurnool,Peddamudnur,16.380521,78.362595,,Primary Health Centre,100.0
TG-8-24,Government General Hospital,Teaching Hospital,Nagarkurnool,Tadoor,Thirumalapur,16.515666,78.29522,Director of Medical Education,Medical Colleges,100.0
TG-15-171,UPHC Nagarkurnool,Urban Primary Health Centre,Nagarkurnool,Nagar_Kurnool,Nagar_Kurnool,16.485003,78.309673,,Urban Primary Health Centre,100.0
TG-10-44,AH Deverkonda,Area Hospital,Nalgonda,Devarakonda,Devarakonda,16.69234,78.921407,TVVP,Area Hospital,100.0
TG-10-42,AH Miryalguda,Area Hospital,Nalgonda,Miryalaguda,Miryalaguda(M),16.87186,79.555841,TVVP,Area Hospital,100.0
TG-10-43,AH Nagarjunasagar,Area Hospital,Nalgonda,Peddavoora,Vijayapuri North,16.603277,79.305417,TVVP,Area Hospital,100.0
TG-10-45,AH Nakkrekal,Area Hospital,Nalgonda,Nakrekal,Nakrekal,17.164627,79.429527,TVVP,Area Hospital,100.0
TG-13-332,Indiramma colony BDK Govt Building Miryalguda,Basti Dawakhana,Nalgonda,Miryalaguda,Hydla Puram,16.850285,79.568387,,Basti Dawakhana,100.0
TG-13-334,"Jangala Colony,Devarakonda",Basti Dawakhana,Nalgonda,Devarakonda,Devarakonda,16.677928,78.915773,,Basti Dawakhana,100.0
TG-13-329,Kesharajupally BDK,Basti Dawakhana,Nalgonda,Tipparthy,Kesharajupally,17.038031,79.309056,,Basti Dawakhana,100.0
TG-13-330,Marriguda Ward Office,Basti Dawakhana,Nalgonda,Nalgonda,Marriguda,17.086084,79.253749,,Basti Dawakhana,100.0
TG-13-333,Santosh Maata Colony Devarakonda Govt Building BDK,Basti Dawakhana,Nalgonda,Devarakonda,Devarakonda,16.68884,78.927449,,Basti Dawakhana,100.0
TG-13-331,Shabu Nagar BDK ( Miryalguda),Basti Dawakhana,Nalgonda,Miryalaguda,Miryalaguda(M),16.875043,79.571406,,Basti Dawakhana,100.0
TG-16-45,CHC Halia,Community Health Centre,Nalgonda,Anumula_Haliya,Anumula,16.780972,79.311542,TVVP,Community Health Centre,100.0
TG-16-46,CHC Marriguda,Community Health Centre,Nalgonda,Marriguda,Marriguda,16.93627,78.86379,TVVP,Community Health Centre,100.0
TG-17-469,"PHC, A.D. Pally",Primary Health Centre,Nalgonda,Adavidevulapally,Adavidevulapally,16.666201,79.503803,,Primary Health Centre,100.0
TG-17-303,"Primary HEalth Centre, Siddapur",Primary Health Centre,Nalgonda,Gundlapally,Thippalaneni Gowraram,16.596387,78.802335,,Primary Health Centre,100.0
TG-17-405,"Primary Health Centre, Akkinepally",Primary Health Centre,Nalgonda,Narketpally,Akkinepalli,17.28919,79.236128,,Primary Health Centre,100.0
TG-17-497,"Primary Health Centre, Alagadapa",Primary Health Centre,Nalgonda,Miryalaguda,Alagadapa,16.867754,79.634196,,Primary Health Centre,100.0
TG-17-313,"Primary Health Centre, Bodupally",Primary Health Centre,Nalgonda,Devarakonda,Turpupally,16.689458,78.824638,,Primary Health Centre,100.0
TG-17-324,"Primary Health Centre, Chandampet",Primary Health Centre,Nalgonda,Chandampet,Chandampet,16.588648,78.880902,,Primary Health Centre,100.0
TG-17-364,"Primary Health Centre, Chandur",Primary Health Centre,Nalgonda,Chandur,Chandur,16.984981,79.063767,,Primary Health Centre,100.0
TG-17-312,"Primary Health Centre, Chinthapally",Primary Health Centre,Nalgonda,Chinthapally,Chinthapally,16.807475,78.823166,,Primary Health Centre,100.0
TG-17-381,"Primary Health Centre, Chityala",Primary Health Centre,Nalgonda,Chityal,Chityal,17.239773,79.123481,,Primary Health Centre,100.0
TG-17-495,"Primary Health Centre, Damarcherla",Primary Health Centre,Nalgonda,Damaracherla,Damercherla,16.721916,79.631032,,Primary Health Centre,100.0
TG-17-272,"Primary Health Centre, Dindi",Primary Health Centre,Nalgonda,Gundlapally,Gundlapally,16.546315,78.695711,,Primary Health Centre,100.0
TG-17-370,"Primary Health Centre, Gudipally",Primary Health Centre,Nalgonda,Gudipalli,Gudipalli,16.761655,79.079158,,Primary Health Centre,100.0
TG-17-376,"Primary Health Centre, Gurrampode",Primary Health Centre,Nalgonda,Gurrampode,Gurrampode,16.868121,79.103437,,Primary Health Centre,100.0
TG-17-423,"Primary Health Centre, Haliya",Primary Health Centre,Nalgonda,Anumula_Haliya,Anumula,16.781235,79.312578,,Primary Health Centre,100.0
TG-17-402,"Primary Health Centre, Kangal",Primary Health Centre,Nalgonda,Kanagal,Kanagal,16.941038,79.217421,,Primary Health Centre,100.0
TG-17-422,"Primary Health Centre, Kattangur",Primary Health Centre,Nalgonda,Kattangur,Kattangur,17.165777,79.312151,,Primary Health Centre,100.0
TG-17-471,"Primary Health Centre, Kethepally",Primary Health Centre,Nalgonda,Kethepally,Kethepally,17.159759,79.508265,,Primary Health Centre,100.0
TG-17-347,"Primary Health Centre, Konda Malle Pally",Primary Health Centre,Nalgonda,Kondamallapally,Konda Mallepally,16.710767,78.970124,,Primary Health Centre,100.0
TG-17-321,"Primary Health Centre, Marriguda",Primary Health Centre,Nalgonda,Marriguda,Marriguda,16.93607,78.863539,,Primary Health Centre,100.0
TG-17-371,"Primary Health Centre, Munugode",Primary Health Centre,Nalgonda,Munugode,Cholledu,17.080018,79.079864,,Primary Health Centre,100.0
TG-17-342,"Primary Health Centre, Nampally",Primary Health Centre,Nalgonda,Nampally,Nampally,16.885806,78.948467,,Primary Health Centre,100.0
TG-17-390,"Primary Health Centre, Narketpally",Primary Health Centre,Nalgonda,Narketpally,Narketpally,17.20973,79.175134,,Primary Health Centre,100.0
TG-17-431,"Primary Health Centre, Nidmanoor",Primary Health Centre,Nalgonda,Nidamanoor,Nidamanoor,16.819963,79.367393,,Primary Health Centre,100.0
TG-17-455,"Primary Health Centre, Ogode",Primary Health Centre,Nalgonda,Nakrekal,Ogode,17.252102,79.463291,,Primary Health Centre,100.0
TG-17-481,"Primary Health Centre, Pamulapahad",Primary Health Centre,Nalgonda,Madugulapally,Pamulapadu,17.066484,79.54647,,Primary Health Centre,100.0
TG-17-365,"Primary Health Centre, Pedda Adecherla Pally",Primary Health Centre,Nalgonda,Peda Adisharla Palli,Peda Adisharla Palli,16.686041,79.072097,,Primary Health Centre,100.0
TG-17-458,"Primary Health Centre, Pedda Dhevula Pally",Primary Health Centre,Nalgonda,Tripuraram,Peddadevulapally,16.883424,79.472322,,Primary Health Centre,100.0
TG-17-400,"Primary Health Centre, Peddavoora",Primary Health Centre,Nalgonda,Peddavoora,Peddavoora,16.728825,79.207401,,Primary Health Centre,100.0
TG-17-396,"Primary Health Centre, Ramulabanda",Primary Health Centre,Nalgonda,Nalgonda,Kanchanpalle,17.072359,79.19453,,Primary Health Centre,100.0
TG-17-437,"Primary Health Centre, Shaligowraram",Primary Health Centre,Nalgonda,Shaligouraram,Shaligouraram,17.306187,79.383622,,Primary Health Centre,100.0
TG-17-440,"Primary Health Centre, Thipparthy",Primary Health Centre,Nalgonda,Tipparthy,Tipparthy,17.019936,79.41233,,Primary Health Centre,100.0
TG-17-459,"Primary Health Centre, Thripuraram (M)",Primary Health Centre,Nalgonda,Tripuraram,Tripuraram,16.831239,79.473152,,Primary Health Centre,100.0
TG-17-354,"Primary Health Centre, Veliminedu",Primary Health Centre,Nalgonda,Chityal,Veliminedu,17.228997,79.021184,,Primary Health Centre,100.0
TG-17-478,"Primary Health Centre, Vemulapally",Primary Health Centre,Nalgonda,Vemulapally,Vemulapally,16.9211,79.533533,,Primary Health Centre,100.0
TG-17-284,"Primary Health Centre, Venkateshwara Nagar",Primary Health Centre,Nalgonda,Chinthapally,Godakandla,16.969038,78.728313,,Primary Health Centre,100.0
TG-8-22,Government General Hospital,Teaching Hospital,Nalgonda,Nalgonda,Golla guda,17.055727,79.277824,Director of Medical Education,Medical Colleges,100.0
TG-15-258,"UHC Manyamchelka,Nalgonda(UPHC)",Urban Primary Health Centre,Nalgonda,Nalgonda,Nalgonda,17.04747,79.27094,,Urban Primary Health Centre,100.0
TG-15-173,UPHC - Panagal,Urban Primary Health Centre,Nalgonda,Nalgonda,Panagallu,17.07157,79.28438,,Urban Primary Health Centre,100.0
TG-15-176,UPHC - Prakash Nagar,Urban Primary Health Centre,Nalgonda,Miryalaguda,Miryalaguda(M),16.857165,79.543557,,Urban Primary Health Centre,100.0
TG-15-175,UPHC -Bangarigadda,Urban Primary Health Centre,Nalgonda,Miryalaguda,Miryalaguda(M),16.8804,79.5615,,Urban Primary Health Centre,100.0
TG-15-172,UPHC- Linewada,Urban Primary Health Centre,Nalgonda,Nalgonda,Nalgonda,17.05352,79.2581,,Urban Primary Health Centre,100.0
TG-15-174,UPHC- Manyamchelka,Urban Primary Health Centre,Nalgonda,Nalgonda,Nalgonda,17.04747,79.27094,,Urban Primary Health Centre,100.0
TG-10-46,AH Makthal,Area Hospital,Narayanpet,Makthal,Makthal,16.50341,77.512857,TVVP,Area Hospital,100.0
TG-16-47,CHC Kosgi,Community Health Centre,Narayanpet,Kosgi,Kosgi,16.987128,77.715527,TVVP,Community Health Centre,100.0
TG-16-48,"CHC, Maddur",Community Health Centre,Narayanpet,Maddur,Renvatla,16.857066,77.612068,TVVP,Community Health Centre,100.0
TG-17-7,"Primary Health Centre, Damargidda",Primary Health Centre,Narayanpet,Narayanpet,Kavarampalle,16.728977,77.526971,,Primary Health Centre,100.0
TG-17-21,"Primary Health Centre, Dhanwada",Primary Health Centre,Narayanpet,Dhanwada,Dhanwada,16.639677,77.656297,,Primary Health Centre,100.0
TG-17-25,"Primary Health Centre, Gundumal",Primary Health Centre,Narayanpet,Maddur,Dorepalle,16.880672,77.665245,,Primary Health Centre,100.0
TG-17-10,"Primary Health Centre, Karne",Primary Health Centre,Narayanpet,Makthal,Karni,16.439708,77.537455,,Primary Health Centre,100.0
TG-17-5,"Primary Health Centre, Kotakonda",Primary Health Centre,Narayanpet,Narayanpet,Kavarampalle,16.729186,77.526617,,Primary Health Centre,100.0
TG-17-37,"Primary Health Centre, Kothlabad",Primary Health Centre,Narayanpet,Gundmal,Kommur,16.867266,77.73108,,Primary Health Centre,100.0
TG-17-19,"Primary Health Centre, Maddur",Primary Health Centre,Narayanpet,Maddur,Maddur,16.857665,77.608682,,Primary Health Centre,100.0
TG-17-6,"Primary Health Centre, Maganoor",Primary Health Centre,Narayanpet,Narayanpet,Kavarampalle,16.729185,77.526619,,Primary Health Centre,100.0
TG-17-34,"Primary Health Centre, Marikal",Primary Health Centre,Narayanpet,Marikal,Marikal,16.603014,77.714604,,Primary Health Centre,100.0
TG-17-4,"Primary Health Centre, Narwa",Primary Health Centre,Narayanpet,Narayanpet,Kavarampalle,16.729181,77.526611,,Primary Health Centre,100.0
TG-17-36,"Primary Health Centre, Pulimamidi",Primary Health Centre,Narayanpet,Marikal,Marikal,16.607658,77.726072,,Primary Health Centre,100.0
TG-17-3,"Primary Health Centre, Utkoor",Primary Health Centre,Narayanpet,Utkoor,Utkoor,16.651147,77.517894,,Primary Health Centre,100.0
TG-18-724,SubCentre Bijjaram,Sub Centre,Narayanpet,Kosgi,Bijjaram,16.965079,77.682319,,Health Sub Centre,100.0
TG-18-797,"SubCentre, Pedda Dhanwada",Sub Centre,Narayanpet,Dhanwada,Dhanwada,16.63343,77.65878,,Health Sub Centre,100.0
TG-8-40,Government General Hospital,Teaching Hospital,Narayanpet,Narayanpet,Narayanpet,16.744272,77.49344,Director of Medical Education,Medical Colleges,100.0
TG-15-177,UPHC Ashok Nagar,Urban Primary Health Centre,Narayanpet,Narayanpet,Narayanpet,16.740603,77.505065,,Urban Primary Health Centre,100.0
TG-10-47,AH Bhainsa,Area Hospital,Nirmal,Bhainsa,Bhainsa,19.105697,77.964219,TVVP,Area Hospital,100.0
TG-13-336,Ashram school opposite to housing board BDK Bhainsa,Basti Dawakhana,Nirmal,Bhainsa,Bhainsa,19.104624,77.978045,,Basti Dawakhana,100.0
TG-13-337,Khanapur Ward no 1 Sc community hall Gandhi nagar,Basti Dawakhana,Nirmal,Khanapur,Thimmapur,19.053002,78.646599,,Basti Dawakhana,100.0
TG-13-335,Old Area Hospital Nirmal BDK,Basti Dawakhana,Nirmal,Nirmal,Nirmal,19.101228,78.34758,,Basti Dawakhana,100.0
TG-16-49,CHC Khanapur,Community Health Centre,Nirmal,Khanapur,Thimmapur,19.04182,78.64966,TVVP,Community Health Centre,100.0
TG-16-50,CHC Mudhole,Community Health Centre,Nirmal,Mudhole,Mudhole,18.97423,77.91038,TVVP,Community Health Centre,100.0
TG-16-51,CHC Narsapur G,Community Health Centre,Nirmal,Narsapur_G,Narsapur,19.1102,78.16085,TVVP,Community Health Centre,100.0
TG-17-84,"Primary Health Centre, Basar",Primary Health Centre,Nirmal,Basar,Basar,18.881716,77.952723,,Primary Health Centre,100.0
TG-17-322,"Primary Health Centre, Dasturabad",Primary Health Centre,Nirmal,Dasturabad,Dasturabad,19.086627,78.866403,,Primary Health Centre,100.0
TG-17-150,"Primary Health Centre, Dilwarpur",Primary Health Centre,Nirmal,Dilawarpur,Dilawarpur,19.093329,78.227161,,Primary Health Centre,100.0
TG-17-297,"Primary Health Centre, Kaddam",Primary Health Centre,Nirmal,Kaddampeddur,Kannapur,19.096203,78.780382,,Primary Health Centre,100.0
TG-17-82,"Primary Health Centre, Kubeer",Primary Health Centre,Nirmal,Kubeer,Kubeer,19.259775,77.944417,,Primary Health Centre,100.0
TG-17-115,"Primary Health Centre, Kuntala",Primary Health Centre,Nirmal,Kuntala,Kuntala,19.175455,78.102376,,Primary Health Centre,100.0
TG-17-214,"Primary Health Centre, Laxmanchanda",Primary Health Centre,Nirmal,Laxmanchanda,LaxmanChanda,19.017801,78.464597,,Primary Health Centre,100.0
TG-17-93,"Primary Health Centre, Mahagaon",Primary Health Centre,Nirmal,Bhainsa,Mategaon,19.181108,77.985173,,Primary Health Centre,100.0
TG-17-230,"Primary Health Centre, Mamada",Primary Health Centre,Nirmal,Mamda,Mamda,19.078977,78.5247,,Primary Health Centre,100.0
TG-17-164,"Primary Health Centre, Mujigi",Primary Health Centre,Nirmal,Nirmal Rural,Thamsa,19.071312,78.301176,,Primary Health Centre,100.0
TG-17-259,"Primary Health Centre, Pembi",Primary Health Centre,Nirmal,Pembi,Pembi,19.195042,78.637569,,Primary Health Centre,100.0
TG-17-154,"Primary Health Centre, Sarangapur",Primary Health Centre,Nirmal,Sarangapur,Sarangpur,19.215557,78.252129,,Primary Health Centre,100.0
TG-17-186,"Primary Health Centre, Soan",Primary Health Centre,Nirmal,Soan,Soan,19.014321,78.371246,,Primary Health Centre,100.0
TG-17-59,"Primary Health Centre, Tanoor",Primary Health Centre,Nirmal,Tanoor,Boregaon (Khurd),19.051676,77.854058,,Primary Health Centre,100.0
TG-17-193,"Primary Health Centre, Velmalbopparam",Primary Health Centre,Nirmal,Soan,New Bopparam,19.04262,78.407785,,Primary Health Centre,100.0
TG-18-6,"SubCentre, Arli",Sub Centre,Nirmal,Narsapur_G,Arli (Khurd),19.095552,78.107263,,Health Sub Centre,100.0
TG-18-56,"SubCentre, Kowta",Sub Centre,Nirmal,Basar,Kowtha,18.895216,78.005268,,Health Sub Centre,100.0
TG-18-875,"SubCentre, Lingampally",Sub Centre,Nirmal,Dilawarpur,Kanjar,19.057227,78.261141,,Health Sub Centre,100.0
TG-8-35,Government General Hospital,Teaching Hospital,Nirmal,Nirmal,Nirmal,19.100624,78.335669,Director of Medical Education,Medical Colleges,100.0
TG-15-179,UPHC Bangalpet,Urban Primary Health Centre,Nirmal,Nirmal,Nirmal,19.108026,78.351836,,Urban Primary Health Centre,100.0
TG-15-259,UPHC Bangalpet(UPHC),Urban Primary Health Centre,Nirmal,Nirmal,Nirmal,19.108026,78.351836,,Urban Primary Health Centre,100.0
TG-15-180,UPHC Bhainsa,Urban Primary Health Centre,Nirmal,Bhainsa,Bhainsa,19.106677,77.951791,,Urban Primary Health Centre,100.0
TG-15-260,UPHC Bhainsa(UPHC),Urban Primary Health Centre,Nirmal,Bhainsa,Bhainsa,19.106677,77.951791,,Urban Primary Health Centre,100.0
TG-15-178,UPHC Ramnagar,Urban Primary Health Centre,Nirmal,Nirmal Rural,Manjulapur,19.08668,78.328832,,Urban Primary Health Centre,100.0
TG-10-51,AH Armoor,Area Hospital,Nizamabad,Armoor,Armur,18.792832,78.287329,TVVP,Area Hospital,100.0
TG-10-49,AH Bheemgal,Area Hospital,Nizamabad,Bheemgal,Muchkur,18.640678,78.457783,TVVP,Area Hospital,100.0
TG-10-50,AH Bodhan,Area Hospital,Nizamabad,Bodhan,Douthyal (Bodhan Urban),18.65852,77.887847,TVVP,Area Hospital,100.0
TG-10-48,AH Dharpally,Area Hospital,Nizamabad,Dharpally,Dharpally,18.580913,78.368671,TVVP,Area Hospital,100.0
TG-13-340,(Bodhan) Shekkar Nagar Community Hall,Basti Dawakhana,Nizamabad,Bodhan,Douthyal (Bodhan Urban),18.664037,77.906424,,Basti Dawakhana,100.0
TG-13-1,Azabgunj Market Yard Bodhan (Reallocated),Basti Dawakhana,Nizamabad,Bodhan,Bellal Tarafa (Bodhan Rural),18.647492,77.893354,,Basti Dawakhana,100.0
TG-13-341,"Gram Panchayath Govt Building, Mamidipally",Basti Dawakhana,Nizamabad,Armoor,Mamidipalle,18.777328,78.297688,,Basti Dawakhana,100.0
TG-13-339,Gram Panchayath Khanapur Govt Building,Basti Dawakhana,Nizamabad,Nizamabad Rural,Khanapur,18.705678,78.08213,,Basti Dawakhana,100.0
TG-13-342,"Mirchi Compound Nizamabad,BDK",Basti Dawakhana,Nizamabad,Nizamabad South,Nizamabad (Urban),18.675526,78.093514,,Basti Dawakhana,100.0
TG-13-338,Nagaram 300 quarters BDK,Basti Dawakhana,Nizamabad,Nizamabad South,Nizamabad (Urban),18.653231,78.060655,,Basti Dawakhana,100.0
TG-16-57,CHC Balkonda,Community Health Centre,Nizamabad,Balkonda,Balkonda,18.869638,78.335861,TVVP,Community Health Centre,100.0
TG-16-54,CHC Dichpally,Community Health Centre,Nizamabad,Dichpally,Ghanpur (CT),18.60446,78.210586,TVVP,Community Health Centre,100.0
TG-16-52,CHC Kotagiri,Community Health Centre,Nizamabad,Kotagiri,Kotgiri,18.57495,77.818324,TVVP,Community Health Centre,100.0
TG-16-56,CHC Morthad,Community Health Centre,Nizamabad,Morthad,Mortad,18.815169,78.460978,TVVP,Community Health Centre,100.0
TG-16-55,CHC Navipet,Community Health Centre,Nizamabad,Navipet,Navipet,18.771763,78.01453,TVVP,Community Health Centre,100.0
TG-16-53,CHC Varni,Community Health Centre,Nizamabad,Varni,Varni,18.528417,77.897496,TVVP,Community Health Centre,100.0
TG-17-208,"Primary Health Centre, Bheemgal",Primary Health Centre,Nizamabad,Bheemgal,Bheemgal,18.701507,78.450725,,Primary Health Centre,100.0
TG-17-107,"Primary Health Centre, Binola",Primary Health Centre,Nizamabad,Navipet,Binola,18.850689,78.03684,,Primary Health Centre,100.0
TG-17-147,"Primary Health Centre, Devagaon",Primary Health Centre,Nizamabad,Aloor,Degaon,18.843525,78.216198,,Primary Health Centre,100.0
TG-17-138,"Primary Health Centre, Donkeshwar",Primary Health Centre,Nizamabad,Donkeshwar,Donkeshwar,18.933497,78.187614,,Primary Health Centre,100.0
TG-17-173,"Primary Health Centre, Govindpet",Primary Health Centre,Nizamabad,Armoor,Govindpet,18.761943,78.340502,,Primary Health Centre,100.0
TG-17-153,"Primary Health Centre, Indalwai",Primary Health Centre,Nizamabad,Indalwai,Indalwai,18.544929,78.242977,,Primary Health Centre,100.0
TG-17-160,"Primary Health Centre, Jakranpally",Primary Health Centre,Nizamabad,Jakranpally,Jakranpalle,18.718157,78.279915,,Primary Health Centre,100.0
TG-17-139,"Primary Health Centre, Kaladi",Primary Health Centre,Nizamabad,Aloor,Gutpa,18.775365,78.189395,,Primary Health Centre,100.0
TG-17-226,"Primary Health Centre, Kammarpally",Primary Health Centre,Nizamabad,Kammarpally,Kammarpally,18.838705,78.516556,,Primary Health Centre,100.0
TG-17-176,"Primary Health Centre, Kisan Nagar",Primary Health Centre,Nizamabad,Mupkal,Vempally,18.891569,78.349405,,Primary Health Centre,100.0
TG-17-222,"Primary Health Centre, Lokeshwaram",Primary Health Centre,Nizamabad,Kammarpally,Hasakothur,18.814693,78.506625,,Primary Health Centre,100.0
TG-17-118,"Primary Health Centre, Makloor",Primary Health Centre,Nizamabad,Makloor,Makloor,18.750291,78.111285,,Primary Health Centre,100.0
TG-17-191,"Primary Health Centre, Mendora",Primary Health Centre,Nizamabad,Mendora,Mendora,18.953013,78.400773,,Primary Health Centre,100.0
TG-17-91,"Primary Health Centre, Mosra",Primary Health Centre,Nizamabad,Mosra,Mosra,18.612954,77.9744,,Primary Health Centre,100.0
TG-17-211,"Primary Health Centre, Muchkur",Primary Health Centre,Nizamabad,Bheemgal,Muchkur,18.640263,78.458509,,Primary Health Centre,100.0
TG-17-119,"Primary Health Centre, Mudakpally",Primary Health Centre,Nizamabad,Mugpal,Mudakpally (Narsingpally),18.572518,78.114604,,Primary Health Centre,100.0
TG-17-227,"Primary Health Centre, Nagarathnamma Memorial PHC",Primary Health Centre,Nizamabad,Kammarpally,Choutupalle,18.78095,78.518711,,Primary Health Centre,100.0
TG-17-128,"Primary Health Centre, Nandipet",Primary Health Centre,Nizamabad,Nandipet,Nandipet,18.881168,78.14414,,Primary Health Centre,100.0
TG-17-74,"Primary Health Centre, Pegadapally",Primary Health Centre,Nizamabad,Bodhan,Pegadapalle,18.722424,77.906211,,Primary Health Centre,100.0
TG-17-47,"Primary Health Centre, Pothangal",Primary Health Centre,Nizamabad,Pothangal,Pothangal,18.569293,77.773995,,Primary Health Centre,100.0
TG-17-83,"Primary Health Centre, Renjal",Primary Health Centre,Nizamabad,Renjal,Renjal,18.749389,77.950867,,Primary Health Centre,100.0
TG-17-66,"Primary Health Centre, Rudrur",Primary Health Centre,Nizamabad,Rudrur,Rudrur,18.589944,77.881173,,Primary Health Centre,100.0
TG-17-178,"Primary Health Centre, SRSP Pochampad",Primary Health Centre,Nizamabad,Mendora,Sonpet & Pochampad,18.969984,78.358445,,Primary Health Centre,100.0
TG-17-51,"Primary Health Centre, Saloora",Primary Health Centre,Nizamabad,Saloora,Saloora,18.691932,77.82164,,Primary Health Centre,100.0
TG-17-207,"Primary Health Centre, Sirkonda",Primary Health Centre,Nizamabad,Sirikonda,Sirikonda,18.582228,78.448373,,Primary Health Centre,100.0
TG-17-189,"Primary Health Centre, Velpur",Primary Health Centre,Nizamabad,Vailpur,Velpur,18.7637,78.391922,,Primary Health Centre,100.0
TG-17-85,"Primary Health Centre, Yedpalle",Primary Health Centre,Nizamabad,Yedapally,Yedpalle,18.677289,77.953375,,Primary Health Centre,100.0
TG-17-219,"Primary Health Centre, Yergatla",Primary Health Centre,Nizamabad,Yergatla,Yergatla,18.906393,78.48141,,Primary Health Centre,100.0
TG-18-500,SubCentre Sirikonda (K),Sub Centre,Nizamabad,Sirikonda,Sirikonda,18.582149,78.452168,,Health Sub Centre,100.0
TG-18-814,"SubCentre, ANNARAM",Sub Centre,Nizamabad,Donkeshwar,Annaram,18.962616,78.199902,,Health Sub Centre,100.0
TG-18-941,"SubCentre, Ambarpet - A",Sub Centre,Nizamabad,Sirikonda,Gudilingapur,18.521785,78.526331,,Health Sub Centre,100.0
TG-18-812,"SubCentre, Ambarpet - B",Sub Centre,Nizamabad,Sirikonda,Gudilingapur,18.521785,78.526331,,Health Sub Centre,100.0
TG-18-822,"SubCentre, Bhavanipet",Sub Centre,Nizamabad,Bodhan,Bhavanipet,18.592307,77.91746,,Health Sub Centre,100.0
TG-18-847,"SubCentre, GODMEGAON",Sub Centre,Nizamabad,Varni,Shankora,18.543947,77.931028,,Health Sub Centre,100.0
TG-18-951,"SubCentre, Gouraram",Sub Centre,Nizamabad,Indalwai,Gouraram,18.5318,78.3102,,Health Sub Centre,100.0
TG-18-853,"SubCentre, Hangarga",Sub Centre,Nizamabad,Bodhan,Bhiknalli,18.791643,77.851021,,Health Sub Centre,100.0
TG-18-857,"SubCentre, Jalalpur",Sub Centre,Nizamabad,Nizamabad Rural,Jalalpur,18.755312,78.067333,,Health Sub Centre,100.0
TG-18-960,"SubCentre, Kodicharla",Sub Centre,Nizamabad,Pothangal,Kodcherla,18.540122,77.771313,,Health Sub Centre,100.0
TG-18-882,"SubCentre, Mamdapur",Sub Centre,Nizamabad,Nandipet,Velmal,18.821492,78.130787,,Health Sub Centre,100.0
TG-18-965,"SubCentre, Menur",Sub Centre,Nizamabad,Nizamabad South,Nizamabad (Urban),18.672505,78.094087,,Health Sub Centre,100.0
TG-18-886,"SubCentre, Mothe",Sub Centre,Nizamabad,Vailpur,Mothe,18.741294,78.411238,,Health Sub Centre,100.0
TG-18-890,"SubCentre, Narsing Raopally",Sub Centre,Nizamabad,Mugpal,Mudakpally (Narsingpally),18.588193,78.115105,,Health Sub Centre,100.0
TG-18-954,"SubCentre, Pothangal",Sub Centre,Nizamabad,Pothangal,Pothangal,18.566043,77.773291,,Health Sub Centre,100.0
TG-18-905,"SubCentre, RAMPUR",Sub Centre,Nizamabad,Navipet,Kosli,18.802218,77.968154,,Health Sub Centre,100.0
TG-18-922,"SubCentre, Thirmalapur",Sub Centre,Nizamabad,Pothangal,Jallapalle,18.553985,77.788118,,Health Sub Centre,100.0
TG-18-449,Subcentre Thimmapur,Sub Centre,Nizamabad,Morthad,Thimmapur,18.856341,78.470063,,Health Sub Centre,100.0
TG-8-18,Government General Hospital,Teaching Hospital,Nizamabad,Nizamabad South,Nizamabad (Urban),18.676053,78.099251,Director of Medical Education,Medical Colleges,100.0
TG-15-261,Rakasipet(UPHC),Urban Primary Health Centre,Nizamabad,Bheemgal,Pipri,18.648625,78.51035,,Urban Primary Health Centre,100.0
TG-15-262,Seetaram Nagar Colony(UPHC),Urban Primary Health Centre,Nizamabad,Nizamabad South,Nizamabad (Urban),18.672505,78.109402,,Urban Primary Health Centre,100.0
TG-15-189,UPHC Arsapally,Urban Primary Health Centre,Nizamabad,Bodhan,Pandu Tarfa (Bodhan Urban),18.677569,77.888362,,Urban Primary Health Centre,100.0
TG-15-182,UPHC Chandrashekhar Colony,Urban Primary Health Centre,Nizamabad,Bodhan,Pandu Tarfa (Bodhan Urban),18.689665,77.896747,,Urban Primary Health Centre,100.0
TG-15-188,UPHC Dubba,Urban Primary Health Centre,Nizamabad,Makloor,Amrad,18.689447,78.160719,,Urban Primary Health Centre,100.0
TG-15-190,UPHC Goutham Nagar,Urban Primary Health Centre,Nizamabad,Nizamabad Rural,Goopanpally,18.692998,78.136489,,Urban Primary Health Centre,100.0
TG-15-183,UPHC Housing Board/ Armoor,Urban Primary Health Centre,Nizamabad,Armoor,Armur,18.794532,78.274921,,Urban Primary Health Centre,100.0
TG-15-185,UPHC Malapally,Urban Primary Health Centre,Nizamabad,Nizamabad Rural,Keshapur,18.674078,78.160719,,Urban Primary Health Centre,100.0
TG-15-184,"UPHC Pangally , Bhodan",Urban Primary Health Centre,Nizamabad,Bheemgal,Bachenpalle,18.659298,78.470932,,Urban Primary Health Centre,100.0
TG-15-187,"UPHC Rakasipet , Bhodan",Urban Primary Health Centre,Nizamabad,Bheemgal,Pipri,18.648625,78.51035,,Urban Primary Health Centre,100.0
TG-15-181,UPHC Seetharam Nagar,Urban Primary Health Centre,Nizamabad,Nizamabad South,Nizamabad (Urban),18.672505,78.109402,,Urban Primary Health Centre,100.0
TG-15-186,UPHC Vinayak Nagar,Urban Primary Health Centre,Nizamabad,Nizamabad South,Nizamabad (Urban),18.651347,78.081952,,Urban Primary Health Centre,100.0
TG-15-263,"UPHC,Armoor(UPHC)",Urban Primary Health Centre,Nizamabad,Armoor,Armur,18.794532,78.274921,,Urban Primary Health Centre,100.0
TG-10-53,AH Manthani,Area Hospital,Peddapalli,Manthani,Manthani,18.64983,79.663365,TVVP,Area Hospital,100.0
TG-10-52,AH Peddapally,Area Hospital,Peddapalli,Peddapalli,Peddapalle(CT),18.612667,79.379658,TVVP,Area Hospital,100.0
TG-13-345,Chandapally Gram Panchayat Building BDK,Basti Dawakhana,Peddapalli,Peddapalli,Peddapalle(CT),18.622701,79.364343,,Basti Dawakhana,100.0
TG-13-344,Khajipalli NTPC - Community Hall ( Ramagundem),Basti Dawakhana,Peddapalli,Ramagundam,Medipalli,18.751349,79.483266,,Basti Dawakhana,100.0
TG-13-343,PK Ramaiah Colony NTPC - Community Hall ( Ramagundam),Basti Dawakhana,Peddapalli,Ramagundam,Medipalli,18.776492,79.468526,,Basti Dawakhana,100.0
TG-13-346,Rangampally Gram Panchayat Building,Basti Dawakhana,Peddapalli,Peddapalli,Rangampalle,18.592379,79.376945,,Basti Dawakhana,100.0
TG-16-59,CHC Nandimedaram,Community Health Centre,Peddapalli,Dharmaram,Myadaram,18.729955,79.2143,TVVP,Community Health Centre,100.0
TG-16-58,CHC Sulthanabad,Community Health Centre,Peddapalli,Sultanabad,Sultanabad,18.52148,79.321423,TVVP,Community Health Centre,100.0
TG-17-494,"Primaey Health Centre, Mutharam",Primary Health Centre,Peddapalli,Mutharam_Manthani,Mutharam,18.504224,79.628167,,Primary Health Centre,100.0
TG-17-439,"Primary Health Centre, Anthergoan",Primary Health Centre,Peddapalli,Anthergaon,Goilwada,18.814614,79.411698,,Primary Health Centre,100.0
TG-17-443,"Primary Health Centre, Basanthanagar",Primary Health Centre,Peddapalli,Palakurthy,Kannala,18.711214,79.418911,,Primary Health Centre,100.0
TG-17-484,"Primary Health Centre, Begumpet",Primary Health Centre,Peddapalli,Ramagiri,Begumpet,18.604669,79.567418,,Primary Health Centre,100.0
TG-17-409,"Primary Health Centre, Eligedu",Primary Health Centre,Peddapalli,Eligaid,Eligaid,18.550591,79.253848,,Primary Health Centre,100.0
TG-17-506,"Primary Health Centre, Gaddalapalli",Primary Health Centre,Peddapalli,Manthani,Bitpalle (K),18.60457,79.692184,,Primary Health Centre,100.0
TG-17-408,"Primary Health Centre, Garrepalli",Primary Health Centre,Peddapalli,Sultanabad,Garrepalle,18.497889,79.249254,,Primary Health Centre,100.0
TG-17-407,"Primary Health Centre, Julapalli",Primary Health Centre,Peddapalli,Julapalli,Julapalli,18.629858,79.248049,,Primary Health Centre,100.0
TG-17-468,"Primary Health Centre, Kamanpur",Primary Health Centre,Peddapalli,Kamanpur,Kamanpur,18.65886,79.502974,,Primary Health Centre,100.0
TG-17-445,"Primary Health Centre, Kolanur",Primary Health Centre,Peddapalli,Odela,Kolanoor,18.504883,79.420479,,Primary Health Centre,100.0
TG-17-465,"Primary Health Centre, Kunaram",Primary Health Centre,Peddapalli,Srirampur,Kunaram,18.522767,79.490601,,Primary Health Centre,100.0
TG-17-401,"Primary Health Centre, Maidaram",Primary Health Centre,Peddapalli,Dharmaram,Myadaram,18.729819,79.214219,,Primary Health Centre,100.0
TG-17-454,"Primary Health Centre, Odela",Primary Health Centre,Peddapalli,Odela,Odela,18.460826,79.452998,,Primary Health Centre,100.0
TG-17-427,"Primary Health Centre, Putnoor",Primary Health Centre,Peddapalli,Palakurthy,Eesala,18.730819,79.35342,,Primary Health Centre,100.0
TG-17-441,"Primary Health Centre, Raghavapur",Primary Health Centre,Peddapalli,Peddapalli,Raghavapur,18.636091,79.414741,,Primary Health Centre,100.0
TG-17-434,"Primary Health Centre, Raginedu",Primary Health Centre,Peddapalli,Peddapalli,Ragineedu,18.682347,79.374796,,Primary Health Centre,100.0
TG-17-451,"Primary Health Centre, Ramagundam",Primary Health Centre,Peddapalli,Ramagundam,Ramagundam,18.784105,79.445952,,Primary Health Centre,100.0
TG-17-475,"Primary Health Centre, Srirampur",Primary Health Centre,Peddapalli,Srirampur,Srirampur,18.489162,79.519671,,Primary Health Centre,100.0
TG-18-373,SubCentre Chegyam,Sub Centre,Peddapalli,Palakurthy,Kukkalagudur,18.776316,79.305496,,Health Sub Centre,100.0
TG-8-28,Government General Hospital,Teaching Hospital,Peddapalli,Ramagundam,Malkapur,18.759426,79.502502,Director of Medical Education,Medical Colleges,100.0
TG-15-196,UPHC 5incline,Urban Primary Health Centre,Peddapalli,Ramagundam,Jangoan,18.739342,79.522374,,Urban Primary Health Centre,100.0
TG-15-192,UPHC Addaguntapally,Urban Primary Health Centre,Peddapalli,Ramagundam,Jangoan,18.746851,79.502802,,Urban Primary Health Centre,100.0
TG-15-191,UPHC Allur,Urban Primary Health Centre,Peddapalli,Ramagundam,Allur,18.685556,79.525147,,Urban Primary Health Centre,100.0
TG-15-193,UPHC Jangaon (Peddapalli),Urban Primary Health Centre,Peddapalli,Ramagundam,Jangoan,18.7729,79.526,,Urban Primary Health Centre,100.0
TG-15-194,UPHC Laxmipur,Urban Primary Health Centre,Peddapalli,Palakurthy,Elkalapalli,18.7136,79.4969,,Urban Primary Health Centre,100.0
TG-15-197,UPHC Peddapalli,Urban Primary Health Centre,Peddapalli,Peddapalli,Peddapalle(CT),18.604626,79.378792,,Urban Primary Health Centre,100.0
TG-15-195,UPHC Ramagundam,Urban Primary Health Centre,Peddapalli,Ramagundam,Medipalli,18.75955,79.481638,,Urban Primary Health Centre,100.0
TG-15-264,UPHC Ramagundam(UPHC),Urban Primary Health Centre,Peddapalli,Ramagundam,Medipalli,18.75955,79.481638,,Urban Primary Health Centre,100.0
TG-10-54,AH Vemulawada,Area Hospital,Rajanna Sircilla,Vemulawada,Vemulawada,18.464304,78.868718,TVVP,Area Hospital,100.0
TG-13-348,Lakshmi Ganapathi Complex BDK at Vemulawada,Basti Dawakhana,Rajanna Sircilla,Vemulawada,Vemulawada,18.465634,78.872411,,Basti Dawakhana,100.0
TG-13-347,Rajeevnagar Govt Building,Basti Dawakhana,Rajanna Sircilla,Sircilla,Mushtipalli,18.400712,78.7949,,Basti Dawakhana,100.0
TG-16-62,CHC Ellanthakunta,Community Health Centre,Rajanna Sircilla,Illanthakunta,Illanthakunta,18.304232,78.955823,TVVP,Community Health Centre,100.0
TG-16-61,CHC Gambhiraopet,Community Health Centre,Rajanna Sircilla,Gambhiraopet,Gambhiraopet,18.312188,78.571442,TVVP,Community Health Centre,100.0
TG-17-338,"Primary Health Centre, Boinpalli",Primary Health Centre,Rajanna Sircilla,Boinpalli,Boinpalli,18.51281,78.94089,,Primary Health Centre,100.0
TG-17-295,"Primary Health Centre, Chandurthy",Primary Health Centre,Rajanna Sircilla,Chendurthi,Chendurthi,18.569667,78.776841,,Primary Health Centre,100.0
TG-17-314,"Primary Health Centre, Cheerlavancha",Primary Health Centre,Rajanna Sircilla,Vemulawada,Thettakunta,18.430613,78.828807,,Primary Health Centre,100.0
TG-17-344,"Primary Health Centre, Ellanthakunta",Primary Health Centre,Rajanna Sircilla,Illanthakunta,Illanthakunta,18.304299,78.955903,,Primary Health Centre,100.0
TG-17-244,"Primary Health Centre, Gambiraopet",Primary Health Centre,Rajanna Sircilla,Gambhiraopet,Gambhiraopet,18.309049,78.569811,,Primary Health Centre,100.0
TG-17-291,"Primary Health Centre, Hanmajipet",Primary Health Centre,Rajanna Sircilla,Konaraopet,Mamidipalle,18.487699,78.763737,,Primary Health Centre,100.0
TG-17-341,"Primary Health Centre, Kodurupaka",Primary Health Centre,Rajanna Sircilla,Boinpalli,Kodurupaka,18.435219,78.943861,,Primary Health Centre,100.0
TG-17-270,"Primary Health Centre, Konaraopet",Primary Health Centre,Rajanna Sircilla,Konaraopet,Konaraopet,18.482012,78.693042,,Primary Health Centre,100.0
TG-17-252,"Primary Health Centre, Lingannapet",Primary Health Centre,Rajanna Sircilla,Gambhiraopet,Lingannapet,18.289003,78.602219,,Primary Health Centre,100.0
TG-17-311,"Primary Health Centre, Nerella",Primary Health Centre,Rajanna Sircilla,Thangallapalli,Nerella,18.299485,78.820036,,Primary Health Centre,100.0
TG-17-279,"Primary Health Centre, Pothugal",Primary Health Centre,Rajanna Sircilla,Mustabad,Mustabad,18.293711,78.712291,,Primary Health Centre,100.0
TG-17-310,"Primary Health Centre, Thangalapalli",Primary Health Centre,Rajanna Sircilla,Thangallapalli,Thangallapalli,18.371399,78.819804,,Primary Health Centre,100.0
TG-17-320,"Primary Health Centre, Vemulawada",Primary Health Centre,Rajanna Sircilla,Vemulawada,Vemulawada,18.470718,78.862758,,Primary Health Centre,100.0
TG-17-346,"Primary Health Centre, Vilasagar",Primary Health Centre,Rajanna Sircilla,Boinpalli,Vilasagar,18.473039,78.967181,,Primary Health Centre,100.0
TG-17-262,"Primary Health Centre, Yellareddypeta",Primary Health Centre,Rajanna Sircilla,Yellareddypet,Yellareddypet,18.372353,78.650012,,Primary Health Centre,100.0
TG-18-113,"SubCentre, Kotapally",Sub Centre,Rajanna Sircilla,Gambhiraopet,Kothapalle,18.259115,78.585894,,Health Sub Centre,100.0
TG-18-474,"SubCentre, Stambampally",Sub Centre,Rajanna Sircilla,Boinpalli,Sthambhampalle,18.496256,78.904777,,Health Sub Centre,100.0
TG-8-36,Government General Hospital,Teaching Hospital,Rajanna Sircilla,Sircilla,Sircilla,18.389678,78.808104,Director of Medical Education,Medical Colleges,100.0
TG-15-252,UHC PS NAGAR(UPHC),Urban Primary Health Centre,Rajanna Sircilla,Sircilla,Sircilla,18.391771,78.803904,,Urban Primary Health Centre,100.0
TG-15-198,UPHC Ambedkar Nagar,Urban Primary Health Centre,Rajanna Sircilla,Sircilla,Sircilla,18.388383,78.802136,,Urban Primary Health Centre,100.0
TG-15-199,UPHC Puchapalli Sundaraiah Nagar,Urban Primary Health Centre,Rajanna Sircilla,Sircilla,Sircilla,18.391771,78.803904,,Urban Primary Health Centre,100.0
TG-10-58,AH Chevella,Area Hospital,Ranga Reddy,Shabad,Obagunta,17.18488,78.08122,TVVP,Area Hospital,100.0
TG-10-59,AH Ibrahimpatnam,Area Hospital,Ranga Reddy,Maheswaram,Dubbacherla,17.11482,78.3852,TVVP,Area Hospital,100.0
TG-10-55,AH Kondapur,Area Hospital,Ranga Reddy,Moinabad,Yethbarpalle,17.27473,78.21098,TVVP,Area Hospital,100.0
TG-10-70,AH Parigi,Area Hospital,Ranga Reddy,Moinabad,Aziznagar,17.35368,78.34124,TVVP,Area Hospital,100.0
TG-10-57,AH Shadnagar,Area Hospital,Ranga Reddy,Farooqnagar,Chowlapalle(West),17.04373,78.12234,TVVP,Area Hospital,100.0
TG-10-36,AH Uppal,Area Hospital,Ranga Reddy,Shamshabad,Chowderguda,17.24075,78.3339,TVVP,Area Hospital,100.0
TG-10-56,AH Vanasthalipuram,Area Hospital,Ranga Reddy,Shamshabad,Madanpalle,17.19432,78.33501,TVVP,Area Hospital,100.0
TG-13-12,Achireddy Nagar CH BD,Basti Dawakhana,Ranga Reddy,Rajendranagar,Mailardevpally,17.334283,78.45704,,Basti Dawakhana,100.0
TG-13-350,Adhikari nagar community hall,Basti Dawakhana,Ranga Reddy,Saroornagar,Lingojiguda,17.3458,78.537,,Basti Dawakhana,100.0
TG-13-351,Ambedkarnagar Community Hall,Basti Dawakhana,Ranga Reddy,Saroornagar,Saroornagar,17.366159,78.537735,,Basti Dawakhana,100.0
TG-13-352,"Apco Colony, CH, Rajendranagar",Basti Dawakhana,Ranga Reddy,Serilingampalle,Gopanpalle,17.451861,78.309833,,Basti Dawakhana,100.0
TG-13-353,"Ayyapa Society, Chandranaik tanda Community Hall",Basti Dawakhana,Ranga Reddy,Serilingampalle,Khanammet,17.445613,78.39062,,Basti Dawakhana,100.0
TG-13-354,Bairamalguda,Basti Dawakhana,Ranga Reddy,Saroornagar,Lingojiguda,17.342917,78.541167,,Basti Dawakhana,100.0
TG-13-25,Balamma Danamma BD,Basti Dawakhana,Ranga Reddy,Saroornagar,Gaddiannaram,17.374619,78.514239,,Basti Dawakhana,100.0
TG-13-355,Balapur subcentre building (Badangpet - HUA),Basti Dawakhana,Ranga Reddy,Balapur,Roshan Dowla,17.308514,78.5053,,Basti Dawakhana,100.0
TG-13-356,Bhagath Singh Nagar Community Hall,Basti Dawakhana,Ranga Reddy,Saroornagar,Saroornagar,17.3545,78.537,,Basti Dawakhana,100.0
TG-13-357,"Bharathnagar, LB Nagar",Basti Dawakhana,Ranga Reddy,Saroornagar,Mansoorabad,17.357796,78.554955,,Basti Dawakhana,100.0
TG-13-358,Bhupesh Gupta Nagar Community Hall,Basti Dawakhana,Ranga Reddy,Balapur,Jillalguda,17.332747,78.536859,,Basti Dawakhana,100.0
TG-13-359,"Budvel GHMC community hall, Rajenderanagar",Basti Dawakhana,Ranga Reddy,Rajendranagar,Budwel,17.3343,78.4065,,Basti Dawakhana,100.0
TG-13-360,Burju area Govt Building meerpet,Basti Dawakhana,Ranga Reddy,Balapur,Meerpet,17.322675,78.530727,,Basti Dawakhana,100.0
TG-13-361,Chintal kunta,Basti Dawakhana,Ranga Reddy,Saroornagar,Mansoorabad,17.340551,78.56147,,Basti Dawakhana,100.0
TG-13-62,Gadikhana BD,Basti Dawakhana,Ranga Reddy,Saroornagar,Gaddiannaram,17.365868,78.522875,,Basti Dawakhana,100.0
TG-13-362,Gaghanpahad Rajendranagar,Basti Dawakhana,Ranga Reddy,Rajendranagar,Premavathipet,17.302806,78.420306,,Basti Dawakhana,100.0
TG-13-363,Gangaram Chandanagar BD,Basti Dawakhana,Ranga Reddy,Serilingampalle,Chanda Nagar,17.494417,78.32975,,Basti Dawakhana,100.0
TG-13-365,"Gopanpally,Serilingampally BD",Basti Dawakhana,Ranga Reddy,Serilingampalle,Gopanpalle,17.451861,78.309833,,Basti Dawakhana,100.0
TG-13-366,Gowlidoddi Serilingampally BD,Basti Dawakhana,Ranga Reddy,Serilingampalle,Gopanpalle,17.431472,78.323,,Basti Dawakhana,100.0
TG-13-367,Gunti Jangaiah Colony,Basti Dawakhana,Ranga Reddy,Saroornagar,Saroornagar,17.354357,78.541825,,Basti Dawakhana,100.0
TG-13-369,HMT colony community hal,Basti Dawakhana,Ranga Reddy,Serilingampalle,Miyapur,17.506858,78.356911,,Basti Dawakhana,100.0
TG-13-368,Hayathnagar Ward Office,Basti Dawakhana,Ranga Reddy,Hayathnagar,Hayathnagar_Khalsa,17.32498,78.603716,,Basti Dawakhana,100.0
TG-13-370,"Hydershakote, Gandamguda, (Bandlaguda Jagir - HUA)",Basti Dawakhana,Ranga Reddy,Gandipet,Hydershakote,17.363,78.3895,,Basti Dawakhana,100.0
TG-13-371,"Indira Nagar,Chandanagar BD",Basti Dawakhana,Ranga Reddy,Serilingampalle,Chanda Nagar,17.490636,78.320151,,Basti Dawakhana,100.0
TG-13-372,"Indiramma colony, khammaguda",Basti Dawakhana,Ranga Reddy,Abdullapurmet,Turkayamjal,17.287777,78.588523,,Basti Dawakhana,100.0
TG-13-373,Indirareddy colony (Shamshabad - HUA),Basti Dawakhana,Ranga Reddy,Shamshabad,Langerguda,17.26543,78.36971,,Basti Dawakhana,100.0
TG-13-374,Kameshwar rao nagar colony community hall,Basti Dawakhana,Ranga Reddy,Saroornagar,Saroornagar,17.354357,78.541825,,Basti Dawakhana,100.0
TG-13-375,Kapugadda (Shamshabad - HUA),Basti Dawakhana,Ranga Reddy,Shamshabad,Shamshabad,17.261754,78.397915,,Basti Dawakhana,100.0
TG-13-377,Koheda Sc Colony BDK,Basti Dawakhana,Ranga Reddy,Abdullapurmet,Koheda,17.282547,78.635861,,Basti Dawakhana,100.0
TG-13-378,Kongara BDK,Basti Dawakhana,Ranga Reddy,Ibrahimpatnam,Kongara Kalan,17.199585,78.547647,,Basti Dawakhana,100.0
TG-13-379,Kothaguda community hall at kondapur,Basti Dawakhana,Ranga Reddy,Serilingampalle,Khanammet,17.456209,78.382618,,Basti Dawakhana,100.0
TG-13-380,Kothapet ward office,Basti Dawakhana,Ranga Reddy,Balapur,Jalpally,17.2933,78.4534,,Basti Dawakhana,100.0
TG-13-381,Kuntloor,Basti Dawakhana,Ranga Reddy,Abdullapurmet,Kuntloor,17.339411,78.626217,,Basti Dawakhana,100.0
TG-13-382,"LIG - Chitrapuri Colony, Manikonda",Basti Dawakhana,Ranga Reddy,Serilingampalle,Raidurg Khalsa,17.414913,78.3824,,Basti Dawakhana,100.0
TG-13-93,Lothukunta CH BD,Basti Dawakhana,Ranga Reddy,Gandipet,Makthakousarali,17.381677,78.381875,,Basti Dawakhana,100.0
TG-13-383,Madhuranagar BD 4-12,Basti Dawakhana,Ranga Reddy,Serilingampalle,Raidurg Khalsa,17.422694,78.378861,,Basti Dawakhana,100.0
TG-13-384,Manikonda ward Office,Basti Dawakhana,Ranga Reddy,Gandipet,Manikonda_Khalsa,17.403733,78.377612,,Basti Dawakhana,100.0
TG-13-385,Manikyamma colony BD,Basti Dawakhana,Ranga Reddy,Rajendranagar,Premavathipet,17.317139,78.404806,,Basti Dawakhana,100.0
TG-13-386,"Mankal ward office , (Tukkuguda - HUA)",Basti Dawakhana,Ranga Reddy,Maheswaram,Mankhal,17.20143,78.470074,,Basti Dawakhana,100.0
TG-13-387,Markendyanagar,Basti Dawakhana,Ranga Reddy,Rajendranagar,Pallecheruvu,17.320426,78.437226,,Basti Dawakhana,100.0
TG-13-349,Munganoor,Basti Dawakhana,Ranga Reddy,Abdullapurmet,Munganoor,17.301246,78.607586,,Basti Dawakhana,100.0
TG-13-388,N.T.R.Nagar-II,Basti Dawakhana,Ranga Reddy,Saroornagar,Saroornagar,17.3566,78.5483,,Basti Dawakhana,100.0
TG-13-392,"NSR Nagar , (Turkayamjal - HUA)",Basti Dawakhana,Ranga Reddy,Rajendranagar,Attapur,17.36254,78.428382,,Basti Dawakhana,100.0
TG-13-389,Nandanavanam,Basti Dawakhana,Ranga Reddy,Hayathnagar,Sahebnagar_Khurd,17.328306,78.538139,,Basti Dawakhana,100.0
TG-13-390,Nandigadda Tanda BD,Basti Dawakhana,Ranga Reddy,Serilingampalle,Miyapur,17.503861,78.372083,,Basti Dawakhana,100.0
TG-13-391,Nehru nagar BD,Basti Dawakhana,Ranga Reddy,Serilingampalle,Serilingampalle (M),17.482298,78.325843,,Basti Dawakhana,100.0
TG-13-393,Old Serilingampally Village Community Hall BDK,Basti Dawakhana,Ranga Reddy,Serilingampalle,Serilingampalle (M),17.48639,78.317325,,Basti Dawakhana,100.0
TG-13-394,"P & T Colony, Community Hall,Bandlaguda,",Basti Dawakhana,Ranga Reddy,Gandipet,Bandlaguda Jagir,17.357479,78.404106,,Basti Dawakhana,100.0
TG-13-395,Pahadishareef Near pahadi bus stop,Basti Dawakhana,Ranga Reddy,Balapur,Mamidpally,17.268908,78.47299,,Basti Dawakhana,100.0
TG-13-396,Panduranganagar,Basti Dawakhana,Ranga Reddy,Rajendranagar,Attapur,17.360787,78.427649,,Basti Dawakhana,100.0
TG-13-397,Papireddy community hall,Basti Dawakhana,Ranga Reddy,Serilingampalle,Chanda Nagar,17.485558,78.333676,,Basti Dawakhana,100.0
TG-13-130,Pratap Nagar BD,Basti Dawakhana,Ranga Reddy,Serilingampalle,Darga Hussainshahwal,17.420237,78.401451,,Basti Dawakhana,100.0
TG-13-399,Prem nagar community hall,Basti Dawakhana,Ranga Reddy,Serilingampalle,Hafeezpet,17.47901,78.35725,,Basti Dawakhana,100.0
TG-13-400,Premavathipet,Basti Dawakhana,Ranga Reddy,Rajendranagar,Premavathipet,17.326696,78.416318,,Basti Dawakhana,100.0
TG-13-401,Ranga Nayakula Gutta BD,Basti Dawakhana,Ranga Reddy,Hayathnagar,Anmagal Hayathnagar,17.313513,78.614479,,Basti Dawakhana,100.0
TG-13-402,Rangalayakula colony badangpet (Badangpet - HUA),Basti Dawakhana,Ranga Reddy,Balapur,Mamidpally,17.2593,78.4712,,Basti Dawakhana,100.0
TG-13-135,Rasoolpura BD,Basti Dawakhana,Ranga Reddy,Gandipet,Pokalwada,17.404486,78.396776,,Basti Dawakhana,100.0
TG-13-405,"SC Community hall, SC Colony, (Adibatla - HUA)",Basti Dawakhana,Ranga Reddy,Ibrahimpatnam,Adibatla,17.2335,78.5426,,Basti Dawakhana,100.0
TG-13-403,Sagar Complex Community Hall,Basti Dawakhana,Ranga Reddy,Hayathnagar,Sahebnagar_Kalan,17.313111,78.561694,,Basti Dawakhana,100.0
TG-13-404,Saheb nagar Community Hall,Basti Dawakhana,Ranga Reddy,Hayathnagar,Sahebnagar_Kalan,17.32059,78.577052,,Basti Dawakhana,100.0
TG-13-146,Sallar E- Milath Ghaji banda BD,Basti Dawakhana,Ranga Reddy,Saroornagar,Gaddiannaram,17.377417,78.511215,,Basti Dawakhana,100.0
TG-13-406,Sheriguda,Basti Dawakhana,Ranga Reddy,Maheswaram,Pendyal,17.12508,78.37189,,Basti Dawakhana,100.0
TG-13-407,Society hall MIG Community Hall Bharathi Nagar,Basti Dawakhana,Ranga Reddy,Serilingampalle,Nalagandla,17.4825,78.3085,,Basti Dawakhana,100.0
TG-13-409,"Sulthan Alwa, Champapet",Basti Dawakhana,Ranga Reddy,Saroornagar,Champapet,17.3444,78.5183,,Basti Dawakhana,100.0
TG-13-411,Veeranagutta CH,Basti Dawakhana,Ranga Reddy,Balapur,Mamidpally,17.261745,78.45437,,Basti Dawakhana,100.0
TG-13-412,"Vemanna Colony,Chandanagar BD",Basti Dawakhana,Ranga Reddy,Hayathnagar,Bagh Hayathnagar,17.342292,78.606941,,Basti Dawakhana,100.0
TG-13-413,"Vivekananda nagar Gaddiannaram,Saroor Nagar",Basti Dawakhana,Ranga Reddy,Saroornagar,Gaddiannaram,17.362306,78.530972,,Basti Dawakhana,100.0
TG-13-414,Wadi-e-aam Shaheen Nagar (Private building) Jalpally - HUA,Basti Dawakhana,Ranga Reddy,Balapur,Kothapet,17.297052,78.478202,,Basti Dawakhana,100.0
TG-13-415,"Ward No -10, Tukkuguda near primary girls school , (Tukkuguda - HUA)",Basti Dawakhana,Ranga Reddy,Maheswaram,Mankhal,17.2106,78.4766,,Basti Dawakhana,100.0
TG-13-416,Ward office kokapet Narsingi - HUA,Basti Dawakhana,Ranga Reddy,Gandipet,Peeramcheruu,17.389017,78.349544,,Basti Dawakhana,100.0
TG-13-417,"Wardoffice kismathpur, Bandlaguda Jagir",Basti Dawakhana,Ranga Reddy,Gandipet,Kismathpur,17.334476,78.393594,,Basti Dawakhana,100.0
TG-13-418,"Youth Building,Gandhamguda",Basti Dawakhana,Ranga Reddy,Gandipet,Gandamguda,17.368338,78.387848,,Basti Dawakhana,100.0
TG-13-376,khanapur (Narsingi - HUA),Basti Dawakhana,Ranga Reddy,Gandipet,Khanapur,17.399954,78.301045,,Basti Dawakhana,100.0
TG-13-398,pasumamula govt Building,Basti Dawakhana,Ranga Reddy,Abdullapurmet,Pasumamla,17.3484,78.647,,Basti Dawakhana,100.0
TG-13-408,"sriram colony Anganwadi School , Jalpally - HUA",Basti Dawakhana,Ranga Reddy,Balapur,Jalpally,17.294736,78.44379,,Basti Dawakhana,100.0
TG-16-63,CHC Hayathnagar,Community Health Centre,Ranga Reddy,Shamshabad,Shankarapur,17.1944,78.36193,TVVP,Community Health Centre,100.0
TG-16-65,CHC Maheshwaram,Community Health Centre,Ranga Reddy,Farooqnagar,Dooskal,17.08149,78.25534,TVVP,Community Health Centre,100.0
TG-16-78,CHC Marpally,Community Health Centre,Ranga Reddy,Shamshabad,Palmakole,17.19428,78.31255,TVVP,Community Health Centre,100.0
TG-16-64,CHC Rajendernagar,Community Health Centre,Ranga Reddy,Shabad,Maddur,17.20095,78.24414,TVVP,Community Health Centre,100.0
TG-16-40,CHC Shameerpet,Community Health Centre,Ranga Reddy,Moinabad,Aziznagar,17.35368,78.34124,TVVP,Community Health Centre,100.0
TG-16-68,CHC Shamshabad,Community Health Centre,Ranga Reddy,Kothur,Mallapur,17.15468,78.23376,TVVP,Community Health Centre,100.0
TG-16-67,CHC Yacharam,Community Health Centre,Ranga Reddy,Kandukur,Murlinagar,17.0251,78.3949,TVVP,Community Health Centre,100.0
TG-17-263,PHC Eliminedu,Primary Health Centre,Ranga Reddy,Ibrahimpatnam,Ibrahimpatnam (Khalsa),17.182742,78.651005,,Primary Health Centre,100.0
TG-17-288,Primary Health Centre Arutla,Primary Health Centre,Ranga Reddy,Manchal,Arutla,17.138648,78.756653,,Primary Health Centre,100.0
TG-17-290,Primary Health Centre Dandumailaram,Primary Health Centre,Ranga Reddy,Ibrahimpatnam,Dandumailaram,17.229532,78.763262,,Primary Health Centre,100.0
TG-17-187,Primary Health Centre Dubbacherla,Primary Health Centre,Ranga Reddy,Maheswaram,Dubbacherla,17.106554,78.375296,,Primary Health Centre,100.0
TG-17-283,Primary Health Centre Manchal,Primary Health Centre,Ranga Reddy,Manchal,Manchal,17.160146,78.72477,,Primary Health Centre,100.0
TG-17-265,Primary Health Centre Yacharam,Primary Health Centre,Ranga Reddy,Yacharam,Yacharam,17.047559,78.663686,,Primary Health Centre,100.0
TG-17-112,"Primary Health Centre, Aloor",Primary Health Centre,Ranga Reddy,Chevella,Aloor I,17.322982,78.064135,,Primary Health Centre,100.0
TG-17-232,"Primary Health Centre, Amangal",Primary Health Centre,Ranga Reddy,Amangal,Amangal,16.854932,78.530255,,Primary Health Centre,100.0
TG-17-146,"Primary Health Centre, Burgula",Primary Health Centre,Ranga Reddy,Farooqnagar,Burgul,16.98119,78.208271,,Primary Health Centre,100.0
TG-17-131,"Primary Health Centre, Chandanvally",Primary Health Centre,Ranga Reddy,Shabad,Chandenvalle,17.230006,78.16947,,Primary Health Centre,100.0
TG-17-117,"Primary Health Centre, Chinchode",Primary Health Centre,Ranga Reddy,Farooqnagar,Chinchod,17.031012,78.11065,,Primary Health Centre,100.0
TG-17-204,"Primary Health Centre, Gattu Ippalpally",Primary Health Centre,Ranga Reddy,Talakondapally,Gattu Ippalapalle,16.799808,78.4424,,Primary Health Centre,100.0
TG-17-278,"Primary Health Centre, Irwin",Primary Health Centre,Ranga Reddy,Madgul,Irwin,16.786643,78.709547,,Primary Health Centre,100.0
TG-17-217,"Primary Health Centre, Kandukur",Primary Health Centre,Ranga Reddy,Kandukur,Kandukur,17.069534,78.47622,,Primary Health Centre,100.0
TG-17-175,"Primary Health Centre, Keshampet",Primary Health Centre,Ranga Reddy,Keshampeta,Keshampet,16.954352,78.347931,,Primary Health Centre,100.0
TG-17-108,"Primary Health Centre, Kondurg",Primary Health Centre,Ranga Reddy,Kondurg,Kondurg(West),17.093264,78.038455,,Primary Health Centre,100.0
TG-17-162,"Primary Health Centre, Kothur",Primary Health Centre,Ranga Reddy,Nandigama,Nandigama,17.133961,78.286462,,Primary Health Centre,100.0
TG-17-228,"Primary Health Centre, Lemoor",Primary Health Centre,Ranga Reddy,Kandukur,Lemoor,17.136592,78.520855,,Primary Health Centre,100.0
TG-17-271,"Primary Health Centre, Madgul",Primary Health Centre,Ranga Reddy,Madgul,Madgul,16.860639,78.693939,,Primary Health Centre,100.0
TG-17-229,"Primary Health Centre, Masigandi",Primary Health Centre,Ranga Reddy,Kadthal,Kadthal,16.954031,78.521089,,Primary Health Centre,100.0
TG-17-159,"Primary Health Centre, Moinabad",Primary Health Centre,Ranga Reddy,Moinabad,Surangal,17.327023,78.270595,,Primary Health Centre,100.0
TG-17-202,"Primary Health Centre, Myladeverpally",Primary Health Centre,Ranga Reddy,Rajendranagar,Mailardevpally,17.308524,78.440372,,Primary Health Centre,100.0
TG-17-236,"Primary Health Centre, Rachaloor",Primary Health Centre,Ranga Reddy,Kandukur,Rachloor,17.114718,78.539741,,Primary Health Centre,100.0
TG-17-123,"Primary Health Centre, Shankarpally",Primary Health Centre,Ranga Reddy,Shankarpalle,Shankarpalle,17.456575,78.129583,,Primary Health Centre,100.0
TG-17-196,"Primary Health Centre, Talakondapally",Primary Health Centre,Ranga Reddy,Talakondapally,Talakondapalle,16.888598,78.416036,,Primary Health Centre,100.0
TG-17-132,"Primary Health Centre, Tangutoor",Primary Health Centre,Ranga Reddy,Shankarpalle,Tangutoor,17.410135,78.174078,,Primary Health Centre,100.0
TG-17-126,"Primary Health Centre,Shabad",Primary Health Centre,Ranga Reddy,Shabad,Shabad,17.158817,78.133739,,Primary Health Centre,100.0
TG-17-171,primary Health Centre Narkuda,Primary Health Centre,Ranga Reddy,Shamshabad,Narkhuda,17.256639,78.332892,,Primary Health Centre,100.0
TG-17-172,primary Health centre Peddashapur,Primary Health Centre,Ranga Reddy,Shamshabad,Peddashapur,17.219557,78.336045,,Primary Health Centre,100.0
TG-18-784,SubCentre Kyathur,Sub Centre,Ranga Reddy,Kothur,Kothur,17.14735,78.2889,,Health Sub Centre,100.0
TG-18-897,"SubCentre, Pocharam",Sub Centre,Ranga Reddy,Ibrahimpatnam,Pocharam,17.1729,78.6058,,Health Sub Centre,100.0
TG-8-43,Government General Hospital,Teaching Hospital,Ranga Reddy,Hayathnagar,Sahebnagar_Kalan,17.328979,78.563914,Director of Medical Education,Medical Colleges,100.0
TG-15-286,Abdullapur(UPHC),Urban Primary Health Centre,Ranga Reddy,Abdullapurmet,Abdullapur,17.310094,78.686139,,Urban Primary Health Centre,100.0
TG-15-287,Balapur(UPHC),Urban Primary Health Centre,Ranga Reddy,Balapur,Meerpet,17.315928,78.524977,,Urban Primary Health Centre,100.0
TG-15-288,Narsingi(UPHC),Urban Primary Health Centre,Ranga Reddy,Gandipet,Narsingi,17.389488,78.35764,,Urban Primary Health Centre,100.0
TG-15-202,PHC Abdullapurmet,Urban Primary Health Centre,Ranga Reddy,Abdullapurmet,Abdullapur,17.310094,78.686139,,Urban Primary Health Centre,100.0
TG-15-201,PHC Balapur,Urban Primary Health Centre,Ranga Reddy,Balapur,Meerpet,17.315928,78.524977,,Urban Primary Health Centre,100.0
TG-15-214,PHC Narsingi,Urban Primary Health Centre,Ranga Reddy,Gandipet,Narsingi,17.389488,78.35764,,Urban Primary Health Centre,100.0
TG-15-200,PHC Saroornagar (24X7),Urban Primary Health Centre,Ranga Reddy,Saroornagar,Gaddiannaram,17.366848,78.53449,,Urban Primary Health Centre,100.0
TG-15-213,PHC Serilingampally (24X7),Urban Primary Health Centre,Ranga Reddy,Serilingampalle,Gachibowli,17.468371,78.329014,,Urban Primary Health Centre,100.0
TG-15-289,Saroornagar(UPHC),Urban Primary Health Centre,Ranga Reddy,Saroornagar,Gaddiannaram,17.366848,78.53449,,Urban Primary Health Centre,100.0
TG-15-292,Serilingampally(UPHC),Urban Primary Health Centre,Ranga Reddy,Serilingampalle,Serilingampalle (M),17.479689,78.320819,,Urban Primary Health Centre,100.0
TG-15-222,UPHC Badangpet,Urban Primary Health Centre,Ranga Reddy,Balapur,Dawoodkhanguda,17.295805,78.533924,,Urban Primary Health Centre,100.0
TG-15-219,UPHC BandlaGuda,Urban Primary Health Centre,Ranga Reddy,Gandipet,Bandlaguda Jagir,17.352753,78.377943,,Urban Primary Health Centre,100.0
TG-15-28,UPHC Bandlaguda,Urban Primary Health Centre,Ranga Reddy,Balapur,Balapur,17.297494,78.472886,,Urban Primary Health Centre,100.0
TG-15-209,UPHC Hafeezpet (24x7),Urban Primary Health Centre,Ranga Reddy,Serilingampalle,Hafeezpet,17.486728,78.356846,,Urban Primary Health Centre,100.0
TG-15-290,UPHC Hafeezpet(UPHC),Urban Primary Health Centre,Ranga Reddy,Serilingampalle,Hafeezpet,17.486728,78.356846,,Urban Primary Health Centre,100.0
TG-15-207,UPHC Hassannagar,Urban Primary Health Centre,Ranga Reddy,Rajendranagar,Bomrukundowla,17.337316,78.444332,,Urban Primary Health Centre,100.0
TG-15-224,UPHC Jalpally,Urban Primary Health Centre,Ranga Reddy,Balapur,Jalpally,17.288467,78.467388,,Urban Primary Health Centre,100.0
TG-15-148,UPHC Kothapet,Urban Primary Health Centre,Ranga Reddy,Saroornagar,Gaddiannaram,17.369827,78.536463,,Urban Primary Health Centre,100.0
TG-15-218,UPHC Krishna Nagar,Urban Primary Health Centre,Ranga Reddy,Saroornagar,Saroornagar,17.370974,78.551474,,Urban Primary Health Centre,100.0
TG-15-220,UPHC M.M.Pahadi,Urban Primary Health Centre,Ranga Reddy,Rajendranagar,Attapur,17.354719,78.431749,,Urban Primary Health Centre,100.0
TG-15-208,UPHC Mailardevpally,Urban Primary Health Centre,Ranga Reddy,Rajendranagar,Mailardevpally,17.315615,78.446597,,Urban Primary Health Centre,100.0
TG-15-205,UPHC Mansoorabad (24X7),Urban Primary Health Centre,Ranga Reddy,Saroornagar,Mansoorabad,17.346566,78.56784,,Urban Primary Health Centre,100.0
TG-15-291,UPHC Mansoorabad(UPHC),Urban Primary Health Centre,Ranga Reddy,Saroornagar,Mansoorabad,17.346566,78.56784,,Urban Primary Health Centre,100.0
TG-15-221,UPHC Meerpet,Urban Primary Health Centre,Ranga Reddy,Balapur,Jillalguda,17.329318,78.524297,,Urban Primary Health Centre,100.0
TG-15-212,UPHC Nandanavanam,Urban Primary Health Centre,Ranga Reddy,Hayathnagar,Sahebnagar_Khurd,17.325753,78.538489,,Urban Primary Health Centre,100.0
TG-15-211,UPHC Raidarga,Urban Primary Health Centre,Ranga Reddy,Serilingampalle,Raidurg Khalsa,17.422173,78.381823,,Urban Primary Health Centre,100.0
TG-15-203,UPHC Ranganayakulagutta,Urban Primary Health Centre,Ranga Reddy,Hayathnagar,Anmagal Hayathnagar,17.313466,78.614553,,Urban Primary Health Centre,100.0
TG-15-204,UPHC Saheb Nagar,Urban Primary Health Centre,Ranga Reddy,Hayathnagar,Sahebnagar_Kalan,17.315843,78.582985,,Urban Primary Health Centre,100.0
TG-15-223,UPHC Shadnagar,Urban Primary Health Centre,Ranga Reddy,Farooqnagar,Farooqnagar(U.A),17.067307,78.203703,,Urban Primary Health Centre,100.0
TG-15-206,UPHC Shivarampally,Urban Primary Health Centre,Ranga Reddy,Rajendranagar,Katedhan,17.328831,78.426825,,Urban Primary Health Centre,100.0
TG-15-51,UPHC Teegalkunta,Urban Primary Health Centre,Ranga Reddy,Rajendranagar,Mailardevpally,17.333018,78.457317,,Urban Primary Health Centre,100.0
TG-15-210,UPHC Upparpally,Urban Primary Health Centre,Ranga Reddy,Rajendranagar,Upperpally,17.361735,78.42113,,Urban Primary Health Centre,100.0
TG-15-217,"UPHC,Champapet",Urban Primary Health Centre,Ranga Reddy,Saroornagar,Gaddiannaram,17.345034,78.527123,,Urban Primary Health Centre,100.0
TG-15-216,"UPHC,Gunti jangaiah colony",Urban Primary Health Centre,Ranga Reddy,Saroornagar,Mansoorabad,17.343419,78.552954,,Urban Primary Health Centre,100.0
TG-10-62,AH A. Jogipet,Area Hospital,Sangareddy,Andole,Jogipet,17.836722,78.072611,TVVP,Area Hospital,100.0
TG-10-63,AH Narayankhed,Area Hospital,Sangareddy,Narayankhed,Narayankhed (CT),18.034556,77.773028,TVVP,Area Hospital,100.0
TG-10-60,AH Patancheruvu,Area Hospital,Sangareddy,Patancheruvu,Patancheruvu,17.530083,78.266306,TVVP,Area Hospital,100.0
TG-10-61,AH Zaheerabad,Area Hospital,Sangareddy,Zahirabad,Zahirabad_U,17.679972,77.613389,TVVP,Area Hospital,100.0
TG-13-427,AMEENPUR-LINGAMAIAH COLONY,Basti Dawakhana,Sangareddy,Ameenpur,Ameenpur,17.517814,78.311007,,Basti Dawakhana,100.0
TG-13-428,BANDAMKOMMU,Basti Dawakhana,Sangareddy,Ameenpur,Ameenpur,17.509551,78.31878,,Basti Dawakhana,100.0
TG-13-419,BANDLAGUDA BD,Basti Dawakhana,Sangareddy,Ramachandrapuram,Ramachandrapuram,17.4943,78.31651,,Basti Dawakhana,100.0
TG-13-423,"BOMBAY COLONY,RC PURAM",Basti Dawakhana,Sangareddy,Ramachandrapuram,Ramachandrapuram,17.507196,78.289306,,Basti Dawakhana,100.0
TG-13-429,Beeramguda Beda Budiga Jangam Ameenpur BD,Basti Dawakhana,Sangareddy,Ramachandrapuram,Bandalguda,17.516147,78.302787,,Basti Dawakhana,100.0
TG-13-420,CHAITANYA NAGAR,Basti Dawakhana,Sangareddy,Patancheruvu,Patancheruvu,17.53673,78.26378,,Basti Dawakhana,100.0
TG-13-432,CHC Old Building -Sadashivpet,Basti Dawakhana,Sangareddy,Sadasivpet,Sadasivpet,17.620567,77.951069,,Basti Dawakhana,100.0
TG-13-425,"Chintapally, Pancha CH, Sanga Reddy",Basti Dawakhana,Sangareddy,Sangareddy,Chintalpalle_part,17.628098,78.066346,,Basti Dawakhana,100.0
TG-13-436,Gadi - Zaheerabad,Basti Dawakhana,Sangareddy,Zahirabad,Zahirabad_U,17.68392,77.60365,,Basti Dawakhana,100.0
TG-13-426,"Indira Nagar Govt Building , Tellapur .",Basti Dawakhana,Sangareddy,Ramachandrapuram,Tellapur,17.475226,78.293493,,Basti Dawakhana,100.0
TG-13-421,KANUKUNTA,Basti Dawakhana,Sangareddy,Patancheruvu,Patancheruvu,17.51345,78.25809,,Basti Dawakhana,100.0
TG-13-424,LIG Colony BD (Bharathi Nagar),Basti Dawakhana,Sangareddy,Ramachandrapuram,Ramachandrapuram,17.50412,78.28844,,Basti Dawakhana,100.0
TG-13-434,Mangalpet –Narayankhed,Basti Dawakhana,Sangareddy,Narayankhed,Narayankhed (CT),18.039363,77.777394,,Basti Dawakhana,100.0
TG-13-435,Riksha Coloney-Sangareddy,Basti Dawakhana,Sangareddy,Sangareddy,Kalwakunta,17.619097,78.089569,,Basti Dawakhana,100.0
TG-13-430,"SC Colony Community Hall , Bollarum .",Basti Dawakhana,Sangareddy,Jinnaram,Bollaram,17.554676,78.352576,,Basti Dawakhana,100.0
TG-13-433,SC Ward-5 -Andole –Jogipet,Basti Dawakhana,Sangareddy,Andole,Andole,17.813149,78.074402,,Basti Dawakhana,100.0
TG-13-422,"SN COLONY, RC PURAM",Basti Dawakhana,Sangareddy,Ramachandrapuram,Ramachandrapuram,17.512961,78.286335,,Basti Dawakhana,100.0
TG-13-437,Vani Nagar-Ameenpur,Basti Dawakhana,Sangareddy,Ameenpur,Ameenpur,17.51887,78.34286,,Basti Dawakhana,100.0
TG-13-431,ZAHEERABAD--HAMALI COLONY,Basti Dawakhana,Sangareddy,Zahirabad,Zahirabad_U,17.665927,77.611833,,Basti Dawakhana,100.0
TG-16-69,CHC Kohir,Community Health Centre,Sangareddy,Kohir,Kohir,17.598833,77.708444,TVVP,Community Health Centre,100.0
TG-16-71,CHC Mirzapur,Community Health Centre,Sangareddy,Nyalkal,Khaleelpur[M],17.760361,77.587528,TVVP,Community Health Centre,100.0
TG-16-70,CHC Sadashivpet,Community Health Centre,Sangareddy,Sadasivpet,Sadasivpet,17.6025,77.959972,TVVP,Community Health Centre,100.0
TG-16-73,"CHC, Kalhar",Community Health Centre,Sangareddy,Kalher,Kalher,18.198583,77.8455,TVVP,Community Health Centre,100.0
TG-16-72,"CHC, Karasaguthi",Community Health Centre,Sangareddy,Nagalgidda,Karsgutti,18.070778,77.608556,TVVP,Community Health Centre,100.0
TG-17-39,Pimary Health Centre Sirgapur,Primary Health Centre,Sangareddy,Sirgapoor,Sirgapoor,18.132767,77.735607,,Primary Health Centre,100.0
TG-17-78,Primary Health Centre Athmakur,Primary Health Centre,Sangareddy,Sadasivpet,Atmakur,17.680515,77.936562,,Primary Health Centre,100.0
TG-17-133,Primary Health Centre Bhanoor,Primary Health Centre,Sangareddy,Patancheruvu,Bhanur,17.484901,78.174617,,Primary Health Centre,100.0
TG-17-151,Primary Health Centre Chintalcheru,Primary Health Centre,Sangareddy,Hathnoora,Chintalcheru,17.651086,78.235688,,Primary Health Centre,100.0
TG-17-143,Primary Health Centre Doulthabad-H,Primary Health Centre,Sangareddy,Hathnoora,Doultabad @ Kothapet,17.714,78.205338,,Primary Health Centre,100.0
TG-17-183,Primary Health Centre Gummadidala,Primary Health Centre,Sangareddy,Gummadidala,Gummadidala,17.675888,78.370179,,Primary Health Centre,100.0
TG-17-137,Primary Health Centre Hathnoora,Primary Health Centre,Sangareddy,Hathnoora,Devalpally,17.725309,78.186545,,Primary Health Centre,100.0
TG-17-32,Primary Health Centre Jarasangam,Primary Health Centre,Sangareddy,Jharasangam,Jharasangam,17.759714,77.708185,,Primary Health Centre,100.0
TG-17-170,Primary Health Centre Jinnaram,Primary Health Centre,Sangareddy,Jinnaram,Jinnaram,17.631707,78.330311,,Primary Health Centre,100.0
TG-17-116,Primary Health Centre Kandi,Primary Health Centre,Sangareddy,Kandi,Kandi,17.583428,78.108163,,Primary Health Centre,100.0
TG-17-197,Primary Health Centre Kanukunta,Primary Health Centre,Sangareddy,Gummadidala,Kankunta,17.696745,78.420508,,Primary Health Centre,100.0
TG-17-17,Primary Health Centre Karasgutti,Primary Health Centre,Sangareddy,Nagalgidda,Karsgutti,18.07104,77.608061,,Primary Health Centre,100.0
TG-17-106,Primary Health Centre Kondapur,Primary Health Centre,Sangareddy,Kondapur,Terpole,17.546824,78.034343,,Primary Health Centre,100.0
TG-17-38,Primary Health Centre Manoor,Primary Health Centre,Sangareddy,Manoor,Manoor,17.981024,77.734225,,Primary Health Centre,100.0
TG-17-14,Primary Health Centre Mirzapur,Primary Health Centre,Sangareddy,Nyalkal,Khaleelpur[M],17.75909,77.586797,,Primary Health Centre,100.0
TG-17-8,Primary Health Centre Mogudampally,Primary Health Centre,Sangareddy,Mogudampally,Mannapur,17.632371,77.529159,,Primary Health Centre,100.0
TG-17-60,Primary Health Centre Munipally,Primary Health Centre,Sangareddy,Munipally,Munipally,17.690265,77.86462,,Primary Health Centre,100.0
TG-17-26,Primary Health Centre Nyalkal,Primary Health Centre,Sangareddy,Nyalkal,Nyalkal,17.840418,77.667392,,Primary Health Centre,100.0
TG-17-94,Primary Health Centre Pulkal,Primary Health Centre,Sangareddy,Pulkal,Pulkal,17.738416,77.987482,,Primary Health Centre,100.0
TG-17-161,Primary Health Centre RC Puram,Primary Health Centre,Sangareddy,Ramachandrapuram,Ramachandrapuram,17.511271,78.284808,,Primary Health Centre,100.0
TG-17-42,Primary Health Centre Raikode,Primary Health Centre,Sangareddy,Raikode,Raikode,17.833303,77.749831,,Primary Health Centre,100.0
TG-17-90,Primary Health Centre Talelma,Primary Health Centre,Sangareddy,Andole,Talelma,17.843233,77.972259,,Primary Health Centre,100.0
TG-17-27,"Primary Health Centre, Bilalpur",Primary Health Centre,Sangareddy,Kohir,Bilalpur,17.559839,77.686359,,Primary Health Centre,100.0
TG-17-174,"Primary Health Centre, Bollaram",Primary Health Centre,Sangareddy,Jinnaram,Bollaram,17.559423,78.341565,,Primary Health Centre,100.0
TG-17-33,"Primary Health Centre, Digwal",Primary Health Centre,Sangareddy,Kohir,Digwal,17.663725,77.712154,,Primary Health Centre,100.0
TG-17-20,"Primary Health Centre, Kangti",Primary Health Centre,Sangareddy,Kangti,Turkwadgaon,18.205506,77.616917,,Primary Health Centre,100.0
TG-17-18,"Primary Health Centre, Malchelma",Primary Health Centre,Sangareddy,Zahirabad,Malchelma,17.58425,77.60848,,Primary Health Centre,100.0
TG-17-63,"Primary Health Centre, Nizampet",Primary Health Centre,Sangareddy,Nizampet,Nizampet,18.094851,77.872993,,Primary Health Centre,100.0
TG-17-157,"Primary Health Centre, RHC Patancheru",Primary Health Centre,Sangareddy,Patancheruvu,Patancheruvu,17.530356,78.266721,,Primary Health Centre,100.0
TG-17-44,"Primary Health Centre, Thurkapally",Primary Health Centre,Sangareddy,Narayankhed,Gangapur,18.07832,77.766626,,Primary Health Centre,100.0
TG-8-23,Government General Hospital,Teaching Hospital,Sangareddy,Sangareddy,Sangareddy (M ),17.626945,78.081989,Director of Medical Education,Medical Colleges,100.0
TG-15-228,UPHC Marks Nagar,Urban Primary Health Centre,Sangareddy,Patancheruvu,Patancheruvu,17.524778,78.281428,,Urban Primary Health Centre,100.0
TG-15-227,UPHC Patancheru,Urban Primary Health Centre,Sangareddy,Patancheruvu,Patancheruvu,17.530933,78.270451,,Urban Primary Health Centre,100.0
TG-15-225,UPHC Zaheerabad,Urban Primary Health Centre,Sangareddy,Zahirabad,Pasthapur,17.681675,77.630776,,Urban Primary Health Centre,100.0
TG-15-226,Uphc Indiranagar Colony,Urban Primary Health Centre,Sangareddy,Sangareddy,Sangareddy (M ),17.607321,78.073616,,Urban Primary Health Centre,100.0
TG-10-65,AH Dubbak,Area Hospital,Siddipet,Dubbak,Chervapur,18.15859,78.66637,TVVP,Area Hospital,100.0
TG-10-64,AH Gajwel,Area Hospital,Siddipet,Gajwel,Gajwel,17.842961,78.684372,TVVP,Area Hospital,100.0
TG-10-66,AH Husnabad,Area Hospital,Siddipet,Husnabad,Husnabad,18.137222,79.209306,TVVP,Area Hospital,100.0
TG-13-443,2 BHK KCR Nagar Siddipet,Basti Dawakhana,Siddipet,Siddipet_Urban,Narsapur,18.11145,78.878419,,Basti Dawakhana,100.0
TG-13-442,2BHK Colony Dubbaka,Basti Dawakhana,Siddipet,Dubbak,Dubbak,18.176889,78.674443,,Basti Dawakhana,100.0
TG-13-441,"Indiramma Colony, Siddipet",Basti Dawakhana,Siddipet,Siddipet_Urban,Siddipet (M + OG),18.119681,78.857744,,Basti Dawakhana,100.0
TG-13-440,"Kallakunta Colony,Veg market, Siddipet",Basti Dawakhana,Siddipet,Siddipet_Urban,Siddipet (M + OG),18.115058,78.820973,,Basti Dawakhana,100.0
TG-13-444,"Old AD Agriculture office,Arepally Husnabad",Basti Dawakhana,Siddipet,Husnabad,Husnabad,18.13172,79.209766,,Basti Dawakhana,100.0
TG-13-439,Old BC Girls Hostel Gajwel,Basti Dawakhana,Siddipet,Gajwel,Gajwel,17.85611,78.682418,,Basti Dawakhana,100.0
TG-13-445,R&R Colony Gajwel BDK,Basti Dawakhana,Siddipet,Gajwel,Sangapur,17.816512,78.668997,,Basti Dawakhana,100.0
TG-13-438,RDO Office R&B Building BDK,Basti Dawakhana,Siddipet,Siddipet_Urban,Siddipet (M + OG),18.103807,78.848585,,Basti Dawakhana,100.0
TG-16-74,CHC Cheriyal,Community Health Centre,Siddipet,Cherial,Cherial,17.9232,78.9719,TVVP,Community Health Centre,100.0
TG-16-75,CHC Nangunoor,Community Health Centre,Siddipet,Nangnoor,Nanganoor,18.061454,79.035375,TVVP,Community Health Centre,100.0
TG-17-399,"Primary Health Center, Akkannapet",Primary Health Centre,Siddipet,Akkannapet,Akkannapeta,18.019026,79.199113,,Primary Health Centre,100.0
TG-17-287,"Primary Health Center, Chintamadaka",Primary Health Centre,Siddipet,Siddipet_Rural,Ankampet,18.191749,78.752757,,Primary Health Centre,100.0
TG-17-306,"Primary Health Center, Jagdevpur",Primary Health Centre,Siddipet,Jagdevpur,Peerlapally,17.748887,78.814372,,Primary Health Centre,100.0
TG-17-296,"Primary Health Center, Markook",Primary Health Centre,Siddipet,Jagdevpur,Alirajapet,17.790409,78.779796,,Primary Health Centre,100.0
TG-17-348,"Primary Health Center, Mustyala",Primary Health Centre,Siddipet,Cherial,Cherial,17.904804,78.988032,,Primary Health Centre,100.0
TG-17-275,"Primary Health Center, Sirigiripally",Primary Health Centre,Siddipet,Gajwel,Pragnapur,17.819241,78.699964,,Primary Health Centre,100.0
TG-17-330,Primary Health Centre Chinnakodur,Primary Health Centre,Siddipet,Chinnakodur,Chinnakodur,18.161906,78.898234,,Primary Health Centre,100.0
TG-17-335,Primary Health Centre Ibrahim Nagar,Primary Health Centre,Siddipet,Chinnakodur,Ibrahim Nagar,18.142825,78.934658,,Primary Health Centre,100.0
TG-17-329,Primary Health Centre Komuravelly,Primary Health Centre,Siddipet,Komuravelli,Komuravelle,17.939607,78.894344,,Primary Health Centre,100.0
TG-17-319,Primary Health Centre Kondapak,Primary Health Centre,Siddipet,Kondapak,Kondapak,17.97726,78.858535,,Primary Health Centre,100.0
TG-17-302,Primary Health Centre Kukunoorpally,Primary Health Centre,Siddipet,Kukunoorpally,Kuknurpalle,17.886572,78.795509,,Primary Health Centre,100.0
TG-17-298,Primary Health Centre Narayanraopet,Primary Health Centre,Siddipet,Narayanraopet,Narayanraopet,18.209921,78.784309,,Primary Health Centre,100.0
TG-17-301,Primary Health Centre Pullur,Primary Health Centre,Siddipet,Siddipet_Rural,Pullur,18.158816,78.795254,,Primary Health Centre,100.0
TG-17-282,Primary Health Centre Thogutta,Primary Health Centre,Siddipet,Thoguta,Thoguta,18.009497,78.722478,,Primary Health Centre,100.0
TG-17-281,"Primary Health Centre, Ahmadipur",Primary Health Centre,Siddipet,Gajwel,Ahmadipur,17.921199,78.721581,,Primary Health Centre,100.0
TG-17-355,"Primary Health Centre, Bejjanki",Primary Health Centre,Siddipet,Bejjanki,Bejjanki,18.247424,79.022176,,Primary Health Centre,100.0
TG-17-316,"Primary Health Centre, Bhiknoor",Primary Health Centre,Siddipet,Siddipet_Urban,Siddipet (M + OG),18.099963,78.84055,,Primary Health Centre,100.0
TG-17-250,"Primary Health Centre, Bhoompally",Primary Health Centre,Siddipet,Akbarpet-bhoompally,Bhoompalle,18.119219,78.595004,,Primary Health Centre,100.0
TG-17-246,"Primary Health Centre, Doulthabad-G",Primary Health Centre,Siddipet,Doultabad,Doultabad,17.991528,78.571231,,Primary Health Centre,100.0
TG-17-379,"Primary Health Centre, Gatlamalyala",Primary Health Centre,Siddipet,Nangnoor,Gatlamallial,18.067897,79.113043,,Primary Health Centre,100.0
TG-17-240,"Primary Health Centre, Indupiriyal",Primary Health Centre,Siddipet,Doultabad,Indupiriyal,17.916067,78.559875,,Primary Health Centre,100.0
TG-17-372,"Primary Health Centre, Koheda",Primary Health Centre,Siddipet,Koheda,Koheda,18.17418,79.089252,,Primary Health Centre,100.0
TG-17-369,"Primary Health Centre, Ladnoor",Primary Health Centre,Siddipet,Maddur,Ladunoor,17.888382,79.078451,,Primary Health Centre,100.0
TG-17-362,"Primary Health Centre, Maddur",Primary Health Centre,Siddipet,Maddur,Maddur,17.915752,79.058679,,Primary Health Centre,100.0
TG-17-267,"Primary Health Centre, Mirdoddi",Primary Health Centre,Siddipet,Mirdoddi,Mirdoddi,18.085786,78.678909,,Primary Health Centre,100.0
TG-17-410,"Primary Health Centre, Mirzapur",Primary Health Centre,Siddipet,Husnabad,Mirzapur,18.103964,79.254927,,Primary Health Centre,100.0
TG-17-258,"Primary Health Centre, Mulug",Primary Health Centre,Siddipet,Mulug,Mulug,17.746971,78.630603,,Primary Health Centre,100.0
TG-17-339,"Primary Health Centre, Rajagopalpet",Primary Health Centre,Siddipet,Nangnoor,Mundrai,18.084774,78.941729,,Primary Health Centre,100.0
TG-17-383,"Primary Health Centre, Ramavaram",Primary Health Centre,Siddipet,Akkannapet,Ramavaram,18.013084,79.131282,,Primary Health Centre,100.0
TG-17-260,"Primary Health Centre, Rammakkapet",Primary Health Centre,Siddipet,Dubbak,Ramakkapet,18.180341,78.639066,,Primary Health Centre,100.0
TG-17-257,"Primary Health Centre, Rayapole",Primary Health Centre,Siddipet,Raipole,Raipole,17.938963,78.629826,,Primary Health Centre,100.0
TG-17-239,"Primary Health Centre, Singannaguda",Primary Health Centre,Siddipet,Mulug,Singannaguda,17.722874,78.546866,,Primary Health Centre,100.0
TG-17-292,"Primary Health Centre, Teegul",Primary Health Centre,Siddipet,Jagdevpur,Teegul,17.815769,78.765862,,Primary Health Centre,100.0
TG-17-280,"Primary Health Centre, Thimmapur",Primary Health Centre,Siddipet,Dubbak,Thimmapur,18.113849,78.72095,,Primary Health Centre,100.0
TG-17-368,"Primary Health Centre, Thotapalli",Primary Health Centre,Siddipet,Bejjanki,Thotapally,18.273855,79.075241,,Primary Health Centre,100.0
TG-17-255,"Primary Health Centre, Wargal",Primary Health Centre,Siddipet,Wargal,Wargal,17.77355,78.614807,,Primary Health Centre,100.0
TG-18-590,SubCentre Katkoor,Sub Centre,Siddipet,Akkannapet,Katkur,18.039263,79.237362,,Health Sub Centre,100.0
TG-18-593,SubCentre Padmati Keshwapur,Sub Centre,Siddipet,Akkannapet,Kesavapur,18.079448,79.252763,,Health Sub Centre,100.0
TG-18-441,SubCentre Potharam,Sub Centre,Siddipet,Bejjanki,Potharam,18.225624,79.01718,,Health Sub Centre,100.0
TG-8-20,Government General Hospital,Teaching Hospital,Siddipet,Siddipet_Urban,Siddipet (M + OG),18.098481,78.841964,Director of Medical Education,Medical Colleges,100.0
TG-15-253,HUSNABAD(UPHC),Urban Primary Health Centre,Siddipet,Husnabad,Husnabad,18.13172,79.209766,,Urban Primary Health Centre,100.0
TG-15-266,Indiramma Colony Seri Culture Building Siddipet,Urban Primary Health Centre,Siddipet,Siddipet_Urban,Siddipet (M + OG),18.119681,78.857744,,Urban Primary Health Centre,100.0
TG-15-230,UPHC Ambedkarnagar,Urban Primary Health Centre,Siddipet,Siddipet_Urban,Siddipet (M + OG),18.1019,78.85208,,Urban Primary Health Centre,100.0
TG-15-229,UPHC Nasarpura,Urban Primary Health Centre,Siddipet,Siddipet_Urban,Siddipet (M + OG),18.11046,78.84605,,Urban Primary Health Centre,100.0
TG-10-67,AH Huzurnagar,Area Hospital,Suryapet,Huzur nagar,Huzur nagar,16.894511,79.871286,TVVP,Area Hospital,100.0
TG-10-68,AH Kodad,Area Hospital,Suryapet,Kodad,Kodad,16.996742,79.970631,TVVP,Area Hospital,100.0
TG-10-69,AH Thungathurthy,Area Hospital,Suryapet,Thungathurthy,Thungathurthy,17.413127,79.589506,TVVP,Area Hospital,100.0
TG-13-447,Komarabanda GP Office BDK Kodada,Basti Dawakhana,Suryapet,Kodad,Komarabanda,17.016706,79.941597,,Basti Dawakhana,100.0
TG-13-446,Kudakuda GP Office Govt Building,Basti Dawakhana,Suryapet,Chivvemla,Kudakuda,17.168383,79.627577,,Basti Dawakhana,100.0
TG-13-449,Madavarayanigudem primary school Building,Basti Dawakhana,Suryapet,Huzur nagar,Huzur nagar,16.921551,79.88522,,Basti Dawakhana,100.0
TG-13-450,Magdumnagar Single room BDK Kodada,Basti Dawakhana,Suryapet,Huzur nagar,Huzur nagar,16.85328,79.870033,,Basti Dawakhana,100.0
TG-13-448,Ramapuram GP Office Neredcherla BDK,Basti Dawakhana,Suryapet,Nereducherla,Nereducherla,16.891811,79.683624,,Basti Dawakhana,100.0
TG-16-76,CHC Nadigudem,Community Health Centre,Suryapet,Nadigudem,Ramapuram,17.079781,79.865677,TVVP,Community Health Centre,100.0
TG-17-559,"Primary Health Centre, Anathagiri",Primary Health Centre,Suryapet,Ananthagiri,Anantha giri,17.050267,79.983465,,Primary Health Centre,100.0
TG-17-472,"Primary Health Centre, Arvapally",Primary Health Centre,Suryapet,Jajireddigudem,JajiReddiGudem,17.34202,79.510162,,Primary Health Centre,100.0
TG-17-510,"Primary Health Centre, Atmakur(S)",Primary Health Centre,Suryapet,Atmakur_S,Atmakur,17.231839,79.702102,,Primary Health Centre,100.0
TG-17-550,"Primary Health Centre, Chilukur",Primary Health Centre,Suryapet,Chilkur,Chilkur,16.960678,79.912057,,Primary Health Centre,100.0
TG-17-504,"Primary Health Centre, Chivemla",Primary Health Centre,Suryapet,Chivvemla,Chivvemla,17.153535,79.682636,,Primary Health Centre,100.0
TG-17-517,"Primary Health Centre, Garidepally",Primary Health Centre,Suryapet,Garidepalli,Garidepalli,16.886571,79.743285,,Primary Health Centre,100.0
TG-17-519,"Primary Health Centre, Kalmalcheruvu",Primary Health Centre,Suryapet,Garidepalli,Kalmalachervu,16.824633,79.750864,,Primary Health Centre,100.0
TG-17-560,"Primary Health Centre, Kapugal",Primary Health Centre,Suryapet,Kodad,Kapugallu,16.936007,79.98763,,Primary Health Centre,100.0
TG-17-489,"Primary Health Centre, Kasarabad",Primary Health Centre,Suryapet,Suryapet,Kasarabad,17.091652,79.602221,,Primary Health Centre,100.0
TG-17-533,"Primary Health Centre, Lingagiri",Primary Health Centre,Suryapet,Huzur nagar,Lingagiri,16.879779,79.823896,,Primary Health Centre,100.0
TG-17-540,"Primary Health Centre, Mattampally",Primary Health Centre,Suryapet,Mattampalli,Mattam palli,16.78701,79.866878,,Primary Health Centre,100.0
TG-17-553,"Primary Health Centre, Meelacheruvu",Primary Health Centre,Suryapet,Mellachervu,Mella Chervu,16.816454,79.933179,,Primary Health Centre,100.0
TG-17-527,"Primary Health Centre, Mothey",Primary Health Centre,Suryapet,Mothey,Mothey,17.161847,79.792024,,Primary Health Centre,100.0
TG-17-535,"Primary Health Centre, Munagala",Primary Health Centre,Suryapet,Munagala,Munagala,17.051331,79.835452,,Primary Health Centre,100.0
TG-17-463,"Primary Health Centre, Nagaram",Primary Health Centre,Suryapet,Nagaram,Nagaram,17.397079,79.485473,,Primary Health Centre,100.0
TG-17-509,"Primary Health Centre, Nereducherla",Primary Health Centre,Suryapet,Nereducherla,Nereducherla,16.882355,79.697713,,Primary Health Centre,100.0
TG-17-507,"Primary Health Centre, Nuthankal",Primary Health Centre,Suryapet,Noothankal,Nuthankal,17.326761,79.695833,,Primary Health Centre,100.0
TG-17-502,"Primary Health Centre, Penchikaldinna",Primary Health Centre,Suryapet,Nereducherla,Penchikaldinne,16.922285,79.661586,,Primary Health Centre,100.0
TG-17-505,"Primary Health Centre, Penpahad",Primary Health Centre,Suryapet,Penpahad,Penpahad,17.024599,79.685696,,Primary Health Centre,100.0
TG-17-530,"Primary Health Centre, Repala",Primary Health Centre,Suryapet,Munagala,Repala,17.112163,79.804984,,Primary Health Centre,100.0
TG-17-448,"Primary Health Centre, Thirumalagiri",Primary Health Centre,Suryapet,Tirumalagiri,Tirumalagiri,17.479512,79.434484,,Primary Health Centre,100.0
TG-17-487,"Primary Health Centre, Thungathurthy",Primary Health Centre,Suryapet,Thungathurthy,Thungathurthy,17.413869,79.588895,,Primary Health Centre,100.0
TG-17-556,"Primary Health Centre, Tripuraram(N)",Primary Health Centre,Suryapet,Ananthagiri,Tripuravaram,17.090749,79.940025,,Primary Health Centre,100.0
TG-18-700,SubCentre Velishala,Sub Centre,Suryapet,Tirumalagiri,Velichala,17.476018,79.520297,,Health Sub Centre,100.0
TG-18-156,"SubCentre, Bhagathsinghnagar",Sub Centre,Suryapet,Suryapet,Bechirag Madharam,17.142595,79.634378,,Health Sub Centre,100.0
TG-8-21,Government General Hospital,Teaching Hospital,Suryapet,Suryapet,Suryapet,17.140185,79.606374,Director of Medical Education,Medical Colleges,100.0
TG-15-231,UPHC 1 Rajeev Nagar,Urban Primary Health Centre,Suryapet,Suryapet,Suryapet,17.133035,79.617655,,Urban Primary Health Centre,100.0
TG-15-233,UPHC Ambedkar Nagar,Urban Primary Health Centre,Suryapet,Suryapet,Bechirag Madharam,17.138588,79.642847,,Urban Primary Health Centre,100.0
TG-15-232,UPHC Balaji Nagar Kodad,Urban Primary Health Centre,Suryapet,Kodad,Kodad,16.992301,79.9568,,Urban Primary Health Centre,100.0
TG-15-234,UPHC Girinagar,Urban Primary Health Centre,Suryapet,Suryapet,Suryapet,17.126124,79.635339,,Urban Primary Health Centre,100.0
TG-7-1,Unnamed facility,Central Medical Stores,Unknown,,,18.049798,78.272877,,Central Medical Stores,66.7
TG-7-2,Unnamed facility,Central Medical Stores,Unknown,,,16.747721,77.990972,,Central Medical Stores,66.7
TG-7-3,Unnamed facility,Central Medical Stores,Unknown,,,17.515091,80.637404,,Central Medical Stores,66.7
TG-7-4,Unnamed facility,Central Medical Stores,Unknown,,,17.055995,79.279448,,Central Medical Stores,66.7
TG-7-5,Unnamed facility,Central Medical Stores,Unknown,,,17.626081,78.079006,,Central Medical Stores,66.7
TG-7-6,Unnamed facility,Central Medical Stores,Unknown,,,18.09548,78.823028,,Central Medical Stores,66.7
TG-7-7,Unnamed facility,Central Medical Stores,Unknown,,,18.519779,79.322516,,Central Medical Stores,66.7
TG-7-8,Unnamed facility,Central Medical Stores,Unknown,,,17.580282,79.984978,,Central Medical Stores,66.7
TG-7-9,Unnamed facility,Central Medical Stores,Unknown,,,16.520837,78.242419,,Central Medical Stores,66.7
TG-7-10,Unnamed facility,Central Medical Stores,Unknown,,,18.457667,78.866568,,Central Medical Stores,66.7
TG-7-11,Unnamed facility,Central Medical Stores,Unknown,,,16.33885,78.040563,,Central Medical Stores,66.7
TG-7-12,Unnamed facility,Central Medical Stores,Unknown,,,17.725191,79.15039,,Central Medical Stores,66.7
TG-7-13,Unnamed facility,Central Medical Stores,Unknown,,,18.022434,79.548391,,Central Medical Stores,66.7
TG-7-14,Unnamed facility,Central Medical Stores,Unknown,,,17.512263,78.883768,,Central Medical Stores,66.7
TG-7-15,Unnamed facility,Central Medical Stores,Unknown,,,19.087189,78.36205,,Central Medical Stores,66.7
TG-7-16,Unnamed facility,Central Medical Stores,Unknown,,,17.399015,78.44364,,Central Medical Stores,66.7
TG-7-17,Unnamed facility,Central Medical Stores,Unknown,,,18.782342,78.911352,,Central Medical Stores,66.7
TG-7-18,Unnamed facility,Central Medical Stores,Unknown,,,16.217251,77.783709,,Central Medical Stores,66.7
TG-7-19,Unnamed facility,Central Medical Stores,Unknown,,,18.700068,78.11844,,Central Medical Stores,66.7
TG-7-20,Unnamed facility,Central Medical Stores,Unknown,,,16.708189,77.558036,,Central Medical Stores,66.7
TG-7-21,Unnamed facility,Central Medical Stores,Unknown,,,18.430157,79.128885,,Central Medical Stores,66.7
TG-7-22,Unnamed facility,Central Medical Stores,Unknown,,,17.522,78.659413,,Central Medical Stores,66.7
TG-7-23,Unnamed facility,Central Medical Stores,Unknown,,,17.140212,79.60676,,Central Medical Stores,66.7
TG-7-24,Unnamed facility,Central Medical Stores,Unknown,,,19.361707,79.272783,,Central Medical Stores,66.7
TG-7-25,Unnamed facility,Central Medical Stores,Unknown,,,17.329063,78.427735,,Central Medical Stores,66.7
TG-7-26,Unnamed facility,Central Medical Stores,Unknown,,,18.189667,79.921755,,Central Medical Stores,66.7
TG-7-27,Unnamed facility,Central Medical Stores,Unknown,,,18.413935,79.851704,,Central Medical Stores,66.7
TG-7-28,Unnamed facility,Central Medical Stores,Unknown,,,18.855242,79.439235,,Central Medical Stores,66.7
TG-7-29,Unnamed facility,Central Medical Stores,Unknown,,,19.662608,78.528211,,Central Medical Stores,66.7
TG-7-30,Unnamed facility,Central Medical Stores,Unknown,,,17.95284,79.594197,,Central Medical Stores,66.7
TG-7-31,Unnamed facility,Central Medical Stores,Unknown,,,17.331042,77.88817,,Central Medical Stores,66.7
TG-7-32,Unnamed facility,Central Medical Stores,Unknown,,,18.329503,78.319896,,Central Medical Stores,66.7
TG-7-33,Unnamed facility,Central Medical Stores,Unknown,,,17.251634,80.151468,,Central Medical Stores,66.7
TG-13-451,Kodangal BDK,Basti Dawakhana,Vikarabad,Kodangal,Kodangal,17.102561,77.633727,,Basti Dawakhana,100.0
TG-13-452,Maqbul Chityampally CH,Basti Dawakhana,Vikarabad,Vikarabad,Madgul Chittempalle,17.268588,77.887996,,Basti Dawakhana,100.0
TG-13-453,Muncipal Building Community Hall ( Tandur ),Basti Dawakhana,Vikarabad,Tandur,Tandur_M,17.249469,77.576063,,Basti Dawakhana,100.0
TG-13-454,Parigi BDK,Basti Dawakhana,Vikarabad,Pargi,Pargi,17.158797,77.873011,,Basti Dawakhana,100.0
TG-16-79,CHC Basheerabad,Community Health Centre,Vikarabad,Basheerabad,Navandgi (CT) WARD NO.-0001,17.217963,77.424851,TVVP,Community Health Centre,100.0
TG-16-77,CHC Kodangal,Community Health Centre,Vikarabad,Kodangal,Kodangal,17.109757,77.623877,TVVP,Community Health Centre,100.0
TG-9-2,DH Tandur,District Hospital,Vikarabad,Tandur,Tandur_M,17.255058,77.585966,TVVP,District Hospital,100.0
TG-17-89,Primari Health Centre Chityal,Primary Health Centre,Vikarabad,Pargi,Chityal,17.124489,77.968264,,Primary Health Centre,100.0
TG-17-67,"Primary Health Center, Ramaiahguda",Primary Health Centre,Vikarabad,Vikarabad,Alampally,17.338903,77.885496,,Primary Health Centre,100.0
TG-17-11,Primary Health Centre Gingurthy,Primary Health Centre,Vikarabad,Tandur,Gingurthy,17.348572,77.546231,,Primary Health Centre,100.0
TG-17-22,Primary Health Centre Peddamul,Primary Health Centre,Vikarabad,Peddemul,Peddemul,17.336252,77.65878,,Primary Health Centre,100.0
TG-17-9,"Primary Health Centre, Angadi Raichur",Primary Health Centre,Vikarabad,Kodangal,Angadi Raichur,17.086348,77.536438,,Primary Health Centre,100.0
TG-17-31,"Primary Health Centre, Bantaram",Primary Health Centre,Vikarabad,Bantwaram,Bantwaram,17.446316,77.708073,,Primary Health Centre,100.0
TG-17-1,"Primary Health Centre, Basheerabad",Primary Health Centre,Vikarabad,Basheerabad,Navandgi (CT) WARD NO.-0001,17.217824,77.425911,,Primary Health Centre,100.0
TG-17-41,"Primary Health Centre, Bomraspet",Primary Health Centre,Vikarabad,Bommaraspeta,Bomraspeta,17.162923,77.738949,,Primary Health Centre,100.0
TG-17-102,"Primary Health Centre, Chengomul",Primary Health Centre,Vikarabad,Pudur,Changomul,17.252365,78.022214,,Primary Health Centre,100.0
TG-17-46,"Primary Health Centre, Dharur",Primary Health Centre,Vikarabad,Dharoor,Dharur,17.306764,77.770062,,Primary Health Centre,100.0
TG-17-54,"Primary Health Centre, Doma",Primary Health Centre,Vikarabad,Doma,Doma,17.090519,77.836661,,Primary Health Centre,100.0
TG-17-12,"Primary Health Centre, Doulthabad",Primary Health Centre,Vikarabad,Doulthabad,Matoor,17.035708,77.551732,,Primary Health Centre,100.0
TG-17-40,"Primary Health Centre, Kotepally",Primary Health Centre,Vikarabad,Kotepally,Kotepally,17.38751,77.736803,,Primary Health Centre,100.0
TG-17-71,"Primary Health Centre, Mominpet",Primary Health Centre,Vikarabad,Mominpet,Mominpet,17.518028,77.892679,,Primary Health Centre,100.0
TG-17-35,"Primary Health Centre, Nagasamudram",Primary Health Centre,Vikarabad,Dharoor,Nagasamunder,17.35445,77.725286,,Primary Health Centre,100.0
TG-17-2,"Primary Health Centre, Navalga",Primary Health Centre,Vikarabad,Basheerabad,Navalga,17.204934,77.480414,,Primary Health Centre,100.0
TG-17-87,"Primary Health Centre, Nawabpet",Primary Health Centre,Vikarabad,Nawabpet,Nawabpet,17.426118,77.962979,,Primary Health Centre,100.0
TG-17-73,"Primary Health Centre, Patloor",Primary Health Centre,Vikarabad,Vikarabad,Vikarabad,17.336808,77.905485,,Primary Health Centre,100.0
TG-17-86,"Primary Health Centre, Pudur",Primary Health Centre,Vikarabad,Pudur,Pudur,17.265228,77.957603,,Primary Health Centre,100.0
TG-17-97,"Primary Health Centre, Siddaloor",Primary Health Centre,Vikarabad,Vikarabad,Sidloor Paigah,17.358729,77.99181,,Primary Health Centre,100.0
TG-17-15,"Primary Health Centre, Yalal",Primary Health Centre,Vikarabad,Yelal,Rasoolpur,17.228784,77.595074,,Primary Health Centre,100.0
TG-17-65,"Primary Health Centre,Kulkacherla",Primary Health Centre,Vikarabad,Kulkacharla,Kulkacharla,17.018228,77.877637,,Primary Health Centre,100.0
TG-18-955,"SubCentre, Somaram",Sub Centre,Vikarabad,Dharoor,Forest,17.3515,77.8396,,Health Sub Centre,100.0
TG-8-32,Government General Hospital,Teaching Hospital,Vikarabad,Vikarabad,Vikarabad,17.335647,77.907456,Director of Medical Education,Medical Colleges,100.0
TG-15-236,UPHC Tandur,Urban Primary Health Centre,Vikarabad,Tandur,Malreddipalle,17.262953,77.589866,,Urban Primary Health Centre,100.0
TG-15-235,UPHC Vikarabad,Urban Primary Health Centre,Vikarabad,Vikarabad,Kothagadi,17.369687,77.903464,,Urban Primary Health Centre,100.0
TG-13-456,Atmakur Town BDK,Basti Dawakhana,Wanaparthy,Atmakur,Atmakur,16.339123,77.809575,,Basti Dawakhana,100.0
TG-13-455,Mepma Govt Building,Basti Dawakhana,Wanaparthy,Wanaparthy,Wanaparthy,16.36217,78.056324,,Basti Dawakhana,100.0
TG-16-82,CHC Athmakur,Community Health Centre,Wanaparthy,Ghanpur,Kamaluddinpur,16.605901,78.025266,TVVP,Community Health Centre,100.0
TG-16-81,CHC Khilaghanpur,Community Health Centre,Wanaparthy,Ghanpur,Ghanpur,16.572308,78.050182,TVVP,Community Health Centre,100.0
TG-16-83,CHC Revally,Community Health Centre,Wanaparthy,Revally,Revally,16.370137,78.267367,TVVP,Community Health Centre,100.0
TG-16-80,CHC Veepangandla,Community Health Centre,Wanaparthy,Weepangandla,Weepangandla,16.117416,78.130186,TVVP,Community Health Centre,100.0
TG-17-98,PHC Srirangapur,Primary Health Centre,Wanaparthy,Pebbair,Pebbair,16.204852,77.995455,,Primary Health Centre,100.0
TG-17-81,"Primary HEalth Centre, Kothakota",Primary Health Centre,Wanaparthy,Kothakota,Kothakota,16.374617,77.941728,,Primary Health Centre,100.0
TG-17-72,"Primary Health Centre, Apparala",Primary Health Centre,Wanaparthy,Kothakota,Apparala,16.296913,77.898711,,Primary Health Centre,100.0
TG-17-110,"Primary Health Centre, Ghanpur",Primary Health Centre,Wanaparthy,Ghanpur,Ghanpur,16.57823,78.050552,,Primary Health Centre,100.0
TG-17-127,"Primary Health Centre, Gopalpet",Primary Health Centre,Wanaparthy,Gopalpet,Gopalpet,16.392568,78.142993,,Primary Health Centre,100.0
TG-17-88,"Primary Health Centre, Kadukuntla",Primary Health Centre,Wanaparthy,Kothakota,Rayanpet,16.324307,77.966191,,Primary Health Centre,100.0
TG-17-103,"Primary Health Centre, Kamaluddinpur",Primary Health Centre,Wanaparthy,Ghanpur,Kamaluddinpur,16.613542,78.022928,,Primary Health Centre,100.0
TG-17-69,"Primary Health Centre, Madnapur",Primary Health Centre,Wanaparthy,Madanapur,Madanapur,16.381366,77.88993,,Primary Health Centre,100.0
TG-17-120,"Primary Health Centre, PANGAL",Primary Health Centre,Wanaparthy,Pangal,Pangal,16.26427,78.118491,,Primary Health Centre,100.0
TG-17-96,"Primary Health Centre, Pebbair",Primary Health Centre,Wanaparthy,Pebbair,Pebbair,16.209689,77.99153,,Primary Health Centre,100.0
TG-17-101,"Primary Health Centre, Peddamandadi",Primary Health Centre,Wanaparthy,Peddamandaddi,Peddamandaddi,16.421052,78.018047,,Primary Health Centre,100.0
TG-17-64,"Primary Health Centre, Thipudampally",Primary Health Centre,Wanaparthy,Atmakur,Thippadampalle,16.292185,77.87613,,Primary Health Centre,100.0
TG-17-125,"Primary Health Centre, Veepangandla",Primary Health Centre,Wanaparthy,Weepangandla,Weepangandla,16.116499,78.13346,,Primary Health Centre,100.0
TG-8-25,Government General Hospital,Teaching Hospital,Wanaparthy,Wanaparthy,Wanaparthy,16.364819,78.064823,Director of Medical Education,Medical Colleges,100.0
TG-15-237,UPHC Gandhinagar,Urban Primary Health Centre,Wanaparthy,Wanaparthy,Wanaparthy,16.365376,78.077298,,Urban Primary Health Centre,100.0
TG-15-238,UPHC Peerlagutta,Urban Primary Health Centre,Wanaparthy,Wanaparthy,Wanaparthy,16.351058,78.059144,,Urban Primary Health Centre,100.0
TG-10-71,AH Wardhannapet,Area Hospital,Warangal,Wardhannapet,Wardhannapet,17.77399,79.57194,TVVP,Area Hospital,100.0
TG-13-457,Christain Colony Community Hall,Basti Dawakhana,Warangal,Geesugonda,Gorrekunta,17.976112,79.619644,,Basti Dawakhana,100.0
TG-13-458,Giriprasad Nagar Community Hall,Basti Dawakhana,Warangal,Khila Warangal,Thimmapur,17.946209,79.605242,,Basti Dawakhana,100.0
TG-13-410,Thattiannaram (Peddamberpet - HUA),Basti Dawakhana,Warangal,Duggondi,Adavi_Rangapur,17.928929,79.776055,,Basti Dawakhana,100.0
TG-17-539,Primary Health Centre Chennaraopet,Primary Health Centre,Warangal,Chennaraopet,Chennaraopet,17.867386,79.863108,,Primary Health Centre,100.0
TG-17-531,Primary Health Centre Duggondi,Primary Health Centre,Warangal,Duggondi,Duggondi,18.020642,79.806484,,Primary Health Centre,100.0
TG-17-521,Primary Health Centre Keshavapur,Primary Health Centre,Warangal,Duggondi,Keshwapur,18.051755,79.764641,,Primary Health Centre,100.0
TG-17-552,Primary Health Centre Khanapur,Primary Health Centre,Warangal,Khanapur,Khanapur,17.895604,79.92714,,Primary Health Centre,100.0
TG-17-534,"Primary Health Centre, Alankanipet",Primary Health Centre,Warangal,Nekkonda,Alamkhanipet,17.719829,79.831524,,Primary Health Centre,100.0
TG-17-541,"Primary Health Centre, Banojipet",Primary Health Centre,Warangal,Narsampet,Kammepalle,17.989483,79.867712,,Primary Health Centre,100.0
TG-17-508,"Primary Health Centre, Geesugonda",Primary Health Centre,Warangal,Geesugonda,Geesugonda,17.963236,79.696319,,Primary Health Centre,100.0
TG-17-554,"Primary Health Centre, Medapally",Primary Health Centre,Warangal,Nallabelli,Medapalle,18.030005,79.935185,,Primary Health Centre,100.0
TG-17-537,"Primary Health Centre, Nallabelly",Primary Health Centre,Warangal,Nallabelli,Nallabelli,18.036425,79.860626,,Primary Health Centre,100.0
TG-17-532,"Primary Health Centre, Nekkonda",Primary Health Centre,Warangal,Nekkonda,Nekkonda,17.790582,79.807436,,Primary Health Centre,100.0
TG-17-492,"Primary Health Centre, Paidipally",Primary Health Centre,Warangal,Warangal,Paidipally,18.019571,79.621259,,Primary Health Centre,100.0
TG-17-491,"Primary Health Centre, Raiparthy (w)",Primary Health Centre,Warangal,Raiparthy,Raiparthy,17.704665,79.613186,,Primary Health Centre,100.0
TG-17-512,"Primary Health Centre, Sangam",Primary Health Centre,Warangal,Sangem,Sangem,17.886467,79.708952,,Primary Health Centre,100.0
TG-18-533,SubCentre Mondrai,Sub Centre,Warangal,Sangem,Mondrai,17.905814,79.755409,,Health Sub Centre,100.0
TG-18-555,"SubCentre, Kondapur",Sub Centre,Warangal,Nallabelli,Forest,18.048238,79.986407,,Health Sub Centre,100.0
TG-8-15,Government C.K.M. Maternity Hospital,Teaching Hospital,Warangal,Warangal,Girmajipeta,17.977378,79.601198,Director of Medical Education,Medical Colleges,100.0
TG-8-46,Government General Hospital,Teaching Hospital,Warangal,Narsampet,Narsampet,17.932539,79.892132,Director of Medical Education,Medical Colleges,100.0
TG-8-16,Government Maternity Hospital,Teaching Hospital,Warangal,Khila Warangal,Urus,17.95432,79.594632,Director of Medical Education,Medical Colleges,100.0
TG-8-12,MGM Hospital,Teaching Hospital,Warangal,Warangal,Mattewada,17.990466,79.592843,Director of Medical Education,Medical Colleges,100.0
TG-8-13,Regional Eye Hospital,Teaching Hospital,Warangal,Warangal,Mattewada,17.993908,79.594772,Director of Medical Education,Medical Colleges,100.0
TG-15-267,Keerthinagar(UPHC),Urban Primary Health Centre,Warangal,Geesugonda,Gorrekunta,17.979602,79.631358,,Urban Primary Health Centre,100.0
TG-15-268,Rangshaipet(UPHC),Urban Primary Health Centre,Warangal,Khila Warangal,Rangasaipet,17.93979,79.59391,,Urban Primary Health Centre,100.0
TG-15-242,UPHC Chinthal,Urban Primary Health Centre,Warangal,Khila Warangal,Khila Warangal,17.969404,79.609773,,Urban Primary Health Centre,100.0
TG-15-240,UPHC Deshaipet,Urban Primary Health Centre,Warangal,Warangal,Deshaipeta,17.99988,79.61042,,Urban Primary Health Centre,100.0
TG-15-245,UPHC Fort Warangal,Urban Primary Health Centre,Warangal,Khila Warangal,Khila Warangal,17.949805,79.61227,,Urban Primary Health Centre,100.0
TG-15-239,UPHC Kashibugga,Urban Primary Health Centre,Warangal,Warangal,Laxmipur,17.98126,79.61567,,Urban Primary Health Centre,100.0
TG-15-244,UPHC Keerthi Nagar,Urban Primary Health Centre,Warangal,Geesugonda,Gorrekunta,17.979602,79.631358,,Urban Primary Health Centre,100.0
TG-15-241,UPHC Rangashaipet,Urban Primary Health Centre,Warangal,Khila Warangal,Rangasaipet,17.93979,79.59391,,Urban Primary Health Centre,100.0
TG-15-243,UPHC SRRThota,Urban Primary Health Centre,Warangal,Khila Warangal,Urus,17.971663,79.587457,,Urban Primary Health Centre,100.0
TG-10-73,AH Choutuppal,Area Hospital,Yadadri Bhuvanagiri,Choutuppal,Choutuppal,17.249082,78.894955,TVVP,Area Hospital,100.0
TG-10-72,AH Yadagirigutta,Area Hospital,Yadadri Bhuvanagiri,Alair,Sharajpet,17.627431,79.102942,TVVP,Area Hospital,100.0
TG-13-462,Choutuppal BDK,Basti Dawakhana,Yadadri Bhuvanagiri,Choutuppal,Choutuppal,17.249094,78.89648,,Basti Dawakhana,100.0
TG-13-460,Hanumanwada BDK,Basti Dawakhana,Yadadri Bhuvanagiri,Bhongiri,Bhongir,17.51433,78.902832,,Basti Dawakhana,100.0
TG-13-459,Jagdevpurgadda BDK,Basti Dawakhana,Yadadri Bhuvanagiri,Bhongiri,Hussainabad(Rural),17.521847,78.882527,,Basti Dawakhana,100.0
TG-13-461,Samad Chowratha BDK,Basti Dawakhana,Yadadri Bhuvanagiri,Bhongiri,Bhongir,17.507138,78.886688,,Basti Dawakhana,100.0
TG-16-85,CHC Alair,Community Health Centre,Yadadri Bhuvanagiri,Alair,Alair,17.648329,79.059815,TVVP,Community Health Centre,100.0
TG-16-84,CHC Ramannapet,Community Health Centre,Yadadri Bhuvanagiri,Ramannapet,Ramannapeta,17.286412,79.093606,TVVP,Community Health Centre,100.0
TG-17-436,"Primary Health Centre, Addagudur",Primary Health Centre,Yadadri Bhuvanagiri,Addagudur,Addagudur,17.398169,79.378663,,Primary Health Centre,100.0
TG-17-384,"Primary Health Centre, Athmakur (M)",Primary Health Centre,Yadadri Bhuvanagiri,Athmakur (M),Athmakur (M),17.467185,79.137595,,Primary Health Centre,100.0
TG-17-286,"Primary Health Centre, B.Ramaram",Primary Health Centre,Yadadri Bhuvanagiri,Bommalaramaram,Bommalaramaram,17.565316,78.742022,,Primary Health Centre,100.0
TG-17-300,"Primary Health Centre, Bibinagar",Primary Health Centre,Yadadri Bhuvanagiri,Bibinagar,Bibinagar,17.469857,78.793752,,Primary Health Centre,100.0
TG-17-334,"Primary Health Centre, Bollepally",Primary Health Centre,Yadadri Bhuvanagiri,Bhongiri,Bolle Palle,17.405474,78.922272,,Primary Health Centre,100.0
TG-17-415,"Primary Health Centre, Gundala",Primary Health Centre,Yadadri Bhuvanagiri,Gundala,Gundala,17.504848,79.292426,,Primary Health Centre,100.0
TG-17-293,"Primary Health Centre, Kondamadugu",Primary Health Centre,Yadadri Bhuvanagiri,Bibinagar,Kondamadugu,17.488413,78.767278,,Primary Health Centre,100.0
TG-17-359,"Primary Health Centre, Motakondur",Primary Health Centre,Yadadri Bhuvanagiri,Motakondur,Motakondur,17.545509,79.049498,,Primary Health Centre,100.0
TG-17-413,"Primary Health Centre, Mothkur",Primary Health Centre,Yadadri Bhuvanagiri,Mothkur,Mothkur,17.457346,79.270954,,Primary Health Centre,100.0
TG-17-387,"Primary Health Centre, Munipampula",Primary Health Centre,Yadadri Bhuvanagiri,Ramannapet,Munipampula,17.323293,79.165312,,Primary Health Centre,100.0
TG-17-326,"Primary Health Centre, Narayanpur",Primary Health Centre,Yadadri Bhuvanagiri,Narayanapoor,Narayanapoor,17.166833,78.883732,,Primary Health Centre,100.0
TG-17-307,"Primary Health Centre, Pochampally",Primary Health Centre,Yadadri Bhuvanagiri,B.Pochampally,Pochampalle,17.341344,78.814993,,Primary Health Centre,100.0
TG-17-333,"Primary Health Centre, Rajapet",Primary Health Centre,Yadadri Bhuvanagiri,Rajapeta,Rajapet,17.728231,78.918841,,Primary Health Centre,100.0
TG-17-378,"Primary Health Centre, Sharajpet",Primary Health Centre,Yadadri Bhuvanagiri,Alair,Sharajpet,17.628483,79.104925,,Primary Health Centre,100.0
TG-17-328,"Primary Health Centre, Tangadapally",Primary Health Centre,Yadadri Bhuvanagiri,Choutuppal,Thangadapally,17.23347,78.894223,,Primary Health Centre,100.0
TG-17-315,"Primary Health Centre, Thurkapally",Primary Health Centre,Yadadri Bhuvanagiri,Turkapalle_M,Mannevari Turkapalle,17.656467,78.829271,,Primary Health Centre,100.0
TG-17-353,"Primary Health Centre, Valigonda",Primary Health Centre,Yadadri Bhuvanagiri,Valigonda,Voligonda,17.374714,79.020183,,Primary Health Centre,100.0
TG-17-340,"Primary Health Centre, Varkatpally",Primary Health Centre,Yadadri Bhuvanagiri,Valigonda,Verkatpalle,17.338114,78.943552,,Primary Health Centre,100.0
TG-17-360,"Primary Health Centre, Velivarthy",Primary Health Centre,Yadadri Bhuvanagiri,Valigonda,Velvarthy,17.405989,79.050901,,Primary Health Centre,100.0
TG-17-382,"Primary Health Centre, Vemulakonda",Primary Health Centre,Yadadri Bhuvanagiri,Valigonda,Venkatapur,17.369854,79.123982,,Primary Health Centre,100.0
TG-17-343,"Primary Health Centre, Yadagirigutta",Primary Health Centre,Yadadri Bhuvanagiri,Yadagirigutta,Yadagiripally,17.595062,78.952392,,Primary Health Centre,100.0
TG-18-693,SubCentre Seetharampur,Sub Centre,Yadadri Bhuvanagiri,Gundala,Seetarampur,17.550923,79.243705,,Health Sub Centre,100.0
TG-18-865,"SubCentre, KATEPALLY",Sub Centre,Yadadri Bhuvanagiri,Motakondur,Chada,17.486908,79.048262,,Health Sub Centre,100.0
TG-8-47,Government General Hospital,Teaching Hospital,Yadadri Bhuvanagiri,Bhongiri,Bhongir,17.512171,78.882676,Director of Medical Education,Medical Colleges,100.0
TG-15-246,UPHC Bhongir,Urban Primary Health Centre,Yadadri Bhuvanagiri,Bhongiri,Bhongir,17.526274,78.89811,,Urban Primary Health Centre,100.0
